{
  "sl_no": 235,
  "match_info": {
    "center": "live_locate:intersect:New Dover Road x Old Dover Roa",
    "zoom": 18,
    "rotation": 0,
    "n_inliers": 24,
    "score": 12.09,
    "scale_factor": 0.72,
    "avg_scale": 0.9424,
    "window": [
      458,
      1374
    ],
    "center_latlon": [
      51.10193604992308,
      1.2269225658396863
    ],
    "anchor_latlon": [
      51.1015,
      1.23
    ],
    "_inlier_pts_map": [
      [
        357.0,
        420.5
      ],
      [
        327.25,
        450.5357142857143
      ],
      [
        357.0,
        450.5357142857143
      ],
      [
        386.75,
        450.5357142857143
      ],
      [
        416.5,
        450.5357142857143
      ],
      [
        327.25,
        480.57142857142856
      ],
      [
        357.0,
        480.57142857142856
      ],
      [
        386.75,
        480.57142857142856
      ],
      [
        416.5,
        480.57142857142856
      ],
      [
        446.25,
        480.57142857142856
      ],
      [
        327.25,
        510.60714285714283
      ],
      [
        357.0,
        510.60714285714283
      ],
      [
        386.75,
        510.60714285714283
      ],
      [
        416.5,
        510.60714285714283
      ],
      [
        327.25,
        540.6428571428571
      ],
      [
        357.0,
        540.6428571428571
      ],
      [
        386.75,
        540.6428571428571
      ],
      [
        416.5,
        540.6428571428571
      ],
      [
        446.25,
        540.6428571428571
      ],
      [
        416.5,
        570.6785714285714
      ],
      [
        2052.75,
        750.8928571428571
      ],
      [
        2082.5,
        750.8928571428571
      ],
      [
        2112.25,
        750.8928571428571
      ],
      [
        2082.5,
        780.9285714285714
      ]
    ],
    "_rot_map_shape": [
      1682,
      2380
    ]
  },
  "processing_time": 396.80508399009705,
  "agent_accepted": true,
  "agent_reason": "[accepted] The site plan shows two distinct parcels of land south of New Dover Road (A20) near Capel-le-Ferne. Two match attempts were made using grid references and road ",
  "agent_stats": {
    "position_calls": 1,
    "pdf_info": {
      "site_address": "Land to the south of New Dover Road (A20), in the Parishes of Capel-Le-Ferne / Hougham, District of Dover.",
      "postcodes": [],
      "grid_refs": [
        "TR 272384",
        "TR 2638"
      ],
      "scale": "1:2500",
      "map_pages": [
        7
      ],
      "map_page_details": [
        {
          "page": 7,
          "category": "match",
          "area_group": 0,
          "boundary_clarity": "clear",
          "detail_level": "close",
          "caption": "Site plan showing two parcels of land south of New Dover Road (A20) in Capel-le-Ferne and Hougham."
        }
      ],
      "road_names": [
        "New Dover Road",
        "A20 Trunk Road",
        "Old Dover Road"
      ],
      "place_names": [
        "Folkestone Warren SSSI",
        "The Warren",
        "Abbot's Land Farm Cottages",
        "The Royal Oak (PH)",
        "Caravan Park",
        "Cliff",
        "Shingle"
      ],
      "is_district_wide": false,
      "district_name": "Dover District, Kent, UK",
      "house_number_road_pairs": [],
      "parish_names": [
        "Capel-le-Ferne",
        "Hougham Without",
        "Hougham"
      ],
      "admin_region": "Dover",
      "likely_town_or_city": "Capel-le-Ferne",
      "visible_map_labels": [
        "NEW DOVER ROAD (A20)",
        "OLD DOVER ROAD",
        "The Warren",
        "The Royal Oak (PH)",
        "Abbot's Land Farm Cottages",
        "Caravan Park",
        "Cliff",
        "Shingle",
        "Rock"
      ],
      "adjacency_hints": [
        "Folkestone Warren Site of Special Scientific Interest",
        "North Downs Way",
        "A20 Trunk Road",
        "existing caravan site"
      ]
    },
    "reader_request_tokens": 7140,
    "reader_response_tokens": 437,
    "outcome_status": "accepted",
    "outcome_reasoning": "The site plan shows two distinct parcels of land south of New Dover Road (A20) near Capel-le-Ferne. Two match attempts were made using grid references and road intersections. The second attempt (candidate_id 4) yielded 24 inliers with good scale consistency (0.88) and strong road name agreement (New Dover Road and Old Dover Road). Although the inlier count is just below the 'WEAK' threshold, the scale and road agreement confirm the location is correct, and the segmentation successfully identified the two parcels. I have committed this match to produce the final GeoJSON.",
    "rotation_checked": true,
    "tool_calls": {
      "propose_centers": 2,
      "match_at": 2,
      "commit_match": 1,
      "final_result": 1
    },
    "total_tool_calls": 6,
    "n_turns": 13,
    "validator_retries": 0,
    "worker_request_tokens": 32295,
    "worker_response_tokens": 456,
    "request_tokens": 39435,
    "response_tokens": 893,
    "total_tokens": 40328,
    "critic": {
      "n_rejections": 0,
      "iterations": [
        {
          "iter_idx": 0,
          "action": "approve",
          "chosen_candidate_id": 4,
          "reasoning": "Candidate 4 correctly identifies the location south of New Dover Road (A20) near Capel-le-Ferne. The red projected polygons align perfectly with the footprint of the two shaded green sites on the planning map, positioned between the road to the north and the distinctive cliff coastline/rail line to the south.",
          "wall_s": 2.7,
          "llm_error": null
        }
      ],
      "tokens": {
        "request": 5233,
        "response": 95
      }
    }
  },
  "valid_ground_truth": true,
  "valid_prediction": true,
  "validation_error": null,
  "iou": 0.0,
  "precision": 0.0,
  "recall": 0.0,
  "f1_score": 0.0,
  "positioning_error_m": 478.47881498395924,
  "worker_first_iou": 0.0,
  "worker_first_metrics": {
    "valid_ground_truth": true,
    "valid_prediction": true,
    "validation_error": null,
    "iou": 0.0,
    "precision": 0.0,
    "recall": 0.0,
    "f1_score": 0.0,
    "positioning_error_m": 478.47881498395924
  }
}