{
  "sl_no": 240,
  "match_info": {
    "center": "live_locate:place:Milborne St Andrew",
    "zoom": 18,
    "rotation": 0,
    "n_inliers": 31,
    "score": 13.29,
    "scale_factor": 0.715,
    "avg_scale": 0.8758,
    "window": [
      1290,
      1720
    ],
    "center_latlon": [
      50.776768541171286,
      -2.2815980873500905
    ],
    "anchor_latlon": [
      50.7778707370307,
      -2.28200868600989
    ],
    "_inlier_pts_map": [
      [
        843.5714285714287,
        355.0875
      ],
      [
        864.6607142857143,
        375.97499999999997
      ],
      [
        843.5714285714287,
        710.175
      ],
      [
        843.5714285714287,
        731.0625
      ],
      [
        864.6607142857143,
        731.0625
      ],
      [
        822.4821428571429,
        751.9499999999999
      ],
      [
        843.5714285714287,
        751.9499999999999
      ],
      [
        864.6607142857143,
        751.9499999999999
      ],
      [
        822.4821428571429,
        772.8375
      ],
      [
        843.5714285714287,
        772.8375
      ],
      [
        864.6607142857143,
        772.8375
      ],
      [
        822.4821428571429,
        793.725
      ],
      [
        843.5714285714287,
        814.6125
      ],
      [
        864.6607142857143,
        814.6125
      ],
      [
        885.75,
        814.6125
      ],
      [
        906.8392857142858,
        814.6125
      ],
      [
        927.9285714285714,
        814.6125
      ],
      [
        843.5714285714287,
        835.5
      ],
      [
        864.6607142857143,
        835.5
      ],
      [
        885.75,
        835.5
      ],
      [
        906.8392857142858,
        835.5
      ],
      [
        927.9285714285714,
        835.5
      ],
      [
        864.6607142857143,
        856.3874999999999
      ],
      [
        885.75,
        856.3874999999999
      ],
      [
        906.8392857142858,
        856.3874999999999
      ],
      [
        927.9285714285714,
        856.3874999999999
      ],
      [
        885.75,
        877.275
      ],
      [
        906.8392857142858,
        877.275
      ],
      [
        864.6607142857143,
        898.1625
      ],
      [
        885.75,
        898.1625
      ],
      [
        885.75,
        939.9375
      ]
    ],
    "_rot_map_shape": [
      1671,
      1181
    ]
  },
  "processing_time": 232.18359780311584,
  "agent_accepted": true,
  "agent_reason": "[accepted] The map shows the village of Milborne St Andrew in Dorset, identifiable by the church, school, and the distinctive circular earthwork (The Rings) to the east. T",
  "agent_stats": {
    "position_calls": 1,
    "pdf_info": {
      "site_address": "Unknown site address",
      "postcodes": [],
      "grid_refs": [],
      "scale": null,
      "map_pages": [
        1
      ],
      "map_page_details": [
        {
          "page": 1,
          "category": "match",
          "area_group": 0,
          "boundary_clarity": "clear",
          "detail_level": "medium",
          "caption": "Site plan showing a large boundary around a village or town centre area."
        }
      ],
      "road_names": [],
      "place_names": [],
      "is_district_wide": false,
      "district_name": null,
      "house_number_road_pairs": [],
      "parish_names": [],
      "admin_region": null,
      "likely_town_or_city": null,
      "visible_map_labels": [
        "Church",
        "P.H.",
        "School",
        "Rectory"
      ],
      "adjacency_hints": []
    },
    "outcome_status": "accepted",
    "outcome_reasoning": "The map shows the village of Milborne St Andrew in Dorset, identifiable by the church, school, and the distinctive circular earthwork (The Rings) to the east. Two attempts were made to position the map. The first attempt at the village centroid (50.7779, -2.2820) yielded 31 inliers with a scale consistency of 0.77. The second attempt at the school yielded fewer inliers (25). Therefore, the first candidate was committed as the best available match.",
    "rotation_checked": false,
    "tool_calls": {
      "submit_pdf_info": 2,
      "propose_centers": 2,
      "match_at": 2,
      "commit_match": 1,
      "final_result": 1
    },
    "total_tool_calls": 8,
    "n_turns": 17,
    "validator_retries": 1,
    "worker_request_tokens": 67185,
    "worker_response_tokens": 669,
    "request_tokens": 67185,
    "response_tokens": 669,
    "total_tokens": 67854
  },
  "valid_ground_truth": true,
  "valid_prediction": true,
  "validation_error": null,
  "iou": 0.0,
  "precision": 0.0,
  "recall": 0.0,
  "f1_score": 0.0,
  "positioning_error_m": 178188.49298991423
}