{
  "sl_no": 250,
  "match_info": {
    "center": "live_locate:place:Ripple Road section",
    "zoom": 17,
    "rotation": 0,
    "n_inliers": 145,
    "score": 64.09,
    "scale_factor": 0.424,
    "avg_scale": 0.9997,
    "window": [
      411,
      685
    ],
    "center_latlon": [
      51.19370102021571,
      1.3788363397187027
    ],
    "anchor_latlon": [
      51.1946755727051,
      1.38351478997545
    ],
    "_inlier_pts_map": [
      [
        575.8214285714286,
        74.36250000000001
      ],
      [
        600.8571428571429,
        74.36250000000001
      ],
      [
        550.7857142857142,
        99.15
      ],
      [
        575.8214285714286,
        99.15
      ],
      [
        600.8571428571429,
        99.15
      ],
      [
        500.71428571428567,
        123.9375
      ],
      [
        525.75,
        123.9375
      ],
      [
        550.7857142857142,
        123.9375
      ],
      [
        575.8214285714286,
        123.9375
      ],
      [
        600.8571428571429,
        123.9375
      ],
      [
        625.8928571428571,
        123.9375
      ],
      [
        525.75,
        148.72500000000002
      ],
      [
        550.7857142857142,
        148.72500000000002
      ],
      [
        575.8214285714286,
        148.72500000000002
      ],
      [
        600.8571428571429,
        148.72500000000002
      ],
      [
        625.8928571428571,
        148.72500000000002
      ],
      [
        1251.7857142857142,
        148.72500000000002
      ],
      [
        1301.857142857143,
        148.72500000000002
      ],
      [
        525.75,
        173.51250000000002
      ],
      [
        550.7857142857142,
        173.51250000000002
      ],
      [
        575.8214285714286,
        173.51250000000002
      ],
      [
        600.8571428571429,
        173.51250000000002
      ],
      [
        625.8928571428571,
        173.51250000000002
      ],
      [
        650.9285714285714,
        173.51250000000002
      ],
      [
        1226.75,
        173.51250000000002
      ],
      [
        1276.8214285714284,
        173.51250000000002
      ],
      [
        1326.892857142857,
        173.51250000000002
      ],
      [
        550.7857142857142,
        198.3
      ],
      [
        575.8214285714286,
        198.3
      ],
      [
        600.8571428571429,
        198.3
      ],
      [
        625.8928571428571,
        198.3
      ],
      [
        650.9285714285714,
        198.3
      ],
      [
        1201.7142857142858,
        198.3
      ],
      [
        1226.75,
        198.3
      ],
      [
        550.7857142857142,
        223.0875
      ],
      [
        575.8214285714286,
        223.0875
      ],
      [
        600.8571428571429,
        223.0875
      ],
      [
        625.8928571428571,
        223.0875
      ],
      [
        650.9285714285714,
        223.0875
      ],
      [
        1201.7142857142858,
        223.0875
      ],
      [
        1226.75,
        223.0875
      ],
      [
        1251.7857142857142,
        223.0875
      ],
      [
        1276.8214285714284,
        223.0875
      ],
      [
        550.7857142857142,
        247.875
      ],
      [
        575.8214285714286,
        247.875
      ],
      [
        600.8571428571429,
        247.875
      ],
      [
        625.8928571428571,
        247.875
      ],
      [
        650.9285714285714,
        247.875
      ],
      [
        675.9642857142857,
        247.875
      ],
      [
        1176.6785714285713,
        247.875
      ],
      [
        1201.7142857142858,
        247.875
      ],
      [
        1226.75,
        247.875
      ],
      [
        1251.7857142857142,
        247.875
      ],
      [
        1276.8214285714284,
        247.875
      ],
      [
        1301.857142857143,
        247.875
      ],
      [
        550.7857142857142,
        272.6625
      ],
      [
        575.8214285714286,
        272.6625
      ],
      [
        600.8571428571429,
        272.6625
      ],
      [
        625.8928571428571,
        272.6625
      ],
      [
        650.9285714285714,
        272.6625
      ],
      [
        675.9642857142857,
        272.6625
      ],
      [
        1176.6785714285713,
        272.6625
      ],
      [
        1201.7142857142858,
        272.6625
      ],
      [
        1226.75,
        272.6625
      ],
      [
        1251.7857142857142,
        272.6625
      ],
      [
        1276.8214285714284,
        272.6625
      ],
      [
        1301.857142857143,
        272.6625
      ],
      [
        575.8214285714286,
        297.45000000000005
      ],
      [
        600.8571428571429,
        297.45000000000005
      ],
      [
        625.8928571428571,
        297.45000000000005
      ],
      [
        650.9285714285714,
        297.45000000000005
      ],
      [
        675.9642857142857,
        297.45000000000005
      ],
      [
        701.0,
        297.45000000000005
      ],
      [
        1126.607142857143,
        297.45000000000005
      ],
      [
        1151.642857142857,
        297.45000000000005
      ],
      [
        1176.6785714285713,
        297.45000000000005
      ],
      [
        1226.75,
        297.45000000000005
      ],
      [
        1251.7857142857142,
        297.45000000000005
      ],
      [
        1276.8214285714284,
        297.45000000000005
      ],
      [
        600.8571428571429,
        322.2375
      ],
      [
        625.8928571428571,
        322.2375
      ],
      [
        650.9285714285714,
        322.2375
      ],
      [
        675.9642857142857,
        322.2375
      ],
      [
        701.0,
        322.2375
      ],
      [
        776.1071428571428,
        322.2375
      ],
      [
        1126.607142857143,
        322.2375
      ],
      [
        1151.642857142857,
        322.2375
      ],
      [
        1176.6785714285713,
        322.2375
      ],
      [
        1201.7142857142858,
        322.2375
      ],
      [
        1226.75,
        322.2375
      ],
      [
        600.8571428571429,
        347.02500000000003
      ],
      [
        625.8928571428571,
        347.02500000000003
      ],
      [
        650.9285714285714,
        347.02500000000003
      ],
      [
        675.9642857142857,
        347.02500000000003
      ],
      [
        701.0,
        347.02500000000003
      ],
      [
        1201.7142857142858,
        347.02500000000003
      ],
      [
        1226.75,
        347.02500000000003
      ],
      [
        675.9642857142857,
        371.8125
      ],
      [
        1176.6785714285713,
        371.8125
      ],
      [
        1201.7142857142858,
        371.8125
      ],
      [
        1226.75,
        371.8125
      ],
      [
        701.0,
        396.6
      ],
      [
        701.0,
        421.38750000000005
      ],
      [
        125.17857142857142,
        743.625
      ],
      [
        125.17857142857142,
        768.4125
      ],
      [
        150.21428571428572,
        768.4125
      ],
      [
        175.25,
        768.4125
      ],
      [
        150.21428571428572,
        793.2
      ],
      [
        175.25,
        793.2
      ],
      [
        150.21428571428572,
        842.7750000000001
      ],
      [
        175.25,
        842.7750000000001
      ],
      [
        200.28571428571428,
        842.7750000000001
      ],
      [
        150.21428571428572,
        867.5625
      ],
      [
        175.25,
        867.5625
      ],
      [
        200.28571428571428,
        867.5625
      ],
      [
        175.25,
        892.35
      ],
      [
        200.28571428571428,
        892.35
      ],
      [
        225.32142857142856,
        892.35
      ],
      [
        250.35714285714283,
        892.35
      ],
      [
        200.28571428571428,
        917.1375
      ],
      [
        250.35714285714283,
        917.1375
      ],
      [
