{
  "sl_no": 224,
  "match_info": {
    "center": "live_locate:place:Beesonend Lane",
    "zoom": 17,
    "rotation": 0,
    "n_inliers": 25,
    "score": 10.71,
    "scale_factor": 0.43,
    "avg_scale": 1.0157,
    "window": [
      595,
      595
    ],
    "center_latlon": [
      51.79599413669004,
      -0.35292798372046263
    ],
    "anchor_latlon": [
      51.7938124272456,
      -0.353646772125471
    ],
    "_inlier_pts_map": [
      [
        289.5535714285714,
        285.2
      ],
      [
        302.1428571428571,
        285.2
      ],
      [
        239.19642857142856,
        297.6
      ],
      [
        276.9642857142857,
        297.6
      ],
      [
        289.5535714285714,
        297.6
      ],
      [
        302.1428571428571,
        297.6
      ],
      [
        314.73214285714283,
        297.6
      ],
      [
        289.5535714285714,
        310.0
      ],
      [
        302.1428571428571,
        310.0
      ],
      [
        314.73214285714283,
        310.0
      ],
      [
        327.32142857142856,
        310.0
      ],
      [
        276.9642857142857,
        322.40000000000003
      ],
      [
        302.1428571428571,
        322.40000000000003
      ],
      [
        314.73214285714283,
        322.40000000000003
      ],
      [
        327.32142857142856,
        322.40000000000003
      ],
      [
        276.9642857142857,
        334.8
      ],
      [
        289.5535714285714,
        334.8
      ],
      [
        302.1428571428571,
        334.8
      ],
      [
        314.73214285714283,
        334.8
      ],
      [
        289.5535714285714,
        347.2
      ],
      [
        302.1428571428571,
        347.2
      ],
      [
        314.73214285714283,
        347.2
      ],
      [
        289.5535714285714,
        359.6
      ],
      [
        289.5535714285714,
        372.0
      ],
      [
        276.9642857142857,
        719.2
      ]
    ],
    "_rot_map_shape": [
      992,
      705
    ]
  },
  "processing_time": 172.97879195213318,
  "agent_accepted": true,
  "agent_reason": "[accepted] The document defines an Article 4 Direction for Beesonend Cottages. Page 4 contains the site plan at 1:2500 scale. Two candidates were tested: the first at the ",
  "agent_stats": {
    "position_calls": 1,
    "pdf_info": {
      "site_address": "Nos 1-6 Beesonend Cottages, Redbourn Parish",
      "postcodes": [
        "AL1 3JE"
      ],
      "grid_refs": [],
      "scale": "1:2500",
      "map_pages": [
        4
      ],
      "map_page_details": [
        {
          "page": 1,
          "category": "discard",
          "area_group": -1,
          "boundary_clarity": "none",
          "detail_level": "wide",
          "caption": "Article 4 Direction text for St. Albans, Beesonend"
        },
        {
          "page": 2,
          "category": "discard",
          "area_group": -1,
          "boundary_clarity": "none",
          "detail_level": "wide",
          "caption": "First Schedule - list of permitted development classes removed"
        },
        {
          "page": 3,
          "category": "discard",
          "area_group": -1,
          "boundary_clarity": "none",
          "detail_level": "wide",
          "caption": "Second Schedule - site description and signatures"
        },
        {
          "page": 4,
          "category": "match",
          "area_group": 0,
          "boundary_clarity": "clear",
          "detail_level": "medium",
          "caption": "Site plan showing Article 4 boundary around Beesonend Cottages at 1:2500 scale"
        }
      ],
      "road_names": [
        "Beesonend Lane"
      ],
      "place_names": [
        "Beesonend",
        "Beesonend Cottages",
        "Harpenden Common"
      ],
      "is_district_wide": false,
      "district_name": null,
      "house_number_road_pairs": [],
      "parish_names": [
        "Redbourn"
      ],
      "admin_region": null,
      "likely_town_or_city": null,
      "visible_map_labels": [
        "Beesonend Lane",
        "Beesonend Cottages",
        "Harpenden Common",
        "Article 4 Boundary"
      ],
      "adjacency_hints": []
    },
    "outcome_status": "accepted",
    "outcome_reasoning": "The document defines an Article 4 Direction for Beesonend Cottages. Page 4 contains the site plan at 1:2500 scale. Two candidates were tested: the first at the eastern end of Beesonend Lane (candidate 0) and the second further west (candidate 1). Candidate 0 yielded 25 inliers with excellent scale consistency (0.97) and perfect road name agreement (Beesonend Lane). Candidate 1 performed worse (11 inliers). Although 25 inliers is on the lower end of the 'WEAK' tier, the high scale consistency and road agreement confirm the location is correct. The boundary was successfully projected from page 4.",
    "rotation_checked": false,
    "tool_calls": {
      "submit_pdf_info": 1,
      "propose_centers": 2,
      "match_at": 2,
      "commit_match": 1,
      "final_result": 1
    },
    "total_tool_calls": 7,
    "n_turns": 15,
    "validator_retries": 0,
    "worker_request_tokens": 62248,
    "worker_response_tokens": 794,
    "request_tokens": 62248,
    "response_tokens": 794,
    "total_tokens": 63042
  },
  "valid_ground_truth": true,
  "valid_prediction": true,
  "validation_error": null,
  "iou": 0.0,
  "precision": 0.0,
  "recall": 0.0,
  "f1_score": 0.0,
  "positioning_error_m": 87.5683410622596
}