{
  "sl_no": 233,
  "match_info": {
    "center": "live_locate:place:Kingsdown Road_refined",
    "zoom": 16,
    "rotation": 0,
    "n_inliers": 69,
    "score": 29.22,
    "scale_factor": 0.761,
    "avg_scale": 1.1729,
    "window": [
      585,
      0
    ],
    "center_latlon": [
      51.154454956012145,
      1.376984264442001
    ],
    "anchor_latlon": [
      51.1562953284347,
      1.37315130021419
    ],
    "_inlier_pts_map": [
      [
        857.25,
        220.15
      ],
      [
        762.0,
        345.95
      ],
      [
        730.25,
        377.4
      ],
      [
        762.0,
        377.4
      ],
      [
        666.75,
        408.84999999999997
      ],
      [
        698.5,
        408.84999999999997
      ],
      [
        730.25,
        408.84999999999997
      ],
      [
        762.0,
        408.84999999999997
      ],
      [
        793.75,
        408.84999999999997
      ],
      [
        603.25,
        440.3
      ],
      [
        666.75,
        440.3
      ],
      [
        698.5,
        440.3
      ],
      [
        730.25,
        440.3
      ],
      [
        762.0,
        440.3
      ],
      [
        730.25,
        471.75
      ],
      [
        762.0,
        471.75
      ],
      [
        793.75,
        534.65
      ],
      [
        603.25,
        597.55
      ],
      [
        635.0,
        597.55
      ],
      [
        603.25,
        629.0
      ],
      [
        635.0,
        629.0
      ],
      [
        666.75,
        629.0
      ],
      [
        1079.5,
        629.0
      ],
      [
        635.0,
        660.4499999999999
      ],
      [
        1047.75,
        660.4499999999999
      ],
      [
        635.0,
        691.9
      ],
      [
        984.25,
        691.9
      ],
      [
        1016.0,
        691.9
      ],
      [
        1047.75,
        691.9
      ],
      [
        984.25,
        723.35
      ],
      [
        1333.5,
        912.05
      ],
      [
        1365.25,
        912.05
      ],
      [
        1333.5,
        943.5
      ],
      [
        1365.25,
        943.5
      ],
      [
        1301.75,
        974.9499999999999
      ],
      [
        1333.5,
        974.9499999999999
      ],
      [
        603.25,
        1006.4
      ],
      [
        571.5,
        1037.85
      ],
      [
        603.25,
        1037.85
      ],
      [
        635.0,
        1037.85
      ],
      [
        793.75,
        1037.85
      ],
      [
        793.75,
        1069.3
      ],
      [
        825.5,
        1069.3
      ],
      [
        889.0,
        1069.3
      ],
      [
        539.75,
        1100.75
      ],
      [
        793.75,
        1100.75
      ],
      [
        825.5,
        1100.75
      ],
      [
        857.25,
        1100.75
      ],
      [
        571.5,
        1163.6499999999999
      ],
      [
        603.25,
        1226.55
      ],
      [
        666.75,
        1320.8999999999999
      ],
      [
        698.5,
        1320.8999999999999
      ],
      [
        730.25,
        1320.8999999999999
      ],
      [
        698.5,
        1352.35
      ],
      [
        635.0,
        1383.8
      ],
      [
        666.75,
        1383.8
      ],
      [
        666.75,
        1415.25
      ],
      [
        1270.0,
        1415.25
      ],
      [
        666.75,
        1446.7
      ],
      [
        698.5,
        1446.7
      ],
      [
        793.75,
        1446.7
      ],
      [
        857.25,
        1446.7
      ],
      [
        635.0,
        1478.1499999999999
      ],
      [
        666.75,
        1478.1499999999999
      ],
      [
        698.5,
        1478.1499999999999
      ],
      [
        762.0,
        1478.1499999999999
      ],
      [
        857.25,
        1478.1499999999999
      ],
      [
        666.75,
        1509.6
      ],
      [
        730.25,
        1509.6
      ]
    ],
    "_rot_map_shape": [
      2516,
      1778
    ]
  },
  "processing_time": 164.33941006660461,
  "agent_accepted": true,
  "agent_reason": "[accepted] The planning boundary was identified on page 1, showing land adjoining Hogs Bush on Kingsdown Road in St. Margaret's at Cliffe. Two positioning attempts were ma",
  "agent_stats": {
    "position_calls": 1,
    "pdf_info": {
      "site_address": "Land adjoining Hogs Bush, Kingsdown Road, St. Margarets at Cliffe",
      "postcodes": [],
      "grid_refs": [
        "TR 34 SE.SW"
      ],
      "scale": "1:10560",
      "map_pages": [
        1
      ],
      "map_page_details": [
        {
          "page": 1,
          "category": "match",
          "area_group": 0,
          "boundary_clarity": "clear",
          "detail_level": "medium",
          "caption": "Site plan showing land adjoining Hogs Bush, Kingsdown Road, St. Margarets at Cliffe coloured pink."
        },
        {
          "page": 2,
          "category": "discard",
          "area_group": -1,
          "boundary_clarity": "none",
          "detail_level": "wide",
          "caption": "Text page: Article 4 Direction details and schedule."
        },
        {
          "page": 3,
          "category": "discard",
          "area_group": -1,
          "boundary_clarity": "none",
          "detail_level": "wide",
          "caption": "Text page: Secretary of State approval."
        }
      ],
      "road_names": [
        "Kingsdown Road",
        "St. Margaret's Road",
        "Nelson Park Road",
        "Dover Road",
        "Station Road"
      ],
      "place_names": [
        "Hogs Bush",
        "St. Margaret's at Cliffe",
        "East Hill",
        "Barrow Mount",
        "Bockell Hill",
        "Bay Hill",
        "St. Margaret's Bay",
        "Old Bottom Free Down",
        "Cliffe Place"
      ],
      "is_district_wide": false,
      "district_name": "Dover District, Kent, UK",
      "house_number_road_pairs": [],
      "parish_names": [
        "St. Margaret's-at-Cliffe"
      ],
      "admin_region": "Dover",
      "likely_town_or_city": "St. Margaret's at Cliffe",
      "visible_map_labels": [
        "Hogs Bush",
        "Kingsdown Road",
        "St. Margaret's Road",
        "Nelson Park Road",
        "Dover Road",
        "Station Road",
        "East Hill",
        "Barrow Mount",
        "Bockell Hill",
        "Bay Hill",
        "St. Margaret's Bay",
        "Old Bottom Free Down",
        "Cliffe Place"
      ],
      "adjacency_hints": [
        "Hogs Bush",
        "Kingsdown Road"
      ]
    },
    "outcome_status": "accepted",
    "outcome_reasoning": "The planning boundary was identified on page 1, showing land adjoining Hogs Bush on Kingsdown Road in St. Margaret's at Cliffe. Two positioning attempts were made. The second attempt (candidate_id 1) yielded 69 inliers with strong road name agreement (0.8) and consistent scale (0.73) for a 1:10560 map. This candidate was committed as it provided the best fit for the site location between the village and the coast.",
    "rotation_checked": false,
    "tool_calls": {
      "submit_pdf_info": 1,
      "propose_centers": 2,
      "match_at": 2,
      "commit_match": 1,
      "final_result": 1
    },
    "total_tool_calls": 7,
    "n_turns": 15,
    "validator_retries": 0,
    "worker_request_tokens": 61819,
    "worker_response_tokens": 926,
    "request_tokens": 61819,
    "response_tokens": 926,
    "total_tokens": 62745
  },
  "valid_ground_truth": true,
  "valid_prediction": true,
  "validation_error": null,
  "iou": 0.8728689542585348,
  "precision": 0.9133084413324462,
  "recall": 0.9517220044482309,
  "f1_score": 0.9321196256402805,
  "positioning_error_m": 10.050725696865719
}