{
  "sl_no": 22,
  "match_info": {
    "center": "live_locate:place:Aldeby",
    "zoom": 18,
    "rotation": 0,
    "n_inliers": 174,
    "score": 82.4,
    "scale_factor": 0.873,
    "avg_scale": 0.9906,
    "window": [
      1036,
      1554
    ],
    "center_latlon": [
      52.48453683570775,
      1.6051094743984606
    ],
    "anchor_latlon": [
      52.4860030021695,
      1.60756713801613
    ],
    "_inlier_pts_map": [
      [
        1005.6428571428571,
        535.7624999999999
      ],
      [
        1031.4285714285713,
        535.7624999999999
      ],
      [
        1237.7142857142858,
        535.7624999999999
      ],
      [
        979.8571428571428,
        561.275
      ],
      [
        1005.6428571428571,
        561.275
      ],
      [
        1031.4285714285713,
        561.275
      ],
      [
        979.8571428571428,
        586.7875
      ],
      [
        1005.6428571428571,
        586.7875
      ],
      [
        1031.4285714285713,
        586.7875
      ],
      [
        1031.4285714285713,
        612.3
      ],
      [
        1340.857142857143,
        612.3
      ],
      [
        1340.857142857143,
        637.8125
      ],
      [
        1366.642857142857,
        637.8125
      ],
      [
        1160.357142857143,
        663.3249999999999
      ],
      [
        1366.642857142857,
        663.3249999999999
      ],
      [
        1366.642857142857,
        688.8375
      ],
      [
        954.0714285714286,
        739.8625
      ],
      [
        1031.4285714285713,
        739.8625
      ],
      [
        1057.2142857142858,
        739.8625
      ],
      [
        902.5,
        765.375
      ],
      [
        954.0714285714286,
        765.375
      ],
      [
        902.5,
        790.8874999999999
      ],
      [
        928.2857142857142,
        790.8874999999999
      ],
      [
        1005.6428571428571,
        790.8874999999999
      ],
      [
        876.7142857142857,
        816.4
      ],
      [
        902.5,
        816.4
      ],
      [
        928.2857142857142,
        816.4
      ],
      [
        954.0714285714286,
        816.4
      ],
      [
        1005.6428571428571,
        816.4
      ],
      [
        902.5,
        841.9125
      ],
      [
        928.2857142857142,
        841.9125
      ],
      [
        954.0714285714286,
        841.9125
      ],
      [
        1005.6428571428571,
        841.9125
      ],
      [
        902.5,
        867.425
      ],
      [
        928.2857142857142,
        867.425
      ],
      [
        954.0714285714286,
        867.425
      ],
      [
        51.57142857142857,
        918.4499999999999
      ],
      [
        51.57142857142857,
        943.9625
      ],
      [
        902.5,
        1122.55
      ],
      [
        902.5,
        1148.0625
      ],
      [
        747.7857142857142,
        1173.575
      ],
      [
        773.5714285714286,
        1173.575
      ],
      [
        825.1428571428571,
        1173.575
      ],
      [
        850.9285714285714,
        1173.575
      ],
      [
        876.7142857142857,
        1173.575
      ],
      [
        928.2857142857142,
        1173.575
      ],
      [
        850.9285714285714,
        1199.0874999999999
      ],
      [
        876.7142857142857,
        1199.0874999999999
      ],
      [
        902.5,
        1199.0874999999999
      ],
      [
        902.5,
        1224.6
      ],
      [
        902.5,
        1250.1125
      ],
      [
        928.2857142857142,
        1250.1125
      ],
      [
        954.0714285714286,
        1250.1125
      ],
      [
        1083.0,
        1454.2124999999999
      ],
      [
        1108.7857142857142,
        1454.2124999999999
      ],
      [
        1134.5714285714284,
        1454.2124999999999
      ],
      [
        1083.0,
        1479.725
      ],
      [
        1108.7857142857142,
        1479.725
      ],
      [
        1134.5714285714284,
        1479.725
      ],
      [
        1315.0714285714284,
        1479.725
      ],
      [
        1083.0,
        1505.2375
      ],
      [
        1108.7857142857142,
        1505.2375
      ],
      [
        1134.5714285714284,
        1505.2375
      ],
      [
        1160.357142857143,
        1505.2375
      ],
      [
        1186.142857142857,
        1505.2375
      ],
      [
        1031.4285714285713,
        1530.75
      ],
      [
        1211.9285714285713,
        1556.2625
      ],
      [
        1186.142857142857,
        1581.7749999999999
      ],
      [
        1211.9285714285713,
        1581.7749999999999
      ],
      [
        1237.7142857142858,
        1581.7749999999999
      ],
      [
        1134.5714285714284,
        1607.2875
      ],
      [
        1160.357142857143,
        1607.2875
      ],
      [
        1186.142857142857,
        1607.2875
      ],
      [
        1211.9285714285713,
        1607.2875
      ],
      [
        1237.7142857142858,
        1607.2875
      ],
      [
        1289.2857142857142,
        1607.2875
      ],
      [
        1134.5714285714284,
        1632.8
      ],
      [
        1160.357142857143,
        1632.8
      ],
      [
        1211.9285714285713,
        1632.8
      ],
      [
        1237.7142857142858,
        1632.8
      ],
      [
        1263.5,
        1632.8
      ],
      [
        1289.2857142857142,
        1632.8
      ],
      [
        1315.0714285714284,
        1632.8
      ],
      [
        1134.5714285714284,
        1658.3125
      ],
      [
        1211.9285714285713,
        1658.3125
      ],
      [
        1237.7142857142858,
        1658.3125
      ],
      [
        1263.5,
        1658.3125
      ],
      [
        1289.2857142857142,
        1658.3125
      ],
      [
        1315.0714285714284,
        1658.3125
      ],
      [
        1211.9285714285713,
        1683.825
      ],
      [
        1237.7142857142858,
        1683.825
      ],
      [
        1263.5,
        1683.825
      ],
      [
        1289.2857142857142,
        1683.825
      ],
      [
        1315.0714285714284,
        1683.825
      ],
      [
        1340.857142857143,
        1683.825
      ],
      [
        1160.357142857143,
        1709.3374999999999
      ],
      [
        1186.142857142857,
        1709.3374999999999
      ],
      [
        1211.9285714285713,
        1709.3374999999999
      ],
      [
        1237.7142857142858,
        1709.3374999999999
      ],
      [
        1263.5,
        1709.3374999999999
      ],
      [
        1289.2857142857142,
        1709.3374999999999
      ],
      [
        1315.0714285714284,
        1709.3374999999999
      ],
      [
        1340.857142857143,
        1709.3374999999999
      ],
      [
        773.5714285714286,
        1734.85
      ],
      [
        799.3571428571428,
        1734.85
      ],
      [
        825.1428571428571,
        1734.85
      ],
      [
        1160.357142857143,
        1734.85
      ],
      [
        1186.142857142857,
        1734.85
      ],
      [
        1211.9285714285713,
        1734.85
      ],
      [
        1237.7142857142858,
        1734.85
      ],
      [
        1263.5,
        1734.85
      ],
      [
        1289.2857142857142,
        1734.85
      ],
      [
        1315.0714285714284,
        1734.85
      ],
      [
        1366.642857142857,
        1734.85
      ],
      [
        696.2142857142857,
        1760.3625
      ],
      [
        722.0,
        1760.3625
      ],
      [
        747.7857142857142,
        1760.3625
      ],
      [
        773.5714285714286,
        1760.3625
      ],
      [
        1211.9285714285713,
        1760.3625
      ],
      [
        1237.7142857142858,
        1760.3625
      ],
      [
        1263.5,
        1760.3625
      ],
      [
        1289.2857142857142,
        1760.3625
      ],
      [
        1315.0714285714284,
        1760.3625
      ],
      [
