{
  "sl_no": 262,
  "match_info": {
    "center": "live_locate:la_centroid",
    "zoom": 16,
    "rotation": 0,
    "n_inliers": 31,
    "score": 11.15,
    "scale_factor": 0.438,
    "avg_scale": 1.1076,
    "window": [
      1735,
      2776
    ],
    "center_latlon": [
      52.63672756447141,
      -2.1549156204930853
    ],
    "anchor_latlon": [
      52.65,
      -2.15
    ],
    "_inlier_pts_map": [
      [
        245.64285714285714,
        601.6
      ],
      [
        284.42857142857144,
        601.6
      ],
      [
        232.71428571428572,
        614.4000000000001
      ],
      [
        245.64285714285714,
        614.4000000000001
      ],
      [
        245.64285714285714,
        627.2
      ],
      [
        323.2142857142857,
        716.8000000000001
      ],
      [
        284.42857142857144,
        729.6
      ],
      [
        297.3571428571429,
        729.6
      ],
      [
        310.2857142857143,
        729.6
      ],
      [
        323.2142857142857,
        729.6
      ],
      [
        284.42857142857144,
        742.4000000000001
      ],
      [
        297.3571428571429,
        742.4000000000001
      ],
      [
        310.2857142857143,
        742.4000000000001
      ],
      [
        374.92857142857144,
        742.4000000000001
      ],
      [
        297.3571428571429,
        755.2
      ],
      [
        310.2857142857143,
        755.2
      ],
      [
        336.14285714285717,
        755.2
      ],
      [
        362.0,
        755.2
      ],
      [
        336.14285714285717,
        768.0
      ],
      [
        349.07142857142856,
        768.0
      ],
      [
        362.0,
        768.0
      ],
      [
        374.92857142857144,
        768.0
      ],
      [
        400.7857142857143,
        768.0
      ],
      [
        336.14285714285717,
        780.8000000000001
      ],
      [
        374.92857142857144,
        780.8000000000001
      ],
      [
        387.8571428571429,
        780.8000000000001
      ],
      [
        400.7857142857143,
        780.8000000000001
      ],
      [
        349.07142857142856,
        793.6
      ],
      [
        374.92857142857144,
        793.6
      ],
      [
        387.8571428571429,
        793.6
      ],
      [
        349.07142857142856,
        806.4000000000001
      ]
    ],
    "_rot_map_shape": [
      1024,
      724
    ]
  },
  "processing_time": 299.92287826538086,
  "agent_accepted": true,
  "agent_reason": "[accepted] The document is an Article 4(1) Direction for South Staffordshire District Council. The site plan on page 2 shows a red boundary around a field adjacent to 'Bel",
  "agent_stats": {
    "position_calls": 1,
    "pdf_info": {
      "site_address": "Land shown edged red on the attached plan, South Staffordshire",
      "postcodes": [],
      "grid_refs": [],
      "scale": "1:5000",
      "map_pages": [
        2
      ],
      "map_page_details": [
        {
          "page": 1,
          "category": "discard",
          "area_group": -1,
          "boundary_clarity": "none",
          "detail_level": "wide",
          "caption": "Article 4(1) Direction text for South Staffordshire District Council."
        },
        {
          "page": 2,
          "category": "match",
          "area_group": 0,
          "boundary_clarity": "clear",
          "detail_level": "medium",
          "caption": "Site plan at 1:5000 showing red boundary around a field adjacent to a road."
        }
      ],
      "road_names": [],
      "place_names": [
        "South Staffordshire",
        "Bell View Farm",
        "Filling Station"
      ],
      "is_district_wide": false,
      "district_name": null,
      "house_number_road_pairs": [],
      "parish_names": [],
      "admin_region": null,
      "likely_town_or_city": "South Staffordshire",
      "visible_map_labels": [
        "Bell View Farm",
        "Filling Station"
      ],
      "adjacency_hints": []
    },
    "outcome_status": "accepted",
    "outcome_reasoning": "The document is an Article 4(1) Direction for South Staffordshire District Council. The site plan on page 2 shows a red boundary around a field adjacent to 'Bell View Farm' and a 'Filling Station'. I attempted to locate the site using several candidates from the locate sub-agent, including the LA centroid and specific locations near Shareshill and Standeford/Coven. The best match was obtained at the LA centroid (52.65, -2.15) with 31 inliers and a scale consistency of 0.815. Although the inlier count is relatively low, it was the strongest match found within the budget. I have committed this match to produce the final GeoJSON.",
    "rotation_checked": false,
    "tool_calls": {
      "submit_pdf_info": 1,
      "propose_centers": 4,
      "match_at": 3,
      "commit_match": 1,
      "final_result": 1
    },
    "total_tool_calls": 10,
    "n_turns": 21,
    "validator_retries": 0,
    "worker_request_tokens": 86068,
    "worker_response_tokens": 844,
    "request_tokens": 86068,
    "response_tokens": 844,
    "total_tokens": 86912
  },
  "valid_ground_truth": true,
  "valid_prediction": true,
  "validation_error": null,
  "iou": 0.0,
  "precision": 0.0,
  "recall": 0.0,
  "f1_score": 0.0,
  "positioning_error_m": 15108.053350609673
}