{
  "sl_no": 112,
  "match_info": {
    "center": "live_locate:intersect:Helpston Road x Singerfire Roa",
    "zoom": 19,
    "rotation": 0,
    "n_inliers": 252,
    "score": 123.49,
    "scale_factor": 0.875,
    "avg_scale": 1.1443,
    "window": [
      1032,
      774
    ],
    "center_latlon": [
      52.57572986775657,
      -0.3526285291154636
    ],
    "anchor_latlon": [
      52.5755,
      -0.3519
    ],
    "_inlier_pts_map": [
      [
        516.7857142857143,
        255.75
      ],
      [
        516.7857142857143,
        281.325
      ],
      [
        671.8214285714286,
        460.34999999999997
      ],
      [
        465.1071428571429,
        485.925
      ],
      [
        490.9464285714286,
        485.925
      ],
      [
        516.7857142857143,
        485.925
      ],
      [
        620.1428571428571,
        485.925
      ],
      [
        645.9821428571429,
        485.925
      ],
      [
        671.8214285714286,
        485.925
      ],
      [
        697.6607142857143,
        485.925
      ],
      [
        1033.5714285714287,
        485.925
      ],
      [
        465.1071428571429,
        511.5
      ],
      [
        490.9464285714286,
        511.5
      ],
      [
        516.7857142857143,
        511.5
      ],
      [
        620.1428571428571,
        511.5
      ],
      [
        645.9821428571429,
        511.5
      ],
      [
        671.8214285714286,
        511.5
      ],
      [
        697.6607142857143,
        511.5
      ],
      [
        1033.5714285714287,
        511.5
      ],
      [
        1059.4107142857142,
        511.5
      ],
      [
        439.26785714285717,
        537.0749999999999
      ],
      [
        465.1071428571429,
        537.0749999999999
      ],
      [
        490.9464285714286,
        537.0749999999999
      ],
      [
        516.7857142857143,
        537.0749999999999
      ],
      [
        542.625,
        537.0749999999999
      ],
      [
        645.9821428571429,
        537.0749999999999
      ],
      [
        671.8214285714286,
        537.0749999999999
      ],
      [
        697.6607142857143,
        537.0749999999999
      ],
      [
        1007.7321428571429,
        537.0749999999999
      ],
      [
        1033.5714285714287,
        537.0749999999999
      ],
      [
        1059.4107142857142,
        537.0749999999999
      ],
      [
        439.26785714285717,
        562.65
      ],
      [
        465.1071428571429,
        562.65
      ],
      [
        490.9464285714286,
        562.65
      ],
      [
        516.7857142857143,
        562.65
      ],
      [
        568.4642857142858,
        562.65
      ],
      [
        1007.7321428571429,
        562.65
      ],
      [
        1059.4107142857142,
        562.65
      ],
      [
        465.1071428571429,
        588.225
      ],
      [
        490.9464285714286,
        588.225
      ],
      [
        516.7857142857143,
        588.225
      ],
      [
        1059.4107142857142,
        588.225
      ],
      [
        465.1071428571429,
        613.8
      ],
      [
        490.9464285714286,
        613.8
      ],
      [
        516.7857142857143,
        613.8
      ],
      [
        516.7857142857143,
        639.375
      ],
      [
        490.9464285714286,
        664.9499999999999
      ],
      [
        1085.25,
        690.525
      ],
      [
        387.5892857142857,
        920.6999999999999
      ],
      [
        413.42857142857144,
        920.6999999999999
      ],
      [
        439.26785714285717,
        920.6999999999999
      ],
      [
        542.625,
        920.6999999999999
      ],
      [
        568.4642857142858,
        920.6999999999999
      ],
      [
        594.3035714285714,
        920.6999999999999
      ],
      [
        310.07142857142856,
        946.275
      ],
      [
        335.9107142857143,
        946.275
      ],
      [
        361.75,
        946.275
      ],
      [
        387.5892857142857,
        946.275
      ],
      [
        413.42857142857144,
        946.275
      ],
      [
        439.26785714285717,
        946.275
      ],
      [
        465.1071428571429,
        946.275
      ],
      [
        490.9464285714286,
        946.275
      ],
      [
        516.7857142857143,
        946.275
      ],
      [
        542.625,
        946.275
      ],
      [
        568.4642857142858,
        946.275
      ],
      [
        594.3035714285714,
        946.275
      ],
      [
        981.8928571428572,
        946.275
      ],
      [
        284.2321428571429,
        971.85
      ],
      [
        310.07142857142856,
        971.85
      ],
      [
        335.9107142857143,
        971.85
      ],
      [
        361.75,
        971.85
      ],
      [
        387.5892857142857,
        971.85
      ],
      [
        413.42857142857144,
        971.85
      ],
      [
        439.26785714285717,
        971.85
      ],
      [
        490.9464285714286,
        971.85
      ],
      [
        516.7857142857143,
        971.85
      ],
      [
        542.625,
        971.85
      ],
      [
        568.4642857142858,
        971.85
      ],
      [
        594.3035714285714,
        971.85
      ],
      [
        284.2321428571429,
        997.425
      ],
      [
        310.07142857142856,
        997.425
      ],
      [
        335.9107142857143,
        997.425
      ],
      [
        361.75,
        997.425
      ],
      [
        387.5892857142857,
        997.425
      ],
      [
        413.42857142857144,
        997.425
      ],
      [
        439.26785714285717,
        997.425
      ],
      [
        465.1071428571429,
        997.425
      ],
      [
        490.9464285714286,
        997.425
      ],
      [
        516.7857142857143,
        997.425
      ],
      [
        542.625,
        997.425
      ],
      [
        981.8928571428572,
        997.425
      ],
      [
        310.07142857142856,
        1023.0
      ],
      [
        335.9107142857143,
        1023.0
      ],
      [
        361.75,
        1023.0
      ],
      [
        387.5892857142857,
        1023.0
      ],
      [
        413.42857142857144,
        1023.0
      ],
      [
        439.26785714285717,
        1023.0
      ],
      [
        465.1071428571429,
        1023.0
      ],
      [
        490.9464285714286,
        1023.0
      ],
      [
        516.7857142857143,
        1023.0
      ],
      [
        542.625,
        1023.0
      ],
      [
        930.2142857142858,
        1023.0
      ],
      [
        956.0535714285714,
        1023.0
      ],
      [
        981.8928571428572,
        1023.0
      ],
      [
        749.3392857142858,
        1048.575
      ],
      [
        775.1785714285714,
        1048.575
      ],
      [
        801.0178571428572,
        1048.575
      ],
      [
        956.0535714285714,
        1048.575
      ],
      [
        749.3392857142858,
        1074.1499999999999
      ],
      [
        775.1785714285714,
        1074.1499999999999
      ],
      [
        801.0178571428572,
        1074.1499999999999
      ],
      [
        904.375,
        1074.1499999999999
      ],
      [
        930.2142857142858,
        1074.1499999999999
      ],
      [
        956.0535714285714,
        1074.1499999999999
      ],
      [
        749.3392857142858,
        1099.725
      ],
      [
        775.1785714285714,
        1099.725
      ],
      [
        801.0178571428572,
        1099.725
      ],
      [
        749.3392857142858,
        1125.3
      ],
      [
        775.1785714285714,
        1125.3
      ],
      [
        801.0178571428572,
        1125.3
      ],
      [
        826.8571428571429,
        1125.3
      ],
      [
        516.7857142857143,
        1150.875
      ],
      [
        568.4642857142858,
        1150.875
      ],
      [
        775.1785714285714,
        1150.875
      ],
