{
  "sl_no": 32,
  "match_info": {
    "center": "live_locate:place:Colney",
    "zoom": 15,
    "rotation": 0,
    "n_inliers": 95,
    "score": 34.81,
    "scale_factor": 0.462,
    "avg_scale": 0.9888,
    "window": [
      112,
      560
    ],
    "center_latlon": [
      52.617099306401904,
      1.2058584868871947
    ],
    "anchor_latlon": [
      52.6226699326142,
      1.22347264928068
    ],
    "_inlier_pts_map": [
      [
        627.5714285714286,
        175.6625
      ],
      [
        641.2142857142857,
        175.6625
      ],
      [
        613.9285714285714,
        202.6875
      ],
      [
        627.5714285714286,
        202.6875
      ],
      [
        641.2142857142857,
        202.6875
      ],
      [
        613.9285714285714,
        216.2
      ],
      [
        150.07142857142856,
        391.86249999999995
      ],
      [
        163.71428571428572,
        405.375
      ],
      [
        204.64285714285714,
        405.375
      ],
      [
        177.35714285714286,
        418.8875
      ],
      [
        204.64285714285714,
        418.8875
      ],
      [
        259.2142857142857,
        418.8875
      ],
      [
        259.2142857142857,
        432.4
      ],
      [
        218.28571428571428,
        445.91249999999997
      ],
      [
        191.0,
        459.42499999999995
      ],
      [
        204.64285714285714,
        459.42499999999995
      ],
      [
        218.28571428571428,
        459.42499999999995
      ],
      [
        231.92857142857142,
        459.42499999999995
      ],
      [
        177.35714285714286,
        472.9375
      ],
      [
        163.71428571428572,
        486.45
      ],
      [
        177.35714285714286,
        486.45
      ],
      [
        163.71428571428572,
        499.9625
      ],
      [
        177.35714285714286,
        499.9625
      ],
      [
        163.71428571428572,
        513.475
      ],
      [
        177.35714285714286,
        513.475
      ],
      [
        204.64285714285714,
        513.475
      ],
      [
        163.71428571428572,
        526.9875
      ],
      [
        163.71428571428572,
        540.5
      ],
      [
        150.07142857142856,
        554.0124999999999
      ],
      [
        136.42857142857142,
        567.525
      ],
      [
        122.78571428571428,
        581.0375
      ],
      [
        272.85714285714283,
        621.5749999999999
      ],
      [
        286.5,
        621.5749999999999
      ],
      [
        259.2142857142857,
        635.0875
      ],
      [
        272.85714285714283,
        635.0875
      ],
      [
        286.5,
        635.0875
      ],
      [
        300.1428571428571,
        635.0875
      ],
      [
        272.85714285714283,
        648.5999999999999
      ],
      [
        163.71428571428572,
        662.1125
      ],
      [
        163.71428571428572,
        675.625
      ],
      [
        191.0,
        675.625
      ],
      [
        191.0,
        756.6999999999999
      ],
      [
        204.64285714285714,
        756.6999999999999
      ],
      [
        395.6428571428571,
        756.6999999999999
      ],
      [
        409.2857142857143,
        756.6999999999999
      ],
      [
        177.35714285714286,
        770.2125
      ],
      [
        191.0,
        770.2125
      ],
      [
        204.64285714285714,
        770.2125
      ],
      [
        218.28571428571428,
        770.2125
      ],
      [
        231.92857142857142,
        770.2125
      ],
      [
        259.2142857142857,
        770.2125
      ],
      [
        272.85714285714283,
        770.2125
      ],
      [
        395.6428571428571,
        770.2125
      ],
      [
        122.78571428571428,
        783.7249999999999
      ],
      [
        163.71428571428572,
        783.7249999999999
      ],
      [
        177.35714285714286,
        783.7249999999999
      ],
      [
        191.0,
        783.7249999999999
      ],
      [
        204.64285714285714,
        783.7249999999999
      ],
      [
        231.92857142857142,
        783.7249999999999
      ],
      [
        259.2142857142857,
        783.7249999999999
      ],
      [
        272.85714285714283,
        783.7249999999999
      ],
      [
        354.7142857142857,
        783.7249999999999
      ],
      [
        122.78571428571428,
        797.2375
      ],
      [
        191.0,
        797.2375
      ],
      [
        204.64285714285714,
        797.2375
      ],
      [
        218.28571428571428,
        797.2375
      ],
      [
        231.92857142857142,
        797.2375
      ],
      [
        259.2142857142857,
        797.2375
      ],
      [
        272.85714285714283,
        797.2375
      ],
      [
        286.5,
        797.2375
      ],
      [
        354.7142857142857,
        797.2375
      ],
      [
        218.28571428571428,
        810.75
      ],
      [
        245.57142857142856,
        810.75
      ],
      [
        259.2142857142857,
        810.75
      ],
      [
        272.85714285714283,
        810.75
      ],
      [
        463.85714285714283,
        810.75
      ],
      [
        477.5,
        810.75
      ],
      [
        491.1428571428571,
        810.75
      ],
      [
        231.92857142857142,
        824.2624999999999
      ],
      [
        245.57142857142856,
        824.2624999999999
      ],
      [
        259.2142857142857,
        824.2624999999999
      ],
      [
        272.85714285714283,
        824.2624999999999
      ],
      [
        286.5,
        824.2624999999999
      ],
      [
        300.1428571428571,
        824.2624999999999
      ],
      [
        231.92857142857142,
        837.775
      ],
      [
        245.57142857142856,
        837.775
      ],
      [
        259.2142857142857,
        837.775
      ],
      [
        272.85714285714283,
        837.775
      ],
      [
        300.1428571428571,
        837.775
      ],
      [
        218.28571428571428,
        851.2874999999999
      ],
      [
        231.92857142857142,
        851.2874999999999
      ],
      [
        245.57142857142856,
        851.2874999999999
      ],
      [
        259.2142857142857,
        851.2874999999999
      ],
      [
        272.85714285714283,
        851.2874999999999
      ],
      [
        286.5,
        851.2874999999999
      ]
    ],
    "_rot_map_shape": [
      1081,
      764
    ]
  },
  "processing_time": 192.33017420768738,
  "agent_accepted": true,
  "agent_reason": "[accepted] The planning boundary covers a large area of land between Colney and Little Melton in Norfolk. I identified the site map on page 2, which shows the boundary tra",
  "agent_stats": {
    "position_calls": 1,
    "pdf_info": {
      "site_address": "Land at: Colney & Lt. Melton, Norfolk",
      "postcodes": [],
      "grid_refs": [],
      "scale": "1:10560",
      "map_pages": [
        2
      ],
      "map_page_details": [
        {
          "page": 1,
          "category": "discard",
          "area_group": -1,
          "boundary_clarity": "none",
          "detail_level": "wide",
          "caption": "Article 4 Direction text document from Norfolk County Council dated 1979."
        },
        {
          "page": 2,
          "category": "match",
          "area_group": 0,
          "boundary_clarity": "clear",
          "detail_level": "medium",
          "caption": "Site plan showing red boundary at Colney & Lt. Melton, traced from OS TG 10NE."
        }
      ],
      "road_names": [
        "B1108",
        "C169",
        "C182",
        "Braymeadow Lane"
      ],
      "place_names": [
        "Colney",
        "Little Melton",
        "Manor Farm",
        "Hall Farm",
        "Ryebeck Plantation",
        "Braymeadow",
        "Braymeadow Bottom"
      ],
      "is_district_wide": false,
      "district_name": null,
      "house_number_road_pairs": [],
      "parish_names": [],