{
  "sl_no": 44,
  "match_info": {
    "center": "live_locate:place:Ansdell Terrace",
    "zoom": 19,
    "rotation": 0,
    "n_inliers": 54,
    "score": 21.84,
    "scale_factor": 0.854,
    "avg_scale": 0.9883,
    "window": [
      1315,
      1052
    ],
    "center_latlon": [
      51.49979951435128,
      -0.18971852877393758
    ],
    "anchor_latlon": [
      51.4995457949044,
      -0.188889814336962
    ],
    "_inlier_pts_map": [
      [
        1108.642857142857,
        648.6999999999999
      ],
      [
        831.4821428571429,
        773.4499999999999
      ],
      [
        831.4821428571429,
        798.4
      ],
      [
        907.0714285714287,
        873.25
      ],
      [
        604.7142857142858,
        948.1
      ],
      [
        881.875,
        948.1
      ],
      [
        907.0714285714287,
        948.1
      ],
      [
        932.2678571428572,
        948.1
      ],
      [
        604.7142857142858,
        973.05
      ],
      [
        629.9107142857143,
        973.05
      ],
      [
        881.875,
        973.05
      ],
      [
        957.4642857142858,
        973.05
      ],
      [
        579.5178571428572,
        998.0
      ],
      [
        604.7142857142858,
        998.0
      ],
      [
        629.9107142857143,
        998.0
      ],
      [
        982.6607142857143,
        998.0
      ],
      [
        1007.8571428571429,
        998.0
      ],
      [
        1108.642857142857,
        998.0
      ],
      [
        579.5178571428572,
        1022.9499999999999
      ],
      [
        604.7142857142858,
        1022.9499999999999
      ],
      [
        629.9107142857143,
        1022.9499999999999
      ],
      [
        655.1071428571429,
        1022.9499999999999
      ],
      [
        1058.25,
        1022.9499999999999
      ],
      [
        1083.4464285714287,
        1022.9499999999999
      ],
      [
        1108.642857142857,
        1022.9499999999999
      ],
      [
        579.5178571428572,
        1047.8999999999999
      ],
      [
        604.7142857142858,
        1047.8999999999999
      ],
      [
        629.9107142857143,
        1047.8999999999999
      ],
      [
        1033.0535714285716,
        1047.8999999999999
      ],
      [
        1058.25,
        1047.8999999999999
      ],
      [
        1083.4464285714287,
        1047.8999999999999
      ],
      [
        1108.642857142857,
        1047.8999999999999
      ],
      [
        579.5178571428572,
        1072.85
      ],
      [
        604.7142857142858,
        1072.85
      ],
      [
        629.9107142857143,
        1072.85
      ],
      [
        1058.25,
        1072.85
      ],
      [
        1083.4464285714287,
        1072.85
      ],
      [
        1108.642857142857,
        1072.85
      ],
      [
        554.3214285714286,
        1097.8
      ],
      [
        579.5178571428572,
        1097.8
      ],
      [
        781.0892857142858,
        1097.8
      ],
      [
        806.2857142857143,
        1097.8
      ],
      [
        1058.25,
        1097.8
      ],
      [
        1083.4464285714287,
        1097.8
      ],
      [
        554.3214285714286,
        1122.75
      ],
      [
        579.5178571428572,
        1122.75
      ],
      [
        604.7142857142858,
        1122.75
      ],
      [
        579.5178571428572,
        1147.7
      ],
      [
        604.7142857142858,
        1147.7
      ],
      [
        629.9107142857143,
        1147.7
      ],
      [
        604.7142857142858,
        1172.6499999999999
      ],
      [
        554.3214285714286,
        1197.6
      ],
      [
        604.7142857142858,
        1197.6
      ],
      [
        856.6785714285714,
        1222.55
      ]
    ],
    "_rot_map_shape": [
      1996,
      1411
    ]
  },
  "processing_time": 234.7137930393219,
  "agent_accepted": true,
  "agent_reason": "[accepted] The site was identified as 17 Kensington Square. Two match attempts were made. The first attempt at Kensington Square yielded 47 inliers with excellent scale co",
  "agent_stats": {
    "position_calls": 1,
    "pdf_info": {
      "site_address": "17 Kensington Square W8",
      "postcodes": [
        "W8"
      ],
      "grid_refs": [],
      "scale": null,
      "map_pages": [
        5
      ],
      "map_page_details": [
        {
          "page": 5,
          "category": "match",
          "area_group": 0,
          "boundary_clarity": "clear",
          "detail_level": "close",
          "caption": "Site plan showing 17 Kensington Square outlined in black."
        }
      ],
      "road_names": [
        "Kensington Square",
        "South End",
        "Ansdell Terrace"
      ],
      "place_names": [
        "Kensington Square",
        "St James House",
        "Esmond Court",
        "Convent of the Assumption",
        "Maria Assumpta College",
        "South End",
        "Ansdell Terrace"
      ],
      "is_district_wide": false,
      "district_name": "Royal Borough of Kensington and Chelsea, UK",
      "house_number_road_pairs": [
        "17 Kensington Square"
      ],
      "parish_names": [],
      "admin_region": "Kensington and Chelsea",
      "likely_town_or_city": "London",
      "visible_map_labels": [
        "KENSINGTON SQUARE",
        "SOUTH END",
        "ANSDELL TERRACE",
        "St James House",
        "Esmond Court",
        "Chapel",
        "Convent of the Assumption (Maria Assumpta College)",
        "Tennis Court",
        "Government Offices",
        "17"
      ],
      "adjacency_hints": [
        "South End",
        "Ansdell Terrace"
      ]
    },
    "reader_request_tokens": 7140,
    "reader_response_tokens": 333,
    "outcome_status": "accepted",
    "outcome_reasoning": "The site was identified as 17 Kensington Square. Two match attempts were made. The first attempt at Kensington Square yielded 47 inliers with excellent scale consistency (0.98) and perfect road name agreement (1.0). A second attempt using Ansdell Terrace as a more specific anchor improved the match strength to 54 inliers (OK tier) while maintaining high scale consistency and road agreement. Given the high consistency across all signals and the urban density of the area, this match is reliable.",
    "rotation_checked": false,
    "tool_calls": {
      "propose_centers": 2,
      "match_at": 2,
      "commit_match": 1,
      "final_result": 1
    },
    "total_tool_calls": 6,
    "n_turns": 13,
    "validator_retries": 0,
    "worker_request_tokens": 31014,
    "worker_response_tokens": 413,
    "request_tokens": 38154,
    "response_tokens": 746,
    "total_tokens": 38900,
    "critic": {
      "n_rejections": 0,
      "iterations": [
        {
          "iter_idx": 0,
          "action": "approve",
          "chosen_candidate_id": 1,
          "reasoning": "The committed candidate correctly matches the narrow rectangular plot between Kensington Square and Thackeray Street. The building footprints in the OS tile perfectly align with the dense urban terrace structure shown in the planning map, supported by high n_inliers (54) and perfect road name agreement.",
          "wall_s": 2.8,
          "llm_error": null
        }
      ],
      "tokens": {
        "request": 4082,
        "response": 84
      }
    }
  },
  "valid_ground_truth": true,
  "valid_prediction": true,
  "validation_error": null,
  "iou": 0.7093903807561406,
  "precision": 0.8354947161037978,
  "recall": 0.8245617790465462,
  "f1_score": 0.8299922460556313,
  "positioning_error_m": 2.165041899710012,
  "worker_first_iou": 0.7093903807561406,
  "worker_first_metrics": {
    "valid_ground_truth": true,
    "valid_prediction": true,
    "validation_error": null,
    "iou": 0.7093903807561406,
    "precision": 0.8354947161037978,
    "recall": 0.8245617790465462,
    "f1_score": 0.8299922460556313,
    "positioning_error_m": 2.165041899710012
  }
}