{
  "sl_no": 226,
  "match_info": {
    "center": "live_locate:place:Swanage railway station",
    "zoom": 19,
    "rotation": 0,
    "n_inliers": 162,
    "score": 79.41,
    "scale_factor": 0.838,
    "avg_scale": 1.0016,
    "window": [
      194,
      1358
    ],
    "center_latlon": [
      50.6080701311093,
      -1.962257364888444
    ],
    "anchor_latlon": [
      50.6099609353805,
      -1.96023464325435
    ],
    "_inlier_pts_map": [
      [
        699.6428571428571,
        69.25
      ],
      [
        769.6071428571428,
        69.25
      ],
      [
        804.5892857142857,
        69.25
      ],
      [
        839.5714285714284,
        69.25
      ],
      [
        874.5535714285713,
        69.25
      ],
      [
        909.5357142857142,
        69.25
      ],
      [
        629.6785714285713,
        103.875
      ],
      [
        664.6607142857142,
        103.875
      ],
      [
        699.6428571428571,
        103.875
      ],
      [
        769.6071428571428,
        103.875
      ],
      [
        804.5892857142857,
        103.875
      ],
      [
        839.5714285714284,
        103.875
      ],
      [
        979.4999999999999,
        103.875
      ],
      [
        1014.4821428571428,
        103.875
      ],
      [
        524.7321428571428,
        138.5
      ],
      [
        699.6428571428571,
        138.5
      ],
      [
        734.6249999999999,
        138.5
      ],
      [
        769.6071428571428,
        138.5
      ],
      [
        804.5892857142857,
        138.5
      ],
      [
        839.5714285714284,
        138.5
      ],
      [
        524.7321428571428,
        173.125
      ],
      [
        559.7142857142857,
        173.125
      ],
      [
        699.6428571428571,
        173.125
      ],
      [
        734.6249999999999,
        173.125
      ],
      [
        769.6071428571428,
        173.125
      ],
      [
        804.5892857142857,
        173.125
      ],
      [
        979.4999999999999,
        173.125
      ],
      [
        1014.4821428571428,
        173.125
      ],
      [
        1049.4642857142856,
        173.125
      ],
      [
        524.7321428571428,
        207.75
      ],
      [
        559.7142857142857,
        207.75
      ],
      [
        664.6607142857142,
        207.75
      ],
      [
        699.6428571428571,
        207.75
      ],
      [
        734.6249999999999,
        207.75
      ],
      [
        909.5357142857142,
        207.75
      ],
      [
        1014.4821428571428,
        207.75
      ],
      [
        1049.4642857142856,
        207.75
      ],
      [
        419.7857142857142,
        242.375
      ],
      [
        524.7321428571428,
        242.375
      ],
      [
        559.7142857142857,
        242.375
      ],
      [
        699.6428571428571,
        242.375
      ],
      [
        524.7321428571428,
        277.0
      ],
      [
        559.7142857142857,
        277.0
      ],
      [
        559.7142857142857,
        415.5
      ],
      [
        489.74999999999994,
        450.125
      ],
      [
        524.7321428571428,
        450.125
      ],
      [
        559.7142857142857,
        450.125
      ],
      [
        664.6607142857142,
        450.125
      ],
      [
        629.6785714285713,
        484.75
      ],
      [
        454.7678571428571,
        519.375
      ],
      [
        489.74999999999994,
        519.375
      ],
      [
        524.7321428571428,
        519.375
      ],
      [
        559.7142857142857,
        519.375
      ],
      [
        594.6964285714286,
        519.375
      ],
      [
        629.6785714285713,
        519.375
      ],
      [
        734.6249999999999,
        519.375
      ],
      [
        804.5892857142857,
        519.375
      ],
      [
        839.5714285714284,
        519.375
      ],
      [
        874.5535714285713,
        519.375
      ],
      [
        454.7678571428571,
        554.0
      ],
      [
        489.74999999999994,
        554.0
      ],
      [
        524.7321428571428,
        554.0
      ],
      [
        559.7142857142857,
        554.0
      ],
      [
        594.6964285714286,
        554.0
      ],
      [
        629.6785714285713,
        554.0
      ],
      [
        664.6607142857142,
        554.0
      ],
      [
        804.5892857142857,
        554.0
      ],
      [
        839.5714285714284,
        554.0
      ],
      [
        874.5535714285713,
        554.0
      ],
      [
        454.7678571428571,
        588.625
      ],
      [
        489.74999999999994,
        588.625
      ],
      [
        524.7321428571428,
        588.625
      ],
      [
        559.7142857142857,
        588.625
      ],
      [
        594.6964285714286,
        588.625
      ],
      [
        629.6785714285713,
        588.625
      ],
      [
        664.6607142857142,
        588.625
      ],
      [
        699.6428571428571,
        588.625
      ],
      [
        804.5892857142857,
        588.625
      ],
      [
        839.5714285714284,
        588.625
      ],
      [
        874.5535714285713,
        588.625
      ],
      [
        909.5357142857142,
        588.625
      ],
      [
        524.7321428571428,
        623.25
      ],
      [
        559.7142857142857,
        623.25
      ],
      [
        594.6964285714286,
        623.25
      ],
      [
        629.6785714285713,
        623.25
      ],
      [
        664.6607142857142,
        623.25
      ],
      [
        699.6428571428571,
        623.25
      ],
      [
        734.6249999999999,
        623.25
      ],
      [
        804.5892857142857,
        623.25
      ],
      [
        839.5714285714284,
        623.25
      ],
      [
        489.74999999999994,
        657.875
      ],
      [
        524.7321428571428,
        657.875
      ],
      [
        559.7142857142857,
        657.875
      ],
      [
        594.6964285714286,
        657.875
      ],
      [
        769.6071428571428,
        657.875
      ],
      [
        804.5892857142857,
        657.875
      ],
      [
        839.5714285714284,
        657.875
      ],
      [
        489.74999999999994,
        692.5
      ],
      [
        769.6071428571428,
        692.5
      ],
      [
        804.5892857142857,
        692.5
      ],
      [
        769.6071428571428,
        727.125
      ],
      [
        594.6964285714286,
        761.75
      ],
      [
        699.6428571428571,
        761.75
      ],
      [
        734.6249999999999,
        761.75
      ],
      [
        594.6964285714286,
        796.375
      ],
      [
        664.6607142857142,
        796.375
      ],
      [
        909.5357142857142,
        796.375
      ],
      [
        944.5178571428571,
        796.375
      ],
      [
        1364.3035714285713,
        796.375
      ],
      [
        139.92857142857142,
        831.0
      ],
      [
        209.8928571428571,
        831.0
      ],
      [
        244.87499999999997,
        831.0
      ],
      [
        279.85714285714283,
        831.0
      ],
      [
        349.82142857142856,
        831.0
      ],
      [
        909.5357142857142,
        831.0
      ],
      [
        944.5178571428571,
        831.0
      ],
      [
        979.4999999999999,
        831.0
      ],
      [
        1364.3035714285713,
        831.0
      ],
      [
        139.92857142857142,
        865.625
      ],
      [
        209.8928571428571,
        865.625
      ],
      [
        244.87499999999997,
        865.625
      ],
      [
        279.85714285714283,
        865.625
      ],
      [
        314.83928571428567,
        865.625
      ],
      [
        349.82142857142856,
        865.625
      ],
      [
        384.8035714285714,
        865.625
      ],
      [
        909.5357142857142,
        865.625
      ],
      [
        944.5178571428571,
        865.625
      ],
