{
  "sl_no": 128,
  "match_info": {
    "center": "live_locate:place:Woodberry Gardens",
    "zoom": 18,
    "rotation": 0,
    "n_inliers": 104,
    "score": 44.99,
    "scale_factor": 0.728,
    "avg_scale": 0.8743,
    "window": [
      966,
      483
    ],
    "center_latlon": [
      51.61053202011451,
      -0.18083450099621245
    ],
    "anchor_latlon": [
      51.6091585432739,
      -0.181035688429181
    ],
    "_inlier_pts_map": [
      [
        902.25,
        212.75
      ],
      [
        794.8392857142858,
        234.02499999999998
      ],
      [
        816.3214285714286,
        234.02499999999998
      ],
      [
        837.8035714285714,
        234.02499999999998
      ],
      [
        859.2857142857143,
        234.02499999999998
      ],
      [
        880.7678571428571,
        234.02499999999998
      ],
      [
        902.25,
        234.02499999999998
      ],
      [
        859.2857142857143,
        255.29999999999998
      ],
      [
        880.7678571428571,
        255.29999999999998
      ],
      [
        816.3214285714286,
        319.125
      ],
      [
        816.3214285714286,
        340.4
      ],
      [
        988.1785714285714,
        446.775
      ],
      [
        257.7857142857143,
        489.325
      ],
      [
        279.26785714285717,
        489.325
      ],
      [
        837.8035714285714,
        489.325
      ],
      [
        236.30357142857144,
        531.875
      ],
      [
        214.82142857142858,
        553.15
      ],
      [
        236.30357142857144,
        553.15
      ],
      [
        1117.0714285714287,
        553.15
      ],
      [
        214.82142857142858,
        574.425
      ],
      [
        236.30357142857144,
        574.425
      ],
      [
        300.75,
        595.6999999999999
      ],
      [
        988.1785714285714,
        616.9749999999999
      ],
      [
        1009.6607142857143,
        616.9749999999999
      ],
      [
        988.1785714285714,
        638.25
      ],
      [
        1095.5892857142858,
        638.25
      ],
      [
        1117.0714285714287,
        638.25
      ],
      [
        1138.5535714285716,
        638.25
      ],
      [
        644.4642857142858,
        659.525
      ],
      [
        1095.5892857142858,
        659.525
      ],
      [
        1117.0714285714287,
        659.525
      ],
      [
        1138.5535714285716,
        659.525
      ],
      [
        1117.0714285714287,
        680.8
      ],
      [
        1074.107142857143,
        723.3499999999999
      ],
      [
        1095.5892857142858,
        723.3499999999999
      ],
      [
        730.3928571428571,
        744.625
      ],
      [
        1095.5892857142858,
        744.625
      ],
      [
        1117.0714285714287,
        744.625
      ],
      [
        1052.625,
        765.9
      ],
      [
        1074.107142857143,
        765.9
      ],
      [
        1095.5892857142858,
        765.9
      ],
      [
        1117.0714285714287,
        765.9
      ],
      [
        1052.625,
        787.175
      ],
      [
        1074.107142857143,
        787.175
      ],
      [
        1095.5892857142858,
        787.175
      ],
      [
        1052.625,
        808.4499999999999
      ],
      [
        644.4642857142858,
        851.0
      ],
      [
        665.9464285714286,
        851.0
      ],
      [
        687.4285714285714,
        851.0
      ],
      [
        988.1785714285714,
        851.0
      ],
      [
        1009.6607142857143,
        851.0
      ],
      [
        1052.625,
        851.0
      ],
      [
        644.4642857142858,
        872.275
      ],
      [
        665.9464285714286,
        872.275
      ],
      [
        687.4285714285714,
        872.275
      ],
      [
        966.6964285714286,
        872.275
      ],
      [
        988.1785714285714,
        872.275
      ],
      [
        1009.6607142857143,
        872.275
      ],
      [
        665.9464285714286,
        893.55
      ],
      [
        687.4285714285714,
        1042.475
      ],
      [
        730.3928571428571,
        1042.475
      ],
      [
        687.4285714285714,
        1063.75
      ],
      [
        730.3928571428571,
        1063.75
      ],
      [
        751.875,
        1063.75
      ],
      [
        429.64285714285717,
        1191.3999999999999
      ],
      [
        451.125,
        1191.3999999999999
      ],
      [
        472.6071428571429,
        1191.3999999999999
      ],
      [
        257.7857142857143,
        1212.675
      ],
      [
        343.7142857142857,
        1212.675
      ],
      [
        365.19642857142856,
        1212.675
      ],
      [
        386.67857142857144,
        1212.675
      ],
      [
        408.1607142857143,
        1212.675
      ],
      [
        429.64285714285717,
        1212.675
      ],
      [
        451.125,
        1212.675
      ],
      [
        472.6071428571429,
        1212.675
      ],
      [
        343.7142857142857,
        1233.9499999999998
      ],
      [
        365.19642857142856,
        1233.9499999999998
      ],
      [
        386.67857142857144,
        1233.9499999999998
      ],
      [
        408.1607142857143,
        1233.9499999999998
      ],
      [
        429.64285714285717,
        1233.9499999999998
      ],
      [
        451.125,
        1233.9499999999998
      ],
      [
        472.6071428571429,
        1233.9499999999998
      ],
      [
        343.7142857142857,
        1255.225
      ],
      [
        365.19642857142856,
        1255.225
      ],
      [
        386.67857142857144,
        1255.225
      ],
      [
        408.1607142857143,
        1255.225
      ],
      [
        429.64285714285717,
        1255.225
      ],
      [
        451.125,
        1255.225
      ],
      [
        343.7142857142857,
        1276.5
      ],
      [
        365.19642857142856,
        1276.5
      ],
      [
        386.67857142857144,
        1276.5
      ],
      [
        408.1607142857143,
        1276.5
      ],
      [
        429.64285714285717,
        1276.5
      ],
      [
        494.0892857142857,
        1276.5
      ],
      [
        515.5714285714286,
        1276.5
      ],
      [
        365.19642857142856,
        1297.7749999999999
      ],
      [
        386.67857142857144,
        1297.7749999999999
      ],
      [
        429.64285714285717,
        1297.7749999999999
      ],
      [
        515.5714285714286,
        1297.7749999999999
      ],
      [
        343.7142857142857,
        1319.05
      ],
      [
        365.19642857142856,
        1319.05
      ],
      [
        386.67857142857144,
        1319.05
      ],
      [
        236.30357142857144,
        1531.8
      ],
      [
        257.7857142857143,
        1574.35
      ]
    ],
    "_rot_map_shape": [
      1702,
      1203
    ]
  },
  "processing_time": 208.81266689300537,
  "agent_accepted": true,
  "agent_reason": "[accepted] The map shows the Moss Hall Crescent Conservation Area in Barnet. Two candidates were tested. The first (Moss Hall Crescent) yielded 98 inliers. The second (Woo",
  "agent_stats": {
    "position_calls": 1,
    "pdf_info": {
      "site_address": "Moss Hall Crescent Conservation Area, London Borough of Barnet",
      "postcodes": [],
      "grid_refs": [],
      "scale": null,
      "map_pages": [
        5
      ],
      "map_page_details": [
        {
          "page": 5,
          "category": "match",
          "area_group": 0,
          "boundary_clarity": "clear",
          "detail_level": "close",
          "caption": "Site plan showing Moss Hall Crescent Conservation Area and Article 4 direction boundary."
        }
      ],