{
  "sl_no": 269,
  "match_info": {
    "center": "live_locate:place:Hinksford Lane",
    "zoom": 17,
    "rotation": 0,
    "n_inliers": 190,
    "score": 87.02,
    "scale_factor": 0.437,
    "avg_scale": 0.9967,
    "window": [
      936,
      702
    ],
    "center_latlon": [
      52.506111596577995,
      -2.1944114366974645
    ],
    "anchor_latlon": [
      52.506722,
      -2.197394
    ],
    "_inlier_pts_map": [
      [
        167.60714285714286,
        153.14999999999998
      ],
      [
        128.92857142857142,
        165.9125
      ],
      [
        141.82142857142856,
        165.9125
      ],
      [
        154.71428571428572,
        165.9125
      ],
      [
        167.60714285714286,
        165.9125
      ],
      [
        180.5,
        165.9125
      ],
      [
        116.03571428571428,
        178.67499999999998
      ],
      [
        128.92857142857142,
        178.67499999999998
      ],
      [
        141.82142857142856,
        178.67499999999998
      ],
      [
        154.71428571428572,
        178.67499999999998
      ],
      [
        167.60714285714286,
        178.67499999999998
      ],
      [
        206.28571428571428,
        178.67499999999998
      ],
      [
        464.1428571428571,
        178.67499999999998
      ],
      [
        103.14285714285714,
        191.4375
      ],
      [
        116.03571428571428,
        191.4375
      ],
      [
        128.92857142857142,
        191.4375
      ],
      [
        141.82142857142856,
        191.4375
      ],
      [
        154.71428571428572,
        191.4375
      ],
      [
        167.60714285714286,
        191.4375
      ],
      [
        180.5,
        191.4375
      ],
      [
        335.2142857142857,
        191.4375
      ],
      [
        451.25,
        191.4375
      ],
      [
        464.1428571428571,
        191.4375
      ],
      [
        477.0357142857143,
        191.4375
      ],
      [
        103.14285714285714,
        204.2
      ],
      [
        116.03571428571428,
        204.2
      ],
      [
        128.92857142857142,
        204.2
      ],
      [
        141.82142857142856,
        204.2
      ],
      [
        154.71428571428572,
        204.2
      ],
      [
        167.60714285714286,
        204.2
      ],
      [
        180.5,
        204.2
      ],
      [
        193.39285714285714,
        204.2
      ],
      [
        270.75,
        204.2
      ],
      [
        296.5357142857143,
        204.2
      ],
      [
        412.57142857142856,
        204.2
      ],
      [
        438.35714285714283,
        204.2
      ],
      [
        464.1428571428571,
        204.2
      ],
      [
        477.0357142857143,
        204.2
      ],
      [
        515.7142857142857,
        204.2
      ],
      [
        528.6071428571429,
        204.2
      ],
      [
        103.14285714285714,
        216.96249999999998
      ],
      [
        128.92857142857142,
        216.96249999999998
      ],
      [
        141.82142857142856,
        216.96249999999998
      ],
      [
        154.71428571428572,
        216.96249999999998
      ],
      [
        167.60714285714286,
        216.96249999999998
      ],
      [
        180.5,
        216.96249999999998
      ],
      [
        193.39285714285714,
        216.96249999999998
      ],
      [
        270.75,
        216.96249999999998
      ],
      [
        283.6428571428571,
        216.96249999999998
      ],
      [
        296.5357142857143,
        216.96249999999998
      ],
      [
        489.9285714285714,
        216.96249999999998
      ],
      [
        502.82142857142856,
        216.96249999999998
      ],
      [
        515.7142857142857,
        216.96249999999998
      ],
      [
        528.6071428571429,
        216.96249999999998
      ],
      [
        541.5,
        216.96249999999998
      ],
      [
        141.82142857142856,
        229.725
      ],
      [
        154.71428571428572,
        229.725
      ],
      [
        167.60714285714286,
        229.725
      ],
      [
        180.5,
        229.725
      ],
      [
        193.39285714285714,
        229.725
      ],
      [
        270.75,
        229.725
      ],
      [
        283.6428571428571,
        229.725
      ],
      [
        296.5357142857143,
        229.725
      ],
      [
        464.1428571428571,
        229.725
      ],
      [
        477.0357142857143,
        229.725
      ],
      [
        489.9285714285714,
        229.725
      ],
      [
        502.82142857142856,
        229.725
      ],
      [
        528.6071428571429,
        229.725
      ],
      [
        541.5,
        229.725
      ],
      [
        554.3928571428571,
        229.725
      ],
      [
        154.71428571428572,
        242.48749999999998
      ],
      [
        167.60714285714286,
        242.48749999999998
      ],
      [
        219.17857142857142,
        242.48749999999998
      ],
      [
        257.85714285714283,
        242.48749999999998
      ],
      [
        270.75,
        242.48749999999998
      ],
      [
        283.6428571428571,
        242.48749999999998
      ],
      [
        296.5357142857143,
        242.48749999999998
      ],
      [
        489.9285714285714,
        242.48749999999998
      ],
      [
        541.5,
        242.48749999999998
      ],
      [
        554.3928571428571,
        242.48749999999998
      ],
      [
        154.71428571428572,
        255.25
      ],
      [
        206.28571428571428,
        255.25
      ],
      [
        270.75,
        255.25
      ],
      [
        283.6428571428571,
        255.25
      ],
      [
        296.5357142857143,
        255.25
      ],
      [
        141.82142857142856,
        268.0125
      ],
      [
        154.71428571428572,
        268.0125
      ],
      [
        167.60714285714286,
        268.0125
      ],
      [
        232.07142857142856,
        268.0125
      ],
      [
        270.75,
        268.0125
      ],
      [
        283.6428571428571,
        268.0125
      ],
      [
        270.75,
        280.775
      ],
      [
        283.6428571428571,
        280.775
      ],
      [
        180.5,
        357.34999999999997
      ],
      [
        193.39285714285714,
        370.11249999999995
      ],
      [
        141.82142857142856,
        395.6375
      ],
      [
        64.46428571428571,
        421.16249999999997
      ],
      [
        141.82142857142856,
        421.16249999999997
      ],
      [
        64.46428571428571,
        433.92499999999995
      ],
      [
        64.46428571428571,
        446.6875
      ],
      [
        141.82142857142856,
        446.6875
      ],
      [
        38.67857142857143,
        459.45
      ],
      [
        51.57142857142857,
        472.2125
      ],
      [
        64.46428571428571,
        472.2125
      ],
      [
        103.14285714285714,
        472.2125
      ],
      [
        38.67857142857143,
        484.97499999999997
      ],
      [
        51.57142857142857,
        484.97499999999997
      ],
      [
        64.46428571428571,
        484.97499999999997
      ],
      [
        399.6785714285714,
        484.97499999999997
      ],
      [
        38.67857142857143,
        497.73749999999995
      ],
      [
        51.57142857142857,
        497.73749999999995
      ],
      [
        64.46428571428571,
        497.73749999999995
      ],
      [
        77.35714285714286,
        497.73749999999995
      ],
      [
        90.25,
        497.73749999999995
      ],
      [
        103.14285714285714,
        497.73749999999995
      ],
      [
        399.6785714285714,
        497.73749999999995
      ],
      [
        38.67857142857143,
        510.5
      ],
      [
        64.46428571428571,
        510.5
      ],
      [
        77.35714285714286,
        510.5
      ],
      [
        90.25,
        510.5
      ],
      [
