{
  "sl_no": 1,
  "match_info": {
    "center": "live_locate:place:Shepherdswell Road (west)",
    "zoom": 17,
    "rotation": 0,
    "n_inliers": 33,
    "score": 16.38,
    "scale_factor": 0.424,
    "avg_scale": 0.9973,
    "window": [
      0,
      1309
    ],
    "center_latlon": [
      51.19109486713891,
      1.2417584342537396
    ],
    "anchor_latlon": [
      51.1976861724235,
      1.25273665483454
    ],
    "_inlier_pts_map": [
      [
        637.0714285714287,
        227.825
      ],
      [
        583.9821428571429,
        245.34999999999997
      ],
      [
        601.6785714285714,
        245.34999999999997
      ],
      [
        619.375,
        245.34999999999997
      ],
      [
        637.0714285714287,
        245.34999999999997
      ],
      [
        548.5892857142858,
        262.875
      ],
      [
        566.2857142857143,
        262.875
      ],
      [
        583.9821428571429,
        262.875
      ],
      [
        601.6785714285714,
        262.875
      ],
      [
        637.0714285714287,
        262.875
      ],
      [
        672.4642857142858,
        262.875
      ],
      [
        300.8392857142857,
        280.4
      ],
      [
        477.80357142857144,
        280.4
      ],
      [
        495.50000000000006,
        280.4
      ],
      [
        513.1964285714287,
        280.4
      ],
      [
        530.8928571428572,
        280.4
      ],
      [
        548.5892857142858,
        280.4
      ],
      [
        566.2857142857143,
        280.4
      ],
      [
        583.9821428571429,
        280.4
      ],
      [
        654.7678571428572,
        280.4
      ],
      [
        672.4642857142858,
        280.4
      ],
      [
        283.14285714285717,
        297.92499999999995
      ],
      [
        477.80357142857144,
        297.92499999999995
      ],
      [
        495.50000000000006,
        297.92499999999995
      ],
      [
        513.1964285714287,
        297.92499999999995
      ],
      [
        530.8928571428572,
        297.92499999999995
      ],
      [
        548.5892857142858,
        297.92499999999995
      ],
      [
        566.2857142857143,
        297.92499999999995
      ],
      [
        690.1607142857143,
        297.92499999999995
      ],
      [
        283.14285714285717,
        315.45
      ],
      [
        530.8928571428572,
        315.45
      ],
      [
        548.5892857142858,
        315.45
      ],
      [
        513.1964285714287,
        332.97499999999997
      ]
    ],
    "_rot_map_shape": [
      1402,
      991
    ]
  },
  "processing_time": 261.3057508468628,
  "agent_accepted": true,
  "agent_reason": "[accepted] The site was located on Shepherdswell Road near the 'Golgotha' area and the railway tunnel portal. Three attempts were made using different points along Shepher",
  "agent_stats": {
    "position_calls": 1,
    "pdf_info": {
      "site_address": "Land at Golgotha, Shepherdswell in the Rural District of Dover and Eythorne in the Rural District of Eastry",
      "postcodes": [],
      "grid_refs": [
        "TR 2648"
      ],
      "scale": "1:2500",
      "map_pages": [
        4
      ],
      "map_page_details": [
        {
          "page": 4,
          "category": "match",
          "area_group": 0,
          "boundary_clarity": "clear",
          "detail_level": "close",
          "caption": "Site plan at 1:2500 showing land at Golgotha, Shepherdswell shaded pink."
        }
      ],
      "road_names": [
        "Shepherdswell Road"
      ],
      "place_names": [
        "Golgotha",
        "Shepherdswell",
        "Railway Bungalows",
        "Summerfield"
      ],
      "is_district_wide": false,
      "district_name": null,
      "house_number_road_pairs": [],
      "parish_names": [
        "Eythorne"
      ],
      "admin_region": "Dover",
      "likely_town_or_city": "Shepherdswell",
      "visible_map_labels": [
        "Golgotha",
        "Shepherdswell Road",
        "Railway Bungalows",
        "Summerfield",
        "R.D. Bdy"
      ],
      "adjacency_hints": []
    },
    "reader_request_tokens": 5562,
    "reader_response_tokens": 280,
    "locate_n_calls": 3,
    "locate_request_tokens": 42876,
    "locate_response_tokens": 1125,
    "locate_calls": [
      {
        "request_tokens": 14538,
        "response_tokens": 322,
        "n_messages": 11,
        "generation_id": "gen-1779677820-GyfX3XTUVhohfGmaADv4"
      },
      {
        "request_tokens": 14941,
        "response_tokens": 410,
        "n_messages": 20,
        "generation_id": "gen-1779677899-Jj58ObXHx5pYVEzWDN3t"
      },
      {
        "request_tokens": 13397,
        "response_tokens": 393,
        "n_messages": 26,
        "generation_id": "gen-1779677969-QLSxES97cunA5yMFcF98"
      }
    ],
    "outcome_status": "accepted",
    "outcome_reasoning": "The site was located on Shepherdswell Road near the 'Golgotha' area and the railway tunnel portal. Three attempts were made using different points along Shepherdswell Road. The second attempt (candidate_id 1) at (51.1977, 1.2527) yielded the best results with 33 inliers and excellent scale consistency (0.99), correctly aligning the road and railway features. Although 33 inliers is in the 'WEAK' tier, it was the strongest match obtained and the scale consistency confirms a correct geometric fit. The boundary was extracted from page 4.",
    "rotation_checked": false,
    "tool_calls": {
      "propose_centers": 3,
      "match_at": 3,
      "commit_match": 1,
      "final_result": 1
    },
    "total_tool_calls": 8,
    "n_turns": 17,
    "validator_retries": 0,
    "worker_request_tokens": 42382,
    "worker_response_tokens": 597,
    "request_tokens": 90820,
    "response_tokens": 2002,
    "total_tokens": 92822,
    "critic": {
      "n_rejections": 0,
      "iterations": [
        {
          "iter_idx": 0,
          "action": "approve",
          "chosen_candidate_id": 1,
          "reasoning": "Candidate 1 shows strong visual alignment with a perfect scale_consistency of 0.99. The red polygon correctly sits south of the main road junction and aligns with the distinctive triangular field boundary shown in green on the planning map, situated west of the settlement at Eythorne.",
          "wall_s": 2.7,
          "llm_error": null
        }
      ],
      "tokens": {
        "request": 5212,
        "response": 86
      }
    }
  },
  "valid_ground_truth": true,
  "valid_prediction": true,
  "validation_error": null,
  "iou": 0.8808988193868672,
  "precision": 0.934011297642177,
  "recall": 0.939361143801255,
  "f1_score": 0.9366785818632347,
  "positioning_error_m": 6.321236632519476,
  "worker_first_iou": 0.8808988193868672,
  "worker_first_metrics": {
    "valid_ground_truth": true,
    "valid_prediction": true,
    "validation_error": null,
    "iou": 0.8808988193868672,
    "precision": 0.934011297642177,
    "recall": 0.939361143801255,
    "f1_score": 0.9366785818632347,
    "positioning_error_m": 6.321236632519476
  }
}