{
  "sl_no": 113,
  "match_info": {
    "center": "live_locate:place:Barnack",
    "zoom": 18,
    "rotation": 0,
    "n_inliers": 98,
    "score": 38.09,
    "scale_factor": 0.745,
    "avg_scale": 0.6563,
    "window": [
      1580,
      474
    ],
    "center_latlon": [
      52.632469616271614,
      -0.40577958457606655
    ],
    "anchor_latlon": [
      52.6322575158845,
      -0.409476066208554
    ],
    "_inlier_pts_map": [
      [
        528.4285714285714,
        174.1
      ],
      [
        550.4464285714286,
        174.1
      ],
      [
        220.17857142857142,
        217.625
      ],
      [
        242.19642857142856,
        217.625
      ],
      [
        418.3392857142857,
        217.625
      ],
      [
        440.35714285714283,
        217.625
      ],
      [
        418.3392857142857,
        239.3875
      ],
      [
        484.3928571428571,
        239.3875
      ],
      [
        506.4107142857143,
        239.3875
      ],
      [
        242.19642857142856,
        261.15
      ],
      [
        968.7857142857142,
        261.15
      ],
      [
        1034.8392857142858,
        261.15
      ],
      [
        220.17857142857142,
        282.91249999999997
      ],
      [
        242.19642857142856,
        282.91249999999997
      ],
      [
        264.2142857142857,
        282.91249999999997
      ],
      [
        858.6964285714286,
        282.91249999999997
      ],
      [
        968.7857142857142,
        282.91249999999997
      ],
      [
        1012.8214285714286,
        282.91249999999997
      ],
      [
        1034.8392857142858,
        282.91249999999997
      ],
      [
        1122.9107142857142,
        282.91249999999997
      ],
      [
        528.4285714285714,
        304.675
      ],
      [
        1034.8392857142858,
        326.4375
      ],
      [
        1100.892857142857,
        326.4375
      ],
      [
        1034.8392857142858,
        348.2
      ],
      [
        1078.875,
        348.2
      ],
      [
        990.8035714285714,
        369.9625
      ],
      [
        1034.8392857142858,
        391.72499999999997
      ],
      [
        1056.857142857143,
        391.72499999999997
      ],
      [
        638.5178571428571,
        413.4875
      ],
      [
        660.5357142857142,
        413.4875
      ],
      [
        660.5357142857142,
        435.25
      ],
      [
        902.7321428571429,
        435.25
      ],
      [
        924.75,
        435.25
      ],
      [
        968.7857142857142,
        435.25
      ],
      [
        880.7142857142857,
        457.0125
      ],
      [
        924.75,
        457.0125
      ],
      [
        968.7857142857142,
        457.0125
      ],
      [
        990.8035714285714,
        457.0125
      ],
      [
        1034.8392857142858,
        457.0125
      ],
      [
        968.7857142857142,
        478.775
      ],
      [
        990.8035714285714,
        478.775
      ],
      [
        1034.8392857142858,
        478.775
      ],
      [
        836.6785714285714,
        522.3
      ],
      [
        902.7321428571429,
        522.3
      ],
      [
        946.7678571428571,
        522.3
      ],
      [
        968.7857142857142,
        522.3
      ],
      [
        814.6607142857142,
        565.8249999999999
      ],
      [
        836.6785714285714,
        565.8249999999999
      ],
      [
        880.7142857142857,
        565.8249999999999
      ],
      [
        902.7321428571429,
        565.8249999999999
      ],
      [
        924.75,
        565.8249999999999
      ],
      [
        836.6785714285714,
        587.5875
      ],
      [
        858.6964285714286,
        587.5875
      ],
      [
        902.7321428571429,
        587.5875
      ],
      [
        924.75,
        587.5875
      ],
      [
        946.7678571428571,
        631.1125
      ],
      [
        968.7857142857142,
        631.1125
      ],
      [
        1056.857142857143,
        631.1125
      ],
      [
        946.7678571428571,
        652.875
      ],
      [
        968.7857142857142,
        652.875
      ],
      [
        1056.857142857143,
        652.875
      ],
      [
        880.7142857142857,
        696.4
      ],
      [
        836.6785714285714,
        718.1625
      ],
      [
        770.625,
        739.925
      ],
      [
        748.6071428571429,
        761.6875
      ],
      [
        770.625,
        761.6875
      ],
      [
        792.6428571428571,
        761.6875
      ],
      [
        748.6071428571429,
        783.4499999999999
      ],
      [
        792.6428571428571,
        805.2125
      ],
      [
        792.6428571428571,
        826.975
      ],
      [
        572.4642857142857,
        892.2624999999999
      ],
      [
        550.4464285714286,
        935.7875
      ],
      [
        638.5178571428571,
        935.7875
      ],
      [
        550.4464285714286,
        957.55
      ],
      [
        572.4642857142857,
        957.55
      ],
      [
        572.4642857142857,
        979.3125
      ],
      [
        308.25,
        1066.3625
      ],
      [
        836.6785714285714,
        1088.125
      ],
      [
        176.14285714285714,
        1109.8875
      ],
      [
        352.2857142857143,
        1109.8875
      ],
      [
        374.30357142857144,
        1109.8875
      ],
      [
        374.30357142857144,
        1131.6499999999999
      ],
      [
        242.19642857142856,
        1153.4125
      ],
      [
        154.125,
        1175.175
      ],
      [
        176.14285714285714,
        1175.175
      ],
      [
        198.16071428571428,
        1175.175
      ],
      [
        242.19642857142856,
        1175.175
      ],
      [
        308.25,
        1175.175
      ],
      [
        176.14285714285714,
        1196.9375
      ],
      [
        198.16071428571428,
        1196.9375
      ],
      [
        242.19642857142856,
        1196.9375
      ],
      [
        308.25,
        1196.9375
      ],
      [
        330.2678571428571,
        1196.9375
      ],
      [
        660.5357142857142,
        1327.5125
      ],
      [
        682.5535714285714,
        1327.5125
      ],
      [
        682.5535714285714,
        1349.2749999999999
      ],
      [
        726.5892857142857,
        1349.2749999999999
      ],
      [
        792.6428571428571,
        1371.0375
      ]
    ],
    "_rot_map_shape": [
      1741,
      1233
    ]
  },
  "processing_time": 195.67983603477478,
  "agent_accepted": true,
  "agent_reason": "[accepted] The planning boundary for Garthside, Main Street, Barnack was identified on page 2. Two positioning attempts were made: one using the postcode PE9 3DN and anoth",
  "agent_stats": {
    "position_calls": 1,
    "pdf_info": {
      "site_address": "Garthside, Main Street, Barnack, Stamford, PE9 3DN",
      "postcodes": [
        "PE9 3DN"
      ],
      "grid_refs": [],
      "scale": null,
      "map_pages": [
        2
      ],
      "map_page_details": [
        {
          "page": 1,
          "category": "discard",
          "area_group": -1,
          "boundary_clarity": "none",
          "detail_level": "wide",
          "caption": "Article 4 Direction text for Barnack Conservation Area."
        },
        {
          "page": 2,
          "category": "match",
          "area_group": 0,
          "boundary_clarity": "clear",
          "detail_level": "close",
          "caption": "Location Plan showing red boundary around Garthside, Main Street, Barnack."
        }
      ],
      "road_names": [
        "Main Street",
        "Orchard Road"
      ],
      "place_names": [],
      "is_district_wide": false,
      "district_name": null,
      "house_number_road_pairs": [],
      "parish_names": [],
      "admin_region": null,
      "likely_town_or_city": null,
      "visible_map_labels": [],
      "adjacency_hints": []
    },