{
  "sl_no": 203,
  "match_info": {
    "center": "live_locate:place:Sandridgebury Lane",
    "zoom": 17,
    "rotation": 0,
    "n_inliers": 187,
    "score": 95.65,
    "scale_factor": 0.859,
    "avg_scale": 1.0091,
    "window": [
      940,
      1128
    ],
    "center_latlon": [
      51.77494464026958,
      -0.3208073059756771
    ],
    "anchor_latlon": [
      51.7779420760256,
      -0.319985097898635
    ],
    "_inlier_pts_map": [
      [
        1261.607142857143,
        521.85
      ],
      [
        1286.8392857142858,
        521.85
      ],
      [
        1312.0714285714287,
        521.85
      ],
      [
        1236.375,
        546.7
      ],
      [
        1261.607142857143,
        546.7
      ],
      [
        1286.8392857142858,
        546.7
      ],
      [
        1160.6785714285716,
        571.5500000000001
      ],
      [
        1185.9107142857142,
        571.5500000000001
      ],
      [
        1211.142857142857,
        571.5500000000001
      ],
      [
        1236.375,
        571.5500000000001
      ],
      [
        1261.607142857143,
        571.5500000000001
      ],
      [
        1286.8392857142858,
        571.5500000000001
      ],
      [
        479.4107142857143,
        596.4000000000001
      ],
      [
        1185.9107142857142,
        596.4000000000001
      ],
      [
        1211.142857142857,
        596.4000000000001
      ],
      [
        1236.375,
        596.4000000000001
      ],
      [
        1261.607142857143,
        596.4000000000001
      ],
      [
        1286.8392857142858,
        596.4000000000001
      ],
      [
        1110.2142857142858,
        621.25
      ],
      [
        1135.4464285714287,
        621.25
      ],
      [
        1185.9107142857142,
        621.25
      ],
      [
        1211.142857142857,
        621.25
      ],
      [
        1236.375,
        621.25
      ],
      [
        1286.8392857142858,
        621.25
      ],
      [
        378.4821428571429,
        646.1
      ],
      [
        479.4107142857143,
        646.1
      ],
      [
        378.4821428571429,
        670.95
      ],
      [
        403.7142857142857,
        670.95
      ],
      [
        1084.982142857143,
        670.95
      ],
      [
        984.0535714285714,
        695.8000000000001
      ],
      [
        1009.2857142857143,
        695.8000000000001
      ],
      [
        1059.75,
        720.6500000000001
      ],
      [
        1084.982142857143,
        720.6500000000001
      ],
      [
        984.0535714285714,
        745.5
      ],
      [
        1009.2857142857143,
        745.5
      ],
      [
        1034.517857142857,
        745.5
      ],
      [
        1059.75,
        745.5
      ],
      [
        1110.2142857142858,
        745.5
      ],
      [
        1009.2857142857143,
        770.35
      ],
      [
        1034.517857142857,
        770.35
      ],
      [
        1059.75,
        770.35
      ],
      [
        1084.982142857143,
        770.35
      ],
      [
        1009.2857142857143,
        795.2
      ],
      [
        1034.517857142857,
        795.2
      ],
      [
        1059.75,
        795.2
      ],
      [
        1084.982142857143,
        795.2
      ],
      [
        984.0535714285714,
        820.0500000000001
      ],
      [
        1009.2857142857143,
        820.0500000000001
      ],
      [
        1034.517857142857,
        820.0500000000001
      ],
      [
        403.7142857142857,
        1192.8000000000002
      ],
      [
        1160.6785714285716,
        1192.8000000000002
      ],
      [
        1185.9107142857142,
        1192.8000000000002
      ],
      [
        328.01785714285717,
        1217.65
      ],
      [
        403.7142857142857,
        1217.65
      ],
      [
        1261.607142857143,
        1217.65
      ],
      [
        1286.8392857142858,
        1217.65
      ],
      [
        252.32142857142858,
        1242.5
      ],
      [
        378.4821428571429,
        1242.5
      ],
      [
        428.94642857142856,
        1242.5
      ],
      [
        454.17857142857144,
        1242.5
      ],
      [
        1160.6785714285716,
        1242.5
      ],
      [
        227.08928571428572,
        1267.3500000000001
      ],
      [
        252.32142857142858,
        1267.3500000000001
      ],
      [
        277.55357142857144,
        1267.3500000000001
      ],
      [
        302.7857142857143,
        1267.3500000000001
      ],
      [
        328.01785714285717,
        1267.3500000000001
      ],
      [
        353.25,
        1267.3500000000001
      ],
      [
        428.94642857142856,
        1267.3500000000001
      ],
      [
        454.17857142857144,
        1267.3500000000001
      ],
      [
        479.4107142857143,
        1267.3500000000001
      ],
      [
        1084.982142857143,
        1267.3500000000001
      ],
      [
        1110.2142857142858,
        1267.3500000000001
      ],
      [
        1160.6785714285716,
        1267.3500000000001
      ],
      [
        1312.0714285714287,
        1267.3500000000001
      ],
      [
        201.85714285714286,
        1292.2
      ],
      [
        227.08928571428572,
        1292.2
      ],
      [
        252.32142857142858,
        1292.2
      ],
      [
        277.55357142857144,
        1292.2
      ],
      [
        302.7857142857143,
        1292.2
      ],
      [
        328.01785714285717,
        1292.2
      ],
      [
        353.25,
        1292.2
      ],
      [
        428.94642857142856,
        1292.2
      ],
      [
        454.17857142857144,
        1292.2
      ],
      [
        479.4107142857143,
        1292.2
      ],
      [
        1084.982142857143,
        1292.2
      ],
      [
        1160.6785714285716,
        1292.2
      ],
      [
        176.625,
        1317.0500000000002
      ],
      [
        201.85714285714286,
        1317.0500000000002
      ],
      [
        227.08928571428572,
        1317.0500000000002
      ],
      [
        252.32142857142858,
        1317.0500000000002
      ],
      [
        277.55357142857144,
        1317.0500000000002
      ],
      [
        302.7857142857143,
        1317.0500000000002
      ],
      [
        328.01785714285717,
        1317.0500000000002
      ],
      [
        353.25,
        1317.0500000000002
      ],
      [
        428.94642857142856,
        1317.0500000000002
      ],
      [
        454.17857142857144,
        1317.0500000000002
      ],
      [
        479.4107142857143,
        1317.0500000000002
      ],
      [
        504.64285714285717,
        1317.0500000000002
      ],
      [
        201.85714285714286,
        1341.9
      ],
      [
        227.08928571428572,
        1341.9
      ],
      [
        252.32142857142858,
        1341.9
      ],
      [
        277.55357142857144,
        1341.9
      ],
      [
        302.7857142857143,
        1341.9
      ],
      [
        328.01785714285717,
        1341.9
      ],
      [
        353.25,
        1341.9
      ],
      [
        428.94642857142856,
        1341.9
      ],
      [
        454.17857142857144,
        1341.9
      ],
      [
        479.4107142857143,
        1341.9
      ],
      [
        504.64285714285717,
        1341.9
      ],
      [
        176.625,
        1366.75
      ],
      [
        201.85714285714286,
        1366.75
      ],
      [
        227.08928571428572,
        1366.75
      ],
      [
        252.32142857142858,
        1366.75
      ],
      [
        277.55357142857144,
        1366.75
      ],
      [
        302.7857142857143,
        1366.75
      ],
      [
        328.01785714285717,
        1366.75
      ],
      [
        353.25,
        1366.75
      ],
      [
        428.94642857142856,
        1366.75
      ],
      [
        454.17857142857144,
        1366.75
      ],
      [
        479.4107142857143,
        1366.75
      ],
      [
