{
  "sl_no": 189,
  "match_info": {
    "center": "live_locate:place:Nursling",
    "zoom": 18,
    "rotation": 0,
    "n_inliers": 28,
    "score": 11.23,
    "scale_factor": 0.717,
    "avg_scale": 0.9591,
    "window": [
      582,
      2328
    ],
    "center_latlon": [
      50.94144292534379,
      -1.4675485737195402
    ],
    "anchor_latlon": [
      50.9449794378961,
      -1.4637688782761
    ],
    "_inlier_pts_map": [
      [
        487.10714285714283,
        460.9
      ],
      [
        508.2857142857142,
        460.9
      ],
      [
        487.10714285714283,
        481.84999999999997
      ],
      [
        508.2857142857142,
        481.84999999999997
      ],
      [
        487.10714285714283,
        502.79999999999995
      ],
      [
        84.71428571428571,
        1257.0
      ],
      [
        42.357142857142854,
        1277.95
      ],
      [
        63.53571428571428,
        1277.95
      ],
      [
        84.71428571428571,
        1277.95
      ],
      [
        105.89285714285714,
        1277.95
      ],
      [
        42.357142857142854,
        1298.8999999999999
      ],
      [
        63.53571428571428,
        1298.8999999999999
      ],
      [
        84.71428571428571,
        1298.8999999999999
      ],
      [
        105.89285714285714,
        1298.8999999999999
      ],
      [
        127.07142857142856,
        1298.8999999999999
      ],
      [
        42.357142857142854,
        1319.85
      ],
      [
        63.53571428571428,
        1319.85
      ],
      [
        84.71428571428571,
        1319.85
      ],
      [
        105.89285714285714,
        1319.85
      ],
      [
        127.07142857142856,
        1319.85
      ],
      [
        42.357142857142854,
        1340.8
      ],
      [
        63.53571428571428,
        1340.8
      ],
      [
        84.71428571428571,
        1340.8
      ],
      [
        105.89285714285714,
        1340.8
      ],
      [
        127.07142857142856,
        1340.8
      ],
      [
        42.357142857142854,
        1361.75
      ],
      [
        63.53571428571428,
        1361.75
      ],
      [
        84.71428571428571,
        1361.75
      ]
    ],
    "_rot_map_shape": [
      1676,
      1186
    ]
  },
  "processing_time": 401.2442789077759,
  "agent_accepted": true,
  "agent_reason": "[accepted] The document is an Article 4 Direction covering the entire New Forest National Park. Page 3 contains a wide-scale regional map showing the National Park boundar",
  "agent_stats": {
    "position_calls": 1,
    "pdf_info": {
      "site_address": "New Forest National Park",
      "postcodes": [
        "SO41 9ZG"
      ],
      "grid_refs": [],
      "scale": null,
      "map_pages": [
        3
      ],
      "map_page_details": [
        {
          "page": 1,
          "category": "discard",
          "area_group": -1,
          "boundary_clarity": "none",
          "detail_level": "wide",
          "caption": "Article 4 Direction text - Schedule 1 description of development."
        },
        {
          "page": 2,
          "category": "discard",
          "area_group": -1,
          "boundary_clarity": "none",
          "detail_level": "wide",
          "caption": "Schedule 2 text - 'all the land within the New Forest National Park'."
        },
        {
          "page": 3,
          "category": "match",
          "area_group": 0,
          "boundary_clarity": "clear",
          "detail_level": "wide",
          "caption": "Article 4 Direction Plan showing New Forest National Park Boundary in red."
        }
      ],
      "road_names": [
        "Avenue Road",
        "A31",
        "A36",
        "A338",
        "M27",
        "M271",
        "A33",
        "M3",
        "A337"
      ],
      "place_names": [],
      "is_district_wide": false,
      "district_name": null,
      "house_number_road_pairs": [],
      "parish_names": [],
      "admin_region": null,
      "likely_town_or_city": null,
      "visible_map_labels": [],
      "adjacency_hints": []
    },
    "outcome_status": "accepted",
    "outcome_reasoning": "The document is an Article 4 Direction covering the entire New Forest National Park. Page 3 contains a wide-scale regional map showing the National Park boundary in red. Due to the very large geographic area and small scale of the map, RANSAC inlier counts were relatively low. I tested several central and peripheral anchors (Lyndhurst, Cadnam, New Forest centroid, and Nursling). The Nursling anchor (near the M27/M271 junction) provided the strongest match with 28 inliers and excellent scale consistency (0.92). I have committed this match to project the boundary of the National Park.",
    "rotation_checked": false,
    "tool_calls": {
      "submit_pdf_info": 1,
      "propose_centers": 4,
      "match_at": 4,
      "commit_match": 1,
      "final_result": 1
    },
    "total_tool_calls": 11,
    "n_turns": 23,
    "validator_retries": 0,
    "worker_request_tokens": 106305,
    "worker_response_tokens": 983,
    "request_tokens": 106305,
    "response_tokens": 983,
    "total_tokens": 107288
  },
  "valid_ground_truth": true,
  "valid_prediction": true,
  "validation_error": null,
  "iou": 0.0,
  "precision": 0.0,
  "recall": 0.0,
  "f1_score": 0.0,
  "positioning_error_m": 12997.614291622473
}