{
  "sl_no": 38,
  "match_info": {
    "center": "live_locate:place:Bawburgh (refined)",
    "zoom": 17,
    "rotation": 0,
    "n_inliers": 134,
    "score": 57.1,
    "scale_factor": 0.438,
    "avg_scale": 0.9788,
    "window": [
      464,
      464
    ],
    "center_latlon": [
      52.64149573024925,
      1.1783710211530831
    ],
    "anchor_latlon": [
      52.6405,
      1.1785
    ],
    "_inlier_pts_map": [
      [
        181.0,
        537.6
      ],
      [
        517.1428571428571,
        716.8000000000001
      ],
      [
        90.5,
        729.6
      ],
      [
        129.28571428571428,
        729.6
      ],
      [
        452.5,
        729.6
      ],
      [
        90.5,
        742.4000000000001
      ],
      [
        103.42857142857143,
        742.4000000000001
      ],
      [
        129.28571428571428,
        742.4000000000001
      ],
      [
        426.64285714285717,
        742.4000000000001
      ],
      [
        452.5,
        742.4000000000001
      ],
      [
        465.42857142857144,
        742.4000000000001
      ],
      [
        478.3571428571429,
        742.4000000000001
      ],
      [
        491.2857142857143,
        742.4000000000001
      ],
      [
        504.2142857142857,
        742.4000000000001
      ],
      [
        77.57142857142857,
        755.2
      ],
      [
        90.5,
        755.2
      ],
      [
        103.42857142857143,
        755.2
      ],
      [
        116.35714285714286,
        755.2
      ],
      [
        439.57142857142856,
        755.2
      ],
      [
        452.5,
        755.2
      ],
      [
        478.3571428571429,
        755.2
      ],
      [
        504.2142857142857,
        755.2
      ],
      [
        517.1428571428571,
        755.2
      ],
      [
        77.57142857142857,
        768.0
      ],
      [
        90.5,
        768.0
      ],
      [
        103.42857142857143,
        768.0
      ],
      [
        116.35714285714286,
        768.0
      ],
      [
        413.7142857142857,
        768.0
      ],
      [
        426.64285714285717,
        768.0
      ],
      [
        452.5,
        768.0
      ],
      [
        465.42857142857144,
        768.0
      ],
      [
        543.0,
        768.0
      ],
      [
        77.57142857142857,
        780.8000000000001
      ],
      [
        90.5,
        780.8000000000001
      ],
      [
        103.42857142857143,
        780.8000000000001
      ],
      [
        116.35714285714286,
        780.8000000000001
      ],
      [
        439.57142857142856,
        780.8000000000001
      ],
      [
        452.5,
        780.8000000000001
      ],
      [
        465.42857142857144,
        780.8000000000001
      ],
      [
        439.57142857142856,
        793.6
      ],
      [
        452.5,
        793.6
      ],
      [
        452.5,
        806.4000000000001
      ],
      [
        426.64285714285717,
        832.0
      ],
      [
        258.57142857142856,
        857.6
      ],
      [
        258.57142857142856,
        870.4000000000001
      ],
      [
        271.5,
        870.4000000000001
      ],
      [
        284.42857142857144,
        870.4000000000001
      ],
      [
        297.3571428571429,
        870.4000000000001
      ],
      [
        310.2857142857143,
        870.4000000000001
      ],
      [
        336.14285714285717,
        870.4000000000001
      ],
      [
        439.57142857142856,
        870.4000000000001
      ],
      [
        452.5,
        870.4000000000001
      ],
      [
        245.64285714285714,
        883.2
      ],
      [
        258.57142857142856,
        883.2
      ],
      [
        271.5,
        883.2
      ],
      [
        284.42857142857144,
        883.2
      ],
      [
        297.3571428571429,
        883.2
      ],
      [
        310.2857142857143,
        883.2
      ],
      [
        362.0,
        883.2
      ],
      [
        400.7857142857143,
        883.2
      ],
      [
        452.5,
        883.2
      ],
      [
        258.57142857142856,
        896.0
      ],
      [
        271.5,
        896.0
      ],
      [
        284.42857142857144,
        896.0
      ],
      [
        297.3571428571429,
        896.0
      ],
      [
        310.2857142857143,
        896.0
      ],
      [
        336.14285714285717,
        896.0
      ],
      [
        413.7142857142857,
        896.0
      ],
      [
        426.64285714285717,
        896.0
      ],
      [
        439.57142857142856,
        896.0
      ],
      [
        452.5,
        896.0
      ],
      [
        530.0714285714286,
        896.0
      ],
      [
        543.0,
        896.0
      ],
      [
        271.5,
        908.8000000000001
      ],
      [
        284.42857142857144,
        908.8000000000001
      ],
      [
        297.3571428571429,
        908.8000000000001
      ],
      [
        310.2857142857143,
        908.8000000000001
      ],
      [
        323.2142857142857,
        908.8000000000001
      ],
      [
        439.57142857142856,
        908.8000000000001
      ],
      [
        452.5,
        908.8000000000001
      ],
      [
        465.42857142857144,
        908.8000000000001
      ],
      [
        504.2142857142857,
        908.8000000000001
      ],
      [
        517.1428571428571,
        908.8000000000001
      ],
      [
        530.0714285714286,
        908.8000000000001
      ],
      [
        543.0,
        908.8000000000001
      ],
      [
        581.7857142857143,
        908.8000000000001
      ],
      [
        271.5,
        921.6
      ],
      [
        284.42857142857144,
        921.6
      ],
      [
        297.3571428571429,
        921.6
      ],
      [
        310.2857142857143,
        921.6
      ],
      [
        323.2142857142857,
        921.6
      ],
      [
        336.14285714285717,
        921.6
      ],
      [
        439.57142857142856,
        921.6
      ],
      [
        452.5,
        921.6
      ],
      [
        465.42857142857144,
        921.6
      ],
      [
        517.1428571428571,
        921.6
      ],
      [
        530.0714285714286,
        921.6
      ],
      [
        543.0,
        921.6
      ],
      [
        555.9285714285714,
        921.6
      ],
      [
        568.8571428571429,
        921.6
      ],
      [
        646.4285714285714,
        921.6
      ],
      [
        685.2142857142858,
        921.6
      ],
      [
        271.5,
        934.4000000000001
      ],
      [
        284.42857142857144,
        934.4000000000001
      ],
      [
        297.3571428571429,
        934.4000000000001
      ],
      [
        310.2857142857143,
        934.4000000000001
      ],
      [
        323.2142857142857,
        934.4000000000001
      ],
      [
        336.14285714285717,
        934.4000000000001
      ],
      [
        349.07142857142856,
        934.4000000000001
      ],
      [
        452.5,
        934.4000000000001
      ],
      [
        465.42857142857144,
        934.4000000000001
      ],
      [
        517.1428571428571,
        934.4000000000001
      ],
      [
        530.0714285714286,
        934.4000000000001
      ],
      [
        543.0,
        934.4000000000001
      ],
      [
        555.9285714285714,
        934.4000000000001
      ],
      [
        685.2142857142858,
        934.4000000000001
      ],
      [
        284.42857142857144,
        947.2
      ],
      [
        297.3571428571429,
        947.2
      ],
      [
        310.2857142857143,
        947.2
      ],
      [
        323.2142857142857,
        947.2
      ],
      [
        336.14285714285717,
        947.2
      ],
      [
        349.07142857142856,
        947.2
      ],
      [
        452.5,
        947.2
      ],
      [
        465.42857142857144,
        947.2
      ],
      [
        478.3571428571429,
        947.2
      ],
      [
