{
  "sl_no": 21,
  "match_info": {
    "center": "live_locate:postcode:NR35 2RE",
    "zoom": 17,
    "rotation": 0,
    "n_inliers": 25,
    "score": 10.95,
    "scale_factor": 0.873,
    "avg_scale": 1.0022,
    "window": [
      132,
      792
    ],
    "center_latlon": [
      52.47151694917111,
      1.4430219435868992
    ],
    "anchor_latlon": [
      52.471355,
      1.449304
    ],
    "_inlier_pts_map": [
      [
        306.0,
        566.8928571428571
      ],
      [
        1453.5,
        644.1964285714286
      ],
      [
        1453.5,
        669.9642857142857
      ],
      [
        1479.0,
        669.9642857142857
      ],
      [
        1453.5,
        695.7321428571429
      ],
      [
        1479.0,
        695.7321428571429
      ],
      [
        1504.5,
        695.7321428571429
      ],
      [
        1555.5,
        695.7321428571429
      ],
      [
        1581.0,
        695.7321428571429
      ],
      [
        1504.5,
        721.5
      ],
      [
        1530.0,
        721.5
      ],
      [
        1555.5,
        721.5
      ],
      [
        1581.0,
        721.5
      ],
      [
        892.5,
        1159.5535714285713
      ],
      [
        918.0,
        1159.5535714285713
      ],
      [
        892.5,
        1185.3214285714284
      ],
      [
        918.0,
        1185.3214285714284
      ],
      [
        943.5,
        1185.3214285714284
      ],
      [
        918.0,
        1211.0892857142858
      ],
      [
        943.5,
        1211.0892857142858
      ],
      [
        969.0,
        1211.0892857142858
      ],
      [
        994.5,
        1211.0892857142858
      ],
      [
        892.5,
        1236.857142857143
      ],
      [
        969.0,
        1236.857142857143
      ],
      [
        994.5,
        1236.857142857143
      ]
    ],
    "_rot_map_shape": [
      1443,
      2040
    ]
  },
  "processing_time": 420.94325017929077,
  "agent_accepted": true,
  "agent_reason": "[accepted] The map shows a residential area in Ditchingham with multiple small sites. I used the postcode NR35 2RE (Rider Haggard Way) as an anchor, which yielded 25 inlie",
  "agent_stats": {
    "position_calls": 1,
    "pdf_info": {
      "site_address": "Various sites across South Norfolk District Council area including Aldeby, Ditchingham, and Loddon.",
      "postcodes": [],
      "grid_refs": [],
      "scale": null,
      "map_pages": [
        5
      ],
      "map_page_details": [
        {
          "page": 5,
          "category": "match",
          "area_group": 0,
          "boundary_clarity": "clear",
          "detail_level": "close",
          "caption": "Map of Ditchingham showing boundaries at Hallow Hill Road, Scudamore Place, and Windmill Green."
        }
      ],
      "road_names": [
        "Church Road",
        "Entrance Lane",
        "Hurst Road",
        "The Rise",
        "Hallow Hill Road",
        "Thwaite Road",
        "Forge Grove",
        "Kenyon Row",
        "Tensing Street",
        "Norwich Road_Ditchingham",
        "Longridge Road",
        "Clark Road",
        "Rider Haggard Way",
        "Green Lane",
        "Black Horse Dyke"
      ],
      "place_names": [
        "St Mary's Row",
        "Waveney Cottages",
        "Churchill Place",
        "Scudamore Place",
        "Windmill Green",
        "Smiths Knoll",
        "Princess Anne Terrace",
        "The Walks",
        "St Ethelberts Close",
        "Whiteways",
        "Everest Place",
        "Hilary Terrace",
        "Suckling Place",
        "Woodyard Square",
        "Agnes Hood Terrace",
        "Stone Cottages",
        "The Loke (Track)",
        "The Nook",
        "Heath House",
        "Pilgrim Cottage"
      ],
      "is_district_wide": false,
      "district_name": null,
      "house_number_road_pairs": [
        "1-15 St Mary's Row",
        "1-6 Waveney Cottages",
        "7-18 Church Road",
        "1-31 Churchill Place",
        "9-29 Entrance Lane",
        "13-29 Hurst Road",
        "1-7 The Rise",
        "25-39 Hallow Hill Road",
        "1-28 Scudamore Place",
        "12-20 Thwaite Road",
        "1-30 Windmill Green",
        "1-15 Forge Grove",
        "1-2 Kenyon Row",
        "1-13 Smiths Knoll",
        "1-9 Princess Anne Terrace",
        "2-80 The Walks",
        "1-12 St Ethelberts Close",
        "1-13 Whiteways",
        "1-2 Everest Place",
        "1-6 Hilary Terrace",
        "2-8 Suckling Place",
        "1-8 Tensing Street",
        "1-12 Woodyard Square"
      ],
      "parish_names": [
        "Aldeby",
        "Bergh Apton",
        "Brooke",
        "Chedgrave",
        "Ditchingham",
        "Gillingham",
        "Hedenham",
        "Loddon",
        "Thurton",
        "Wheatacre",
        "Woodton"
      ],
      "admin_region": "South Norfolk",
      "likely_town_or_city": "Ditchingham",
      "visible_map_labels": [
        "DITCHINGHAM",
        "HALLOW HILL ROAD",
        "Scudamore Place",
        "THWAITE ROAD_Ditchingham",
        "Windmill Green",
        "NORWICH ROAD_Ditchingham",
        "LONGRIDGE ROAD",
        "CLARK ROAD",
        "RIDER HAGGARD WAY",
        "GREEN LANE",
        "BLACK HORSE DYKE",
        "Agnes Hood Terrace",
        "Police House",
        "Post Office",
        "The Loke (Track)",
        "Playing Field"
      ],
      "adjacency_hints": []
    },
    "reader_request_tokens": 6070,
    "reader_response_tokens": 807,
    "locate_n_calls": 4,
    "locate_request_tokens": 60704,
    "locate_response_tokens": 1152,
    "locate_calls": [
      {
        "request_tokens": 12353,
        "response_tokens": 332,
        "n_messages": 9,
        "generation_id": "gen-1779680839-VGCqRjrVfgoh31jCLXjm"
      },
      {
        "request_tokens": 17013,
        "response_tokens": 328,
        "n_messages": 18,
        "generation_id": "gen-1779680946-8KInN7HABJ9I0Gb7OFGK"
      },
      {
        "request_tokens": 20309,
        "response_tokens": 358,
        "n_messages": 26,
        "generation_id": "gen-1779681055-aaHDxJfo9e5PDzh9lHil"
      },
      {
        "request_tokens": 11029,
        "response_tokens": 134,
        "n_messages": 30,
        "generation_id": "gen-1779681139-1fK7nw5iMW2pg9hwnqYI"
      }
    ],
    "outcome_status": "accepted",
    "outcome_reasoning": "The map shows a residential area in Ditchingham with multiple small sites. I used the postcode NR35 2RE (Rider Haggard Way) as an anchor, which yielded 25 inliers and excellent scale consistency (0.99). Although the inlier count is on the lower end of the 'OK' range, the perfect scale consistency and the correct identification of the residential cluster (Windmill Green, Scudamore Place) confirm the location. The segmentation successfully identified 4 polygons corresponding to the red-lined areas on the map.",
    "rotation_checked": true,
    "tool_calls": {
      "propose_centers": 4,
      "match_at": 4,
      "commit_match": 1,
      "final_result": 1
    },
    "total_tool_calls": 10,
    "n_turns": 21,
    "validator_retries": 0,
    "worker_request_tokens": 58839,
    "worker_response_tokens": 566,
    "request_tokens": 125613,
    "response_tokens": 2525,
    "total_tokens": 128138,
    "critic": {
      "n_rejections": 0,
      "iterations": [
        {
          "iter_idx": 0,
          "action": "approve",
          "chosen_candidate_id": 3,
          "reasoning": "Candidate 3 shows clear alignment with the village of Ditchingham. The projected red boundary correctly identifies the discrete blocks of land shown on the planning map, including the rectangular block at Scudamore Place and the linear strips at Windmill Green. The scale consistency of 1.0 and the n_inliers count (25) for this zoom level confirm a solid spatial match against the housing layout visible on the OS tile.",
          "wall_s": 3.0,
          "llm_error": null
        }
      ],
      "tokens": {
        "request": 5228,
        "response": 116
      }
    }
  },