{
  "sl_no": 263,
  "match_info": {
    "center": "live_locate:place:Shipley (A454)",
    "zoom": 17,
    "rotation": 0,
    "n_inliers": 28,
    "score": 12.65,
    "scale_factor": 0.875,
    "avg_scale": 1.0163,
    "window": [
      516,
      258
    ],
    "center_latlon": [
      52.574501140854984,
      -2.294795031833388
    ],
    "anchor_latlon": [
      52.568,
      -2.285
    ],
    "_inlier_pts_map": [
      [
        619.7142857142858,
        843.5625
      ],
      [
        593.8928571428572,
        869.125
      ],
      [
        619.7142857142858,
        869.125
      ],
      [
        671.3571428571429,
        869.125
      ],
      [
        697.1785714285714,
        869.125
      ],
      [
        542.25,
        894.6875
      ],
      [
        568.0714285714286,
        894.6875
      ],
      [
        593.8928571428572,
        894.6875
      ],
      [
        619.7142857142858,
        894.6875
      ],
      [
        645.5357142857143,
        894.6875
      ],
      [
        671.3571428571429,
        894.6875
      ],
      [
        697.1785714285714,
        894.6875
      ],
      [
        723.0,
        894.6875
      ],
      [
        516.4285714285714,
        920.25
      ],
      [
        542.25,
        920.25
      ],
      [
        568.0714285714286,
        920.25
      ],
      [
        593.8928571428572,
        920.25
      ],
      [
        619.7142857142858,
        920.25
      ],
      [
        645.5357142857143,
        920.25
      ],
      [
        671.3571428571429,
        920.25
      ],
      [
        697.1785714285714,
        920.25
      ],
      [
        723.0,
        920.25
      ],
      [
        542.25,
        945.8125
      ],
      [
        619.7142857142858,
        945.8125
      ],
      [
        645.5357142857143,
        945.8125
      ],
      [
        671.3571428571429,
        945.8125
      ],
      [
        697.1785714285714,
        945.8125
      ],
      [
        490.6071428571429,
        971.375
      ]
    ],
    "_rot_map_shape": [
      2045,
      1446
    ]
  },
  "processing_time": 518.1800618171692,
  "agent_accepted": true,
  "agent_reason": "[accepted] The application site is 'Clive View' on Bridgnorth Road (A454) in Shipley. I identified the site plan on page 3. I performed multiple match attempts using candi",
  "agent_stats": {
    "position_calls": 1,
    "pdf_info": {
      "site_address": "Clive View, Bridgnorth Road, Shipley, Staffordshire",
      "postcodes": [
        "WV8 1PX"
      ],
      "grid_refs": [],
      "scale": null,
      "map_pages": [
        3
      ],
      "map_page_details": [
        {
          "page": 3,
          "category": "match",
          "area_group": 0,
          "boundary_clarity": "clear",
          "detail_level": "close",
          "caption": "Site plan showing red boundary around Clive View, Bridgnorth Road, Shipley."
        }
      ],
      "road_names": [
        "Bridgnorth Road"
      ],
      "place_names": [
        "Clive View",
        "Shipley Cottages"
      ],
      "is_district_wide": false,
      "district_name": null,
      "house_number_road_pairs": [],
      "parish_names": [],
      "admin_region": null,
      "likely_town_or_city": "Shipley",
      "visible_map_labels": [
        "Bridgnorth Road",
        "Clive View",
        "Shipley Cottages",
        "Curtilage of dwellinghouse"
      ],
      "adjacency_hints": []
    },
    "outcome_status": "accepted",
    "outcome_reasoning": "The application site is 'Clive View' on Bridgnorth Road (A454) in Shipley. I identified the site plan on page 3. I performed multiple match attempts using candidates from propose_centers. The first candidate (id:0) at (52.568, -2.285) yielded the highest number of RANSAC inliers (28) and excellent scale consistency (0.968). Although the road name agreement was 0 (likely due to the sparse rural nature of the OS data at that specific point or a mismatch in the road label radius), the geometric match was the strongest among the attempts. Subsequent attempts at different points along Bridgnorth Road yielded fewer inliers (21-26). I have committed the best match (candidate 0) to produce the final boundary.",
    "rotation_checked": false,
    "tool_calls": {
      "submit_pdf_info": 1,
      "propose_centers": 6,
      "match_at": 5,
      "commit_match": 1,
      "final_result": 1
    },
    "total_tool_calls": 14,
    "n_turns": 29,
    "validator_retries": 1,
    "worker_request_tokens": 125716,
    "worker_response_tokens": 1143,
    "request_tokens": 125716,
    "response_tokens": 1143,
    "total_tokens": 126859
  },
  "valid_ground_truth": true,
  "valid_prediction": true,
  "validation_error": null,
  "iou": 0.0,
  "precision": 0.0,
  "recall": 0.0,
  "f1_score": 0.0,
  "positioning_error_m": 2678.0976083283417
}