{
  "sl_no": 49,
  "match_info": {
    "center": "live_locate:place:Foulsham Airfield",
    "zoom": 17,
    "rotation": 0,
    "n_inliers": 108,
    "score": 55.12,
    "scale_factor": 0.44,
    "avg_scale": 1.1466,
    "window": [
      347,
      347
    ],
    "center_latlon": [
      52.798724567384916,
      1.018356544749679
    ],
    "anchor_latlon": [
      52.791,
      1.035
    ],
    "_inlier_pts_map": [
      [
        207.71428571428572,
        256.75
      ],
      [
        116.83928571428572,
        269.58750000000003
      ],
      [
        129.82142857142858,
        269.58750000000003
      ],
      [
        194.73214285714286,
        269.58750000000003
      ],
      [
        207.71428571428572,
        269.58750000000003
      ],
      [
        220.69642857142858,
        269.58750000000003
      ],
      [
        103.85714285714286,
        282.425
      ],
      [
        116.83928571428572,
        282.425
      ],
      [
        129.82142857142858,
        282.425
      ],
      [
        142.80357142857144,
        282.425
      ],
      [
        155.78571428571428,
        282.425
      ],
      [
        168.76785714285714,
        282.425
      ],
      [
        181.75,
        282.425
      ],
      [
        194.73214285714286,
        282.425
      ],
      [
        207.71428571428572,
        282.425
      ],
      [
        220.69642857142858,
        282.425
      ],
      [
        103.85714285714286,
        295.2625
      ],
      [
        116.83928571428572,
        295.2625
      ],
      [
        129.82142857142858,
        295.2625
      ],
      [
        142.80357142857144,
        295.2625
      ],
      [
        155.78571428571428,
        295.2625
      ],
      [
        168.76785714285714,
        295.2625
      ],
      [
        181.75,
        295.2625
      ],
      [
        194.73214285714286,
        295.2625
      ],
      [
        207.71428571428572,
        295.2625
      ],
      [
        220.69642857142858,
        295.2625
      ],
      [
        103.85714285714286,
        308.1
      ],
      [
        116.83928571428572,
        308.1
      ],
      [
        129.82142857142858,
        308.1
      ],
      [
        142.80357142857144,
        308.1
      ],
      [
        155.78571428571428,
        308.1
      ],
      [
        168.76785714285714,
        308.1
      ],
      [
        181.75,
        308.1
      ],
      [
        194.73214285714286,
        308.1
      ],
      [
        207.71428571428572,
        308.1
      ],
      [
        103.85714285714286,
        320.9375
      ],
      [
        116.83928571428572,
        320.9375
      ],
      [
        129.82142857142858,
        320.9375
      ],
      [
        142.80357142857144,
        320.9375
      ],
      [
        155.78571428571428,
        320.9375
      ],
      [
        168.76785714285714,
        320.9375
      ],
      [
        181.75,
        320.9375
      ],
      [
        194.73214285714286,
        320.9375
      ],
      [
        207.71428571428572,
        320.9375
      ],
      [
        220.69642857142858,
        320.9375
      ],
      [
        116.83928571428572,
        333.77500000000003
      ],
      [
        129.82142857142858,
        333.77500000000003
      ],
      [
        142.80357142857144,
        333.77500000000003
      ],
      [
        155.78571428571428,
        333.77500000000003
      ],
      [
        168.76785714285714,
        333.77500000000003
      ],
      [
        181.75,
        333.77500000000003
      ],
      [
        194.73214285714286,
        333.77500000000003
      ],
      [
        207.71428571428572,
        333.77500000000003
      ],
      [
        220.69642857142858,
        333.77500000000003
      ],
      [
        155.78571428571428,
        346.6125
      ],
      [
        168.76785714285714,
        346.6125
      ],
      [
        181.75,
        346.6125
      ],
      [
        194.73214285714286,
        346.6125
      ],
      [
        207.71428571428572,
        346.6125
      ],
      [
        220.69642857142858,
        346.6125
      ],
      [
        168.76785714285714,
        359.45
      ],
      [
        181.75,
        359.45
      ],
      [
        194.73214285714286,
        359.45
      ],
      [
        207.71428571428572,
        359.45
      ],
      [
        90.875,
        436.475
      ],
      [
        77.89285714285714,
        449.3125
      ],
      [
        90.875,
        449.3125
      ],
      [
        103.85714285714286,
        449.3125
      ],
      [
        77.89285714285714,
        462.15000000000003
      ],
      [
        103.85714285714286,
        462.15000000000003
      ],
      [
        636.125,
        462.15000000000003
      ],
      [
        597.1785714285714,
        474.9875
      ],
      [
        610.1607142857143,
        474.9875
      ],
      [
        623.1428571428571,
        474.9875
      ],
      [
        636.125,
        474.9875
      ],
      [
        428.4107142857143,
        487.825
      ],
      [
        428.4107142857143,
        500.6625
      ],
      [
        415.42857142857144,
        526.3375
      ],
      [
        428.4107142857143,
        526.3375
      ],
      [
        441.39285714285717,
        526.3375
      ],
      [
        428.4107142857143,
        539.1750000000001
      ],
      [
        415.42857142857144,
        552.0125
      ],
      [
        428.4107142857143,
        552.0125
      ],
      [
        415.42857142857144,
        564.85
      ],
      [
        376.4821428571429,
        706.0625
      ],
      [
        337.5357142857143,
        718.9
      ],
      [
        350.51785714285717,
        718.9
      ],
      [
        363.5,
        718.9
      ],
      [
        376.4821428571429,
        718.9
      ],
      [
        337.5357142857143,
        731.7375000000001
      ],
      [
        350.51785714285717,
        731.7375000000001
      ],
      [
        363.5,
        731.7375000000001
      ],
      [
        376.4821428571429,
        731.7375000000001
      ],
      [
        324.55357142857144,
        744.575
      ],
      [
        337.5357142857143,
        744.575
      ],
      [
        350.51785714285717,
        744.575
      ],
      [
        363.5,
        744.575
      ],
      [
        376.4821428571429,
        744.575
      ],
      [
        389.4642857142857,
        744.575
      ],
      [
        337.5357142857143,
        757.4125
      ],
      [
        350.51785714285717,
        757.4125
      ],
      [
        363.5,
        757.4125
      ],
      [
        376.4821428571429,
        757.4125
      ],
      [
        389.4642857142857,
        757.4125
      ],
      [
        337.5357142857143,
        770.25
      ],
      [
        350.51785714285717,
        770.25
      ],
      [
        363.5,
        770.25
      ],
      [
        376.4821428571429,
        770.25
      ]
    ],
    "_rot_map_shape": [
      1027,
      727
    ]
  },
  "processing_time": 259.95382595062256,
  "agent_accepted": true,
  "agent_reason": "[accepted] [critic-switch to candidate 0] Candidate 0 has higher n_inliers (108 vs 71) and correctly positions the plot along the road boundary visible in the OS tile. Whi",
  "agent_stats": {
    "position_calls": 2,
    "pdf_info": {
      "site_address": "Land at Foulsham Airfield, Foulsham, Norfolk",
      "postcodes": [],
      "grid_refs": [],
      "scale": "1:2500",
      "map_pages": [
        3
      ],
      "map_page_details": [
        {
          "page": 3,
          "category": "match",
          "area_group": 0,
          "boundary_clarity": "clear",
          "detail_level": "close",
          "caption": "Site plan showing red boundary at Foulsham Airfield, Foulsham at 1:2500 scale."
        },
        {
          "page": 4,
          "category": "discard",
          "area_group": -1,