{
  "sl_no": 89,
  "match_info": {
    "center": "live_locate:postcode:PE9 3DN",
    "zoom": 19,
    "rotation": 0,
    "n_inliers": 107,
    "score": 44.61,
    "scale_factor": 0.876,
    "avg_scale": 1.1243,
    "window": [
      2064,
      774
    ],
    "center_latlon": [
      52.63244178213705,
      -0.404931796886558
    ],
    "anchor_latlon": [
      52.6321954809933,
      -0.40619790361015
    ],
    "_inlier_pts_map": [
      [
        983.9285714285714,
        204.9
      ],
      [
        854.4642857142857,
        307.35
      ],
      [
        880.3571428571429,
        307.35
      ],
      [
        906.25,
        307.35
      ],
      [
        854.4642857142857,
        332.96250000000003
      ],
      [
        880.3571428571429,
        332.96250000000003
      ],
      [
        906.25,
        332.96250000000003
      ],
      [
        828.5714285714286,
        358.575
      ],
      [
        906.25,
        384.1875
      ],
      [
        932.1428571428571,
        384.1875
      ],
      [
        647.3214285714286,
        409.8
      ],
      [
        983.9285714285714,
        409.8
      ],
      [
        983.9285714285714,
        435.4125
      ],
      [
        1009.8214285714286,
        435.4125
      ],
      [
        1009.8214285714286,
        461.02500000000003
      ],
      [
        1035.7142857142858,
        461.02500000000003
      ],
      [
        1061.607142857143,
        461.02500000000003
      ],
      [
        1087.5,
        461.02500000000003
      ],
      [
        1035.7142857142858,
        486.6375
      ],
      [
        1061.607142857143,
        486.6375
      ],
      [
        1087.5,
        486.6375
      ],
      [
        1113.392857142857,
        486.6375
      ],
      [
        828.5714285714286,
        512.25
      ],
      [
        932.1428571428571,
        512.25
      ],
      [
        958.0357142857142,
        512.25
      ],
      [
        1035.7142857142858,
        512.25
      ],
      [
        1061.607142857143,
        512.25
      ],
      [
        1087.5,
        512.25
      ],
      [
        828.5714285714286,
        537.8625000000001
      ],
      [
        854.4642857142857,
        537.8625000000001
      ],
      [
        880.3571428571429,
        537.8625000000001
      ],
      [
        906.25,
        537.8625000000001
      ],
      [
        1035.7142857142858,
        537.8625000000001
      ],
      [
        1061.607142857143,
        537.8625000000001
      ],
      [
        1087.5,
        537.8625000000001
      ],
      [
        828.5714285714286,
        563.475
      ],
      [
        854.4642857142857,
        563.475
      ],
      [
        880.3571428571429,
        563.475
      ],
      [
        906.25,
        563.475
      ],
      [
        932.1428571428571,
        563.475
      ],
      [
        828.5714285714286,
        589.0875
      ],
      [
        854.4642857142857,
        589.0875
      ],
      [
        880.3571428571429,
        589.0875
      ],
      [
        906.25,
        589.0875
      ],
      [
        932.1428571428571,
        589.0875
      ],
      [
        828.5714285714286,
        614.7
      ],
      [
        854.4642857142857,
        614.7
      ],
      [
        880.3571428571429,
        614.7
      ],
      [
        906.25,
        614.7
      ],
      [
        699.1071428571429,
        640.3125
      ],
      [
        725.0,
        640.3125
      ],
      [
        828.5714285714286,
        640.3125
      ],
      [
        854.4642857142857,
        640.3125
      ],
      [
        880.3571428571429,
        640.3125
      ],
      [
        750.8928571428571,
        665.9250000000001
      ],
      [
        776.7857142857142,
        665.9250000000001
      ],
      [
        802.6785714285714,
        665.9250000000001
      ],
      [
        828.5714285714286,
        665.9250000000001
      ],
      [
        880.3571428571429,
        665.9250000000001
      ],
      [
        906.25,
        665.9250000000001
      ],
      [
        932.1428571428571,
        665.9250000000001
      ],
      [
        958.0357142857142,
        665.9250000000001
      ],
      [
        1009.8214285714286,
        665.9250000000001
      ],
      [
        725.0,
        691.5375
      ],
      [
        750.8928571428571,
        691.5375
      ],
      [
        776.7857142857142,
        691.5375
      ],
      [
        802.6785714285714,
        691.5375
      ],
      [
        828.5714285714286,
        691.5375
      ],
      [
        854.4642857142857,
        691.5375
      ],
      [
        906.25,
        691.5375
      ],
      [
        932.1428571428571,
        691.5375
      ],
      [
        958.0357142857142,
        691.5375
      ],
      [
        1035.7142857142858,
        691.5375
      ],
      [
        750.8928571428571,
        717.15
      ],
      [
        776.7857142857142,
        717.15
      ],
      [
        802.6785714285714,
        717.15
      ],
      [
        906.25,
        717.15
      ],
      [
        932.1428571428571,
        717.15
      ],
      [
        776.7857142857142,
        742.7625
      ],
      [
        932.1428571428571,
        742.7625
      ],
      [
        958.0357142857142,
        742.7625
      ],
      [
        336.60714285714283,
        1075.7250000000001
      ],
      [
        362.5,
        1075.7250000000001
      ],
      [
        336.60714285714283,
        1101.3375
      ],
      [
        362.5,
        1101.3375
      ],
      [
        388.3928571428571,
        1101.3375
      ],
      [
        440.17857142857144,
        1101.3375
      ],
      [
        336.60714285714283,
        1126.95
      ],
      [
        362.5,
        1126.95
      ],
      [
        388.3928571428571,
        1126.95
      ],
      [
        414.2857142857143,
        1126.95
      ],
      [
        440.17857142857144,
        1126.95
      ],
      [
        362.5,
        1152.5625
      ],
      [
        388.3928571428571,
        1152.5625
      ],
      [
        414.2857142857143,
        1152.5625
      ],
      [
        362.5,
        1178.175
      ],
      [
        388.3928571428571,
        1178.175
      ],
      [
        414.2857142857143,
        1178.175
      ],
      [
        362.5,
        1203.7875000000001
      ],
      [
        388.3928571428571,
        1203.7875000000001
      ],
      [
        414.2857142857143,
        1203.7875000000001
      ],
      [
        725.0,
        1280.625
      ],
      [
        776.7857142857142,
        1357.4625
      ],
      [
        802.6785714285714,
        1357.4625
      ],
      [
        776.7857142857142,
        1383.075
      ],
      [
        595.5357142857142,
        1459.9125000000001
      ],
      [
        569.6428571428571,
        1587.9750000000001
      ]
    ],
    "_rot_map_shape": [
      2049,
      1450
    ]
  },
  "processing_time": 126.35853385925293,
  "agent_accepted": true,
  "agent_reason": "[accepted] The site was located using the postcode PE9 3DN, which corresponds to Bramley House on Main Street in Barnack. The match on page 2 was strong, with 107 inliers ",
  "agent_stats": {
    "position_calls": 1,
    "pdf_info": {
      "site_address": "Bramley House, Main Street, Barnack, Stamford, PE9 3DN",
      "postcodes": [
        "PE9 3DN"
      ],
      "grid_refs": [],
      "scale": "NTS",
      "map_pages": [
        2
      ],
      "map_page_details": [
        {
          "page": 1,
          "category": "discard",
          "area_group": -1,
          "boundary_clarity": "none",
          "detail_level": "wide",
          "caption": "Article 4 Direction text for Bramley House, Barnack."
        },
        {
          "page": 2,
          "category": "match",
          "area_group": 0,
          "boundary_clarity": "clear",
          "detail_level": "close",