{
  "sl_no": 193,
  "match_info": {
    "center": "live_locate:place:Barton",
    "zoom": 16,
    "rotation": 0,
    "n_inliers": 38,
    "score": 16.45,
    "scale_factor": 0.867,
    "avg_scale": 1.046,
    "window": [
      0,
      1110
    ],
    "center_latlon": [
      52.17672757725519,
      0.04329788570831283
    ],
    "anchor_latlon": [
      52.178,
      0.065
    ],
    "_inlier_pts_map": [
      [
        204.71428571428572,
        202.8
      ],
      [
        51.17857142857143,
        912.6
      ],
      [
        76.76785714285714,
        912.6
      ],
      [
        102.35714285714286,
        912.6
      ],
      [
        127.94642857142858,
        912.6
      ],
      [
        153.53571428571428,
        912.6
      ],
      [
        179.125,
        912.6
      ],
      [
        204.71428571428572,
        912.6
      ],
      [
        51.17857142857143,
        937.95
      ],
      [
        76.76785714285714,
        937.95
      ],
      [
        102.35714285714286,
        937.95
      ],
      [
        127.94642857142858,
        937.95
      ],
      [
        153.53571428571428,
        937.95
      ],
      [
        179.125,
        937.95
      ],
      [
        204.71428571428572,
        937.95
      ],
      [
        230.30357142857144,
        937.95
      ],
      [
        255.89285714285717,
        937.95
      ],
      [
        51.17857142857143,
        963.3000000000001
      ],
      [
        76.76785714285714,
        963.3000000000001
      ],
      [
        127.94642857142858,
        963.3000000000001
      ],
      [
        153.53571428571428,
        963.3000000000001
      ],
      [
        179.125,
        963.3000000000001
      ],
      [
        204.71428571428572,
        963.3000000000001
      ],
      [
        230.30357142857144,
        963.3000000000001
      ],
      [
        255.89285714285717,
        963.3000000000001
      ],
      [
        51.17857142857143,
        988.6500000000001
      ],
      [
        127.94642857142858,
        988.6500000000001
      ],
      [
        153.53571428571428,
        988.6500000000001
      ],
      [
        179.125,
        988.6500000000001
      ],
      [
        204.71428571428572,
        988.6500000000001
      ],
      [
        230.30357142857144,
        988.6500000000001
      ],
      [
        51.17857142857143,
        1014.0
      ],
      [
        179.125,
        1014.0
      ],
      [
        435.01785714285717,
        1318.2
      ],
      [
        460.6071428571429,
        1318.2
      ],
      [
        409.42857142857144,
        1343.5500000000002
      ],
      [
        435.01785714285717,
        1343.5500000000002
      ],
      [
        383.8392857142857,
        1368.9
      ]
    ],
    "_rot_map_shape": [
      2028,
      1433
    ]
  },
  "processing_time": 339.6185748577118,
  "agent_accepted": true,
  "agent_reason": "[accepted] The planning boundary for Orchard Farm, Wimpole Road, Barton was identified on page 3. Three attempts were made to position the map using propose_centers and ma",
  "agent_stats": {
    "position_calls": 1,
    "pdf_info": {
      "site_address": "Orchard Farm, Wimpole Road, Barton",
      "postcodes": [],
      "grid_refs": [],
      "scale": null,
      "map_pages": [
        3
      ],
      "map_page_details": [
        {
          "page": 1,
          "category": "discard",
          "area_group": -1,
          "boundary_clarity": "none",
          "detail_level": "wide",
          "caption": "Title page for Article 4 Direction (Barton) 1979"
        },
        {
          "page": 2,
          "category": "discard",
          "area_group": -1,
          "boundary_clarity": "none",
          "detail_level": "wide",
          "caption": "Schedule 1 and 2 describing affected development and land (Orchard Farm, Wimpole Road)"
        },
        {
          "page": 3,
          "category": "match",
          "area_group": 0,
          "boundary_clarity": "clear",
          "detail_level": "medium",
          "caption": "Site plan showing red boundary around Orchard Farm, Wimpole Road, Barton"
        },
        {
          "page": 4,
          "category": "discard",
          "area_group": -1,
          "boundary_clarity": "none",
          "detail_level": "wide",
          "caption": "Secretary of State approval page"
        }
      ],
      "road_names": [
        "Wimpole Road",
        "A603"
      ],
      "place_names": [],
      "is_district_wide": false,
      "district_name": null,
      "house_number_road_pairs": [],
      "parish_names": [],
      "admin_region": null,
      "likely_town_or_city": null,
      "visible_map_labels": [],
      "adjacency_hints": []
    },
    "outcome_status": "accepted",
    "outcome_reasoning": "The planning boundary for Orchard Farm, Wimpole Road, Barton was identified on page 3. Three attempts were made to position the map using propose_centers and match_at. The first attempt at (52.178, 0.065) yielded the highest RANSAC match strength with 38 inliers and a high scale consistency of 0.91. Subsequent attempts at (52.1775, 0.0725) and (52.1795, 0.0685) resulted in lower inlier counts (30 each). Although the match strength is in the 'WEAK' tier (25-49), it is the best available result after multiple attempts. The scale consistency is strong, and the road name agreement (0.5) is neutral due to the rural nature of the site on the A603. The candidate with 38 inliers was committed.",
    "rotation_checked": true,
    "tool_calls": {
      "submit_pdf_info": 1,
      "propose_centers": 3,
      "match_at": 3,
      "commit_match": 1,
      "final_result": 1
    },
    "total_tool_calls": 9,
    "n_turns": 19,
    "validator_retries": 0,
    "worker_request_tokens": 87134,
    "worker_response_tokens": 944,
    "request_tokens": 87134,
    "response_tokens": 944,
    "total_tokens": 88078
  },
  "valid_ground_truth": true,
  "valid_prediction": true,
  "validation_error": null,
  "iou": 0.0,
  "precision": 0.0,
  "recall": 0.0,
  "f1_score": 0.0,
  "positioning_error_m": 736.4403921206159
}