{
  "sl_no": 270,
  "match_info": {
    "center": "live_locate:intersect:Teddesley Rd x Hatherton Rd",
    "zoom": 18,
    "rotation": 0,
    "n_inliers": 208,
    "score": 97.67,
    "scale_factor": 0.746,
    "avg_scale": 1.1585,
    "window": [
      157,
      1256
    ],
    "center_latlon": [
      52.72752734388332,
      -2.113347648441618
    ],
    "anchor_latlon": [
      52.7281627386398,
      -2.11074754184938
    ],
    "_inlier_pts_map": [
      [
        839.3928571428572,
        328.125
      ],
      [
        861.4821428571429,
        328.125
      ],
      [
        154.625,
        350.0
      ],
      [
        839.3928571428572,
        350.0
      ],
      [
        176.71428571428572,
        371.875
      ],
      [
        176.71428571428572,
        393.75
      ],
      [
        242.98214285714286,
        415.625
      ],
      [
        220.89285714285717,
        437.5
      ],
      [
        132.53571428571428,
        481.25
      ],
      [
        176.71428571428572,
        481.25
      ],
      [
        198.80357142857144,
        481.25
      ],
      [
        220.89285714285717,
        481.25
      ],
      [
        154.625,
        503.125
      ],
      [
        176.71428571428572,
        503.125
      ],
      [
        198.80357142857144,
        503.125
      ],
      [
        220.89285714285717,
        503.125
      ],
      [
        176.71428571428572,
        525.0
      ],
      [
        198.80357142857144,
        525.0
      ],
      [
        883.5714285714287,
        546.875
      ],
      [
        905.6607142857143,
        546.875
      ],
      [
        883.5714285714287,
        568.75
      ],
      [
        905.6607142857143,
        568.75
      ],
      [
        1038.1964285714287,
        678.125
      ],
      [
        1016.1071428571429,
        700.0
      ],
      [
        994.0178571428572,
        721.875
      ],
      [
        1016.1071428571429,
        721.875
      ],
      [
        1016.1071428571429,
        743.75
      ],
      [
        353.42857142857144,
        787.5
      ],
      [
        883.5714285714287,
        831.25
      ],
      [
        220.89285714285717,
        875.0
      ],
      [
        242.98214285714286,
        875.0
      ],
      [
        242.98214285714286,
        896.875
      ],
      [
        242.98214285714286,
        918.75
      ],
      [
        971.9285714285714,
        962.5
      ],
      [
        949.8392857142858,
        984.375
      ],
      [
        971.9285714285714,
        984.375
      ],
      [
        927.75,
        1006.25
      ],
      [
        728.9464285714286,
        1028.125
      ],
      [
        751.0357142857143,
        1028.125
      ],
      [
        795.2142857142858,
        1028.125
      ],
      [
        242.98214285714286,
        1050.0
      ],
      [
        706.8571428571429,
        1050.0
      ],
      [
        728.9464285714286,
        1050.0
      ],
      [
        751.0357142857143,
        1050.0
      ],
      [
        773.125,
        1050.0
      ],
      [
        795.2142857142858,
        1050.0
      ],
      [
        817.3035714285714,
        1050.0
      ],
      [
        839.3928571428572,
        1050.0
      ],
      [
        220.89285714285717,
        1071.875
      ],
      [
        242.98214285714286,
        1071.875
      ],
      [
        265.07142857142856,
        1071.875
      ],
      [
        728.9464285714286,
        1071.875
      ],
      [
        751.0357142857143,
        1071.875
      ],
      [
        773.125,
        1071.875
      ],
      [
        795.2142857142858,
        1071.875
      ],
      [
        817.3035714285714,
        1071.875
      ],
      [
        242.98214285714286,
        1093.75
      ],
      [
        265.07142857142856,
        1093.75
      ],
      [
        287.1607142857143,
        1093.75
      ],
      [
        309.25,
        1093.75
      ],
      [
        728.9464285714286,
        1093.75
      ],
      [
        773.125,
        1093.75
      ],
      [
        795.2142857142858,
        1093.75
      ],
      [
        817.3035714285714,
        1093.75
      ],
      [
        242.98214285714286,
        1115.625
      ],
      [
        265.07142857142856,
        1115.625
      ],
      [
        287.1607142857143,
        1115.625
      ],
      [
        309.25,
        1115.625
      ],
      [
        331.3392857142857,
        1115.625
      ],
      [
        552.2321428571429,
        1115.625
      ],
      [
        640.5892857142858,
        1115.625
      ],
      [
        773.125,
        1115.625
      ],
      [
        795.2142857142858,
        1115.625
      ],
      [
        265.07142857142856,
        1137.5
      ],
      [
        287.1607142857143,
        1137.5
      ],
      [
        309.25,
        1137.5
      ],
      [
        331.3392857142857,
        1137.5
      ],
      [
        530.1428571428571,
        1137.5
      ],
      [
        596.4107142857143,
        1137.5
      ],
      [
        618.5,
        1137.5
      ],
      [
        640.5892857142858,
        1137.5
      ],
      [
        110.44642857142858,
        1159.375
      ],
      [
        242.98214285714286,
        1159.375
      ],
      [
        331.3392857142857,
        1159.375
      ],
      [
        508.05357142857144,
        1159.375
      ],
      [
        530.1428571428571,
        1159.375
      ],
      [
        552.2321428571429,
        1159.375
      ],
      [
        574.3214285714286,
        1159.375
      ],
      [
        618.5,
        1159.375
      ],
      [
        640.5892857142858,
        1159.375
      ],
      [
        110.44642857142858,
        1181.25
      ],
      [
        132.53571428571428,
        1181.25
      ],
      [
        154.625,
        1181.25
      ],
      [
        198.80357142857144,
        1181.25
      ],
      [
        287.1607142857143,
        1181.25
      ],
      [
        331.3392857142857,
        1181.25
      ],
      [
        353.42857142857144,
        1181.25
      ],
      [
        375.51785714285717,
        1181.25
      ],
      [
        419.6964285714286,
        1181.25
      ],
      [
        508.05357142857144,
        1181.25
      ],
      [
        530.1428571428571,
        1181.25
      ],
      [
        552.2321428571429,
        1181.25
      ],
      [
        574.3214285714286,
        1181.25
      ],
      [
        640.5892857142858,
        1181.25
      ],
      [
        662.6785714285714,
        1181.25
      ],
      [
        110.44642857142858,
        1203.125
      ],
      [
        132.53571428571428,
        1203.125
      ],
      [
        154.625,
        1203.125
      ],
      [
        287.1607142857143,
        1203.125
      ],
      [
        309.25,
        1203.125
      ],
      [
        331.3392857142857,
        1203.125
      ],
      [
        353.42857142857144,
        1203.125
      ],
      [
        375.51785714285717,
        1203.125
      ],
      [
        397.6071428571429,
        1203.125
      ],
      [
        419.6964285714286,
        1203.125
      ],
      [
        441.78571428571433,
        1203.125
      ],
      [
        508.05357142857144,
        1203.125
      ],
      [
        530.1428571428571,
        1203.125
      ],
      [
        552.2321428571429,
        1203.125
      ],
      [
        574.3214285714286,
        1203.125
      ],
      [
        596.4107142857143,
        1203.125
      ],
      [
        640.5892857142858,
        1203.125
      ],
      [
        110.44642857142858,
        1225.0
      ],
      [
        132.53571428571428,
        1225.0
      ],
      [
        154.625,
        1225.0
      ],
      [
        176.71428571428572,
        1225.0
      ],
      [
        265.07142857142856,
        1225.0
      ],
      [
        309.25,
        1225.0
