{
  "sl_no": 248,
  "match_info": {
    "center": "live_locate:place:Portal House School",
    "zoom": 16,
    "rotation": 0,
    "n_inliers": 57,
    "score": 23.45,
    "scale_factor": 0.761,
    "avg_scale": 1.1671,
    "window": [
      351,
      585
    ],
    "center_latlon": [
      51.1474303542229,
      1.3774401984242957
    ],
    "anchor_latlon": [
      51.1531,
      1.3752
    ],
    "_inlier_pts_map": [
      [
        1016.0,
        314.5
      ],
      [
        1047.75,
        314.5
      ],
      [
        1174.75,
        471.75
      ],
      [
        1301.75,
        471.75
      ],
      [
        412.75,
        566.1
      ],
      [
        539.75,
        566.1
      ],
      [
        412.75,
        597.55
      ],
      [
        476.25,
        597.55
      ],
      [
        508.0,
        597.55
      ],
      [
        539.75,
        597.55
      ],
      [
        603.25,
        597.55
      ],
      [
        635.0,
        597.55
      ],
      [
        730.25,
        597.55
      ],
      [
        762.0,
        597.55
      ],
      [
        793.75,
        597.55
      ],
      [
        825.5,
        597.55
      ],
      [
        508.0,
        629.0
      ],
      [
        539.75,
        629.0
      ],
      [
        571.5,
        629.0
      ],
      [
        603.25,
        629.0
      ],
      [
        635.0,
        629.0
      ],
      [
        825.5,
        629.0
      ],
      [
        444.5,
        660.4499999999999
      ],
      [
        508.0,
        660.4499999999999
      ],
      [
        825.5,
        660.4499999999999
      ],
      [
        762.0,
        691.9
      ],
      [
        793.75,
        691.9
      ],
      [
        825.5,
        691.9
      ],
      [
        476.25,
        723.35
      ],
      [
        825.5,
        723.35
      ],
      [
        444.5,
        754.8
      ],
      [
        698.5,
        754.8
      ],
      [
        476.25,
        817.6999999999999
      ],
      [
        508.0,
        817.6999999999999
      ],
      [
        539.75,
        817.6999999999999
      ],
      [
        476.25,
        849.15
      ],
      [
        666.75,
        912.05
      ],
      [
        730.25,
        943.5
      ],
      [
        730.25,
        974.9499999999999
      ],
      [
        698.5,
        1006.4
      ],
      [
        730.25,
        1006.4
      ],
      [
        762.0,
        1006.4
      ],
      [
        793.75,
        1006.4
      ],
      [
        1174.75,
        1006.4
      ],
      [
        1206.5,
        1006.4
      ],
      [
        666.75,
        1037.85
      ],
      [
        698.5,
        1037.85
      ],
      [
        730.25,
        1037.85
      ],
      [
        1174.75,
        1037.85
      ],
      [
        1174.75,
        1069.3
      ],
      [
        1174.75,
        1163.6499999999999
      ],
      [
        476.25,
        1195.1
      ],
      [
        1174.75,
        1195.1
      ],
      [
        1206.5,
        1195.1
      ],
      [
        1174.75,
        1226.55
      ],
      [
        1206.5,
        1226.55
      ],
      [
        1206.5,
        1258.0
      ]
    ],
    "_rot_map_shape": [
      2516,
      1778
    ]
  },
  "processing_time": 132.92778706550598,
  "agent_accepted": true,
  "agent_reason": "[accepted] The planning boundary covers land at Droveway Gardens, St. Margaret's-at-Cliffe. I identified the site on page 3, which is a 1:10560 scale map with the site sha",
  "agent_stats": {
    "position_calls": 1,
    "pdf_info": {
      "site_address": "Land at Droveway Gardens, St. Margaret's-at-Cliffe",
      "postcodes": [],
      "grid_refs": [],
      "scale": "1:10560",
      "map_pages": [
        3
      ],
      "map_page_details": [
        {
          "page": 1,
          "category": "discard",
          "area_group": -1,
          "boundary_clarity": "none",
          "detail_level": "wide",
          "caption": "Text page: Article 4 Direction for land at Droveway Gardens, St. Margaret's-at-Cliffe."
        },
        {
          "page": 2,
          "category": "discard",
          "area_group": -1,
          "boundary_clarity": "none",
          "detail_level": "wide",
          "caption": "Approval page signed by the Secretary of State for the Environment."
        },
        {
          "page": 3,
          "category": "match",
          "area_group": 0,
          "boundary_clarity": "clear",
          "detail_level": "medium",
          "caption": "Site plan at 1:10560 showing land at Droveway Gardens coloured pink."
        }
      ],
      "road_names": [
        "Droveway Gardens",
        "Bay Hill",
        "Kingsdown Road",
        "Dover Road"
      ],
      "place_names": [
        "Droveway Gardens",
        "St Margaret's at Cliffe",
        "Bockell Hill",
        "St Margaret's Bay",
        "Signal Station",
        "Bay Hill"
      ],
      "is_district_wide": false,
      "district_name": null,
      "house_number_road_pairs": [],
      "parish_names": [
        "St. Margaret's-at-Cliffe"
      ],
      "admin_region": null,
      "likely_town_or_city": null,
      "visible_map_labels": [
        "St Margaret's at Cliffe",
        "Bockell Hill",
        "St Margaret's Bay",
        "Signal Station",
        "Bay Hill",
        "Kingsdown Road",
        "Dover Road",
        "Droveway Gardens"
      ],
      "adjacency_hints": []
    },
    "outcome_status": "accepted",
    "outcome_reasoning": "The planning boundary covers land at Droveway Gardens, St. Margaret's-at-Cliffe. I identified the site on page 3, which is a 1:10560 scale map with the site shaded pink. I performed two match attempts using anchors for Droveway Gardens and Portal House School. Both attempts yielded 57 inliers and a scale consistency of 0.73, with perfect road name agreement (1.0). Given the consistency across attempts and the clear cartographic alignment with the village of St Margaret's at Cliffe, I committed the match for area_group 0.",
    "rotation_checked": false,
    "tool_calls": {
      "submit_pdf_info": 1,
      "propose_centers": 2,
      "match_at": 2,
      "commit_match": 1,
      "final_result": 1
    },
    "total_tool_calls": 7,
    "n_turns": 15,
    "validator_retries": 0,
    "worker_request_tokens": 61443,
    "worker_response_tokens": 820,
    "request_tokens": 61443,
    "response_tokens": 820,
    "total_tokens": 62263
  },
  "valid_ground_truth": true,
  "valid_prediction": true,
  "validation_error": null,
  "iou": 0.8888289336618246,
  "precision": 0.9486244932388128,
  "recall": 0.9337783186895653,
  "f1_score": 0.9411428614015296,
  "positioning_error_m": 4.030378977731379
}