{
  "sl_no": 29,
  "match_info": {
    "center": "live_locate:place:Colney",
    "zoom": 18,
    "rotation": 0,
    "n_inliers": 33,
    "score": 13.92,
    "scale_factor": 0.744,
    "avg_scale": 1.0565,
    "window": [
      1425,
      1710
    ],
    "center_latlon": [
      52.62169005916323,
      1.2218434488688672
    ],
    "anchor_latlon": [
      52.62267,
      1.22347
    ],
    "_inlier_pts_map": [
      [
        1011.1785714285714,
        913.5
      ],
      [
        1033.1607142857142,
        913.5
      ],
      [
        1055.142857142857,
        913.5
      ],
      [
        1077.125,
        913.5
      ],
      [
        1099.107142857143,
        913.5
      ],
      [
        967.2142857142858,
        935.25
      ],
      [
        989.1964285714286,
        935.25
      ],
      [
        1011.1785714285714,
        935.25
      ],
      [
        1033.1607142857142,
        935.25
      ],
      [
        1055.142857142857,
        935.25
      ],
      [
        1077.125,
        935.25
      ],
      [
        967.2142857142858,
        957.0
      ],
      [
        989.1964285714286,
        957.0
      ],
      [
        1011.1785714285714,
        957.0
      ],
      [
        1033.1607142857142,
        957.0
      ],
      [
        1055.142857142857,
        957.0
      ],
      [
        1077.125,
        957.0
      ],
      [
        967.2142857142858,
        978.75
      ],
      [
        989.1964285714286,
        978.75
      ],
      [
        1011.1785714285714,
        978.75
      ],
      [
        1033.1607142857142,
        978.75
      ],
      [
        1055.142857142857,
        978.75
      ],
      [
        1077.125,
        978.75
      ],
      [
        1055.142857142857,
        1000.5
      ],
      [
        593.5178571428571,
        1305.0
      ],
      [
        615.5,
        1305.0
      ],
      [
        637.4821428571429,
        1305.0
      ],
      [
        549.5535714285714,
        1326.75
      ],
      [
        593.5178571428571,
        1326.75
      ],
      [
        615.5,
        1326.75
      ],
      [
        637.4821428571429,
        1326.75
      ],
      [
        615.5,
        1348.5
      ],
      [
        637.4821428571429,
        1348.5
      ]
    ],
    "_rot_map_shape": [
      1740,
      1231
    ]
  },
  "processing_time": 181.30811405181885,
  "agent_accepted": true,
  "agent_reason": "[accepted] a",
  "agent_stats": {
    "position_calls": 1,
    "pdf_info": {
      "site_address": "Colney Hall and surrounding land including O.S. parcel numbers 0731, 9812 and pt. 3100, Colney, South Norfolk",
      "postcodes": [],
      "grid_refs": [],
      "scale": "1:2500",
      "map_pages": [
        3
      ],
      "map_page_details": [
        {
          "page": 3,
          "category": "match",
          "area_group": 0,
          "boundary_clarity": "clear",
          "detail_level": "close",
          "caption": "Site plan showing Colney Hall and surrounding land edged in red."
        }
      ],
      "road_names": [],
      "place_names": [
        "Colney Hall",
        "South Norfolk",
        "Norfolk"
      ],
      "is_district_wide": false,
      "district_name": null,
      "house_number_road_pairs": [],
      "parish_names": [
        "Colney"
      ],
      "admin_region": "South Norfolk",
      "likely_town_or_city": "Colney",
      "visible_map_labels": [
        "Colney Hall",
        "0731",
        "3100",
        "9908",
        "0005",
        "7200"
      ],
      "adjacency_hints": []
    },
    "reader_request_tokens": 5012,
    "reader_response_tokens": 271,
    "outcome_status": "accepted",
    "outcome_reasoning": "a",
    "rotation_checked": false,
    "tool_calls": {
      "propose_centers": 2,
      "match_at": 2,
      "commit_match": 1,
      "final_result": 2
    },
    "total_tool_calls": 7,
    "n_turns": 16,
    "validator_retries": 0,
    "worker_request_tokens": 30402,
    "worker_response_tokens": 372,
    "request_tokens": 35414,
    "response_tokens": 643,
    "total_tokens": 36057,
    "critic": {
      "n_rejections": 1,
      "iterations": [
        {
          "iter_idx": 0,
          "action": "retry_locate",
          "chosen_candidate_id": 0,
          "reasoning": "None of the candidates show a correct match. Candidate 0 places the boundary over a cluster of modern large industrial/agricultural buildings that are not present on the planning map, and the road layouts do not align. Candidate 1 incorrectly overlays the boundary onto a residential housing estate. Both matches have low n_inliers (33/32) and fail to respect the clear cartographic features like the straight access track leading to the southern point.",
          "wall_s": 2.6,
          "llm_error": null,
          "geojson_changed": false
        }
      ],
      "tokens": {
        "request": 4084,
        "response": 122
      }
    }
  },
  "valid_ground_truth": true,
  "valid_prediction": true,
  "validation_error": null,
  "iou": 0.0,
  "precision": 0.0,
  "recall": 0.0,
  "f1_score": 0.0,
  "positioning_error_m": 1148.8291895173184,
  "worker_first_iou": 0.0,
  "worker_first_metrics": {
    "valid_ground_truth": true,
    "valid_prediction": true,
    "validation_error": null,
    "iou": 0.0,
    "precision": 0.0,
    "recall": 0.0,
    "f1_score": 0.0,
    "positioning_error_m": 1148.8291895173184
  }
}