{
  "sl_no": 203,
  "match_info": {
    "center": "live_locate:place:Sandridgebury Lane",
    "zoom": 16,
    "rotation": 0,
    "n_inliers": 141,
    "score": 56.36,
    "scale_factor": 0.43,
    "avg_scale": 1.0052,
    "window": [
      850,
      1020
    ],
    "center_latlon": [
      51.774955028577075,
      -0.3208101344899603
    ],
    "anchor_latlon": [
      51.7779420760256,
      -0.319985097898635
    ],
    "_inlier_pts_map": [
      [
        630.3571428571429,
        99.4
      ],
      [
        605.1428571428571,
        260.925
      ],
      [
        617.75,
        260.925
      ],
      [
        630.3571428571429,
        260.925
      ],
      [
        642.9642857142858,
        260.925
      ],
      [
        617.75,
        273.35
      ],
      [
        630.3571428571429,
        273.35
      ],
      [
        592.5357142857143,
        285.77500000000003
      ],
      [
        605.1428571428571,
        285.77500000000003
      ],
      [
        617.75,
        285.77500000000003
      ],
      [
        642.9642857142858,
        285.77500000000003
      ],
      [
        579.9285714285714,
        298.20000000000005
      ],
      [
        592.5357142857143,
        298.20000000000005
      ],
      [
        605.1428571428571,
        298.20000000000005
      ],
      [
        617.75,
        298.20000000000005
      ],
      [
        630.3571428571429,
        298.20000000000005
      ],
      [
        642.9642857142858,
        298.20000000000005
      ],
      [
        655.5714285714286,
        298.20000000000005
      ],
      [
        554.7142857142858,
        310.625
      ],
      [
        567.3214285714286,
        310.625
      ],
      [
        579.9285714285714,
        310.625
      ],
      [
        592.5357142857143,
        310.625
      ],
      [
        605.1428571428571,
        310.625
      ],
      [
        554.7142857142858,
        323.05
      ],
      [
        567.3214285714286,
        323.05
      ],
      [
        579.9285714285714,
        323.05
      ],
      [
        214.32142857142858,
        335.475
      ],
      [
        529.5,
        335.475
      ],
      [
        542.1071428571429,
        335.475
      ],
      [
        554.7142857142858,
        335.475
      ],
      [
        504.28571428571433,
        347.90000000000003
      ],
      [
        529.5,
        347.90000000000003
      ],
      [
        542.1071428571429,
        347.90000000000003
      ],
      [
        504.28571428571433,
        360.32500000000005
      ],
      [
        516.8928571428571,
        360.32500000000005
      ],
      [
        529.5,
        360.32500000000005
      ],
      [
        504.28571428571433,
        372.75
      ],
      [
        516.8928571428571,
        372.75
      ],
      [
        504.28571428571433,
        385.175
      ],
      [
        516.8928571428571,
        385.175
      ],
      [
        529.5,
        385.175
      ],
      [
        504.28571428571433,
        397.6
      ],
      [
        516.8928571428571,
        397.6
      ],
      [
        491.67857142857144,
        410.02500000000003
      ],
      [
        504.28571428571433,
        410.02500000000003
      ],
      [
        605.1428571428571,
        571.5500000000001
      ],
      [
        605.1428571428571,
        583.975
      ],
      [
        579.9285714285714,
        596.4000000000001
      ],
      [
        592.5357142857143,
        596.4000000000001
      ],
      [
        605.1428571428571,
        596.4000000000001
      ],
      [
        617.75,
        596.4000000000001
      ],
      [
        605.1428571428571,
        608.825
      ],
      [
        617.75,
        608.825
      ],
      [
        630.3571428571429,
        608.825
      ],
      [
        126.07142857142858,
        621.25
      ],
      [
        138.67857142857144,
        621.25
      ],
      [
        542.1071428571429,
        621.25
      ],
      [
        554.7142857142858,
        621.25
      ],
      [
        567.3214285714286,
        621.25
      ],
      [
        113.46428571428572,
        633.6750000000001
      ],
      [
        126.07142857142858,
        633.6750000000001
      ],
      [
        138.67857142857144,
        633.6750000000001
      ],
      [
        226.92857142857144,
        633.6750000000001
      ],
      [
        252.14285714285717,
        633.6750000000001
      ],
      [
        529.5,
        633.6750000000001
      ],
      [
        542.1071428571429,
        633.6750000000001
      ],
      [
        554.7142857142858,
        633.6750000000001
      ],
      [
        579.9285714285714,
        633.6750000000001
      ],
      [
        100.85714285714286,
        646.1
      ],
      [
        113.46428571428572,
        646.1
      ],
      [
        126.07142857142858,
        646.1
      ],
      [
        138.67857142857144,
        646.1
      ],
      [
        163.89285714285714,
        646.1
      ],
      [
        176.5,
        646.1
      ],
      [
        214.32142857142858,
        646.1
      ],
      [
        226.92857142857144,
        646.1
      ],
      [
        239.5357142857143,
        646.1
      ],
      [
        252.14285714285717,
        646.1
      ],
      [
        542.1071428571429,
        646.1
      ],
      [
        579.9285714285714,
        646.1
      ],
      [
        617.75,
        646.1
      ],
      [
        100.85714285714286,
        658.5250000000001
      ],
      [
        113.46428571428572,
        658.5250000000001
      ],
      [
        126.07142857142858,
        658.5250000000001
      ],
      [
        138.67857142857144,
        658.5250000000001
      ],
      [
        214.32142857142858,
        658.5250000000001
      ],
      [
        226.92857142857144,
        658.5250000000001
      ],
      [
        340.39285714285717,
        658.5250000000001
      ],
      [
        579.9285714285714,
        658.5250000000001
      ],
      [
        113.46428571428572,
        670.95
      ],
      [
        126.07142857142858,
        670.95
      ],
      [
        151.28571428571428,
        670.95
      ],
      [
        163.89285714285714,
        670.95
      ],
      [
        176.5,
        670.95
      ],
      [
        226.92857142857144,
        670.95
      ],
      [
        529.5,
        670.95
      ],
      [
        542.1071428571429,
        670.95
      ],
      [
        579.9285714285714,
        670.95
      ],
      [
        138.67857142857144,
        683.375
      ],
      [
        151.28571428571428,
        683.375
      ],
      [
        163.89285714285714,
        683.375
      ],
      [
        176.5,
        683.375
      ],
      [
        226.92857142857144,
        683.375
      ],
      [
        239.5357142857143,
        683.375
      ],
      [
        529.5,
        683.375
      ],
      [
        542.1071428571429,
        683.375
      ],
      [
        579.9285714285714,
        683.375
      ],
      [
        668.1785714285714,
        683.375
      ],
      [
        126.07142857142858,
        695.8000000000001
      ],
      [
        138.67857142857144,
        695.8000000000001
      ],
      [
        163.89285714285714,
        695.8000000000001
      ],
      [
        176.5,
        695.8000000000001
      ],
      [
        201.71428571428572,
        695.8000000000001
      ],
      [
        214.32142857142858,
        695.8000000000001
      ],
      [
        554.7142857142858,
        695.8000000000001
      ],
      [
        567.3214285714286,
        695.8000000000001
      ],
      [
        617.75,
        695.8000000000001
      ],
      [
        100.85714285714286,
        708.225
      ],
      [
        113.46428571428572,
        708.225
      ],
      [
        138.67857142857144,
        708.225
      ],
      [
        151.28571428571428,
        708.225
