{
  "sl_no": 264,
  "match_info": {
    "center": "live_locate:place:Feiashill Road",
    "zoom": 17,
    "rotation": 0,
    "n_inliers": 93,
    "score": 38.63,
    "scale_factor": 0.437,
    "avg_scale": 0.9816,
    "window": [
      1008,
      1176
    ],
    "center_latlon": [
      52.533501765791854,
      -2.2220790765404956
    ],
    "anchor_latlon": [
      52.5349838044871,
      -2.22402760170534
    ],
    "_inlier_pts_map": [
      [
        167.83928571428572,
        153.89999999999998
      ],
      [
        180.75,
        153.89999999999998
      ],
      [
        167.83928571428572,
        166.725
      ],
      [
        180.75,
        166.725
      ],
      [
        193.6607142857143,
        166.725
      ],
      [
        154.92857142857144,
        179.54999999999998
      ],
      [
        167.83928571428572,
        179.54999999999998
      ],
      [
        180.75,
        179.54999999999998
      ],
      [
        193.6607142857143,
        179.54999999999998
      ],
      [
        142.01785714285714,
        192.375
      ],
      [
        154.92857142857144,
        192.375
      ],
      [
        167.83928571428572,
        192.375
      ],
      [
        180.75,
        192.375
      ],
      [
        193.6607142857143,
        192.375
      ],
      [
        142.01785714285714,
        205.2
      ],
      [
        154.92857142857144,
        205.2
      ],
      [
        167.83928571428572,
        205.2
      ],
      [
        180.75,
        205.2
      ],
      [
        193.6607142857143,
        205.2
      ],
      [
        142.01785714285714,
        218.02499999999998
      ],
      [
        154.92857142857144,
        218.02499999999998
      ],
      [
        167.83928571428572,
        218.02499999999998
      ],
      [
        180.75,
        218.02499999999998
      ],
      [
        193.6607142857143,
        218.02499999999998
      ],
      [
        206.57142857142858,
        218.02499999999998
      ],
      [
        129.10714285714286,
        230.85
      ],
      [
        167.83928571428572,
        230.85
      ],
      [
        180.75,
        230.85
      ],
      [
        193.6607142857143,
        230.85
      ],
      [
        167.83928571428572,
        243.67499999999998
      ],
      [
        180.75,
        243.67499999999998
      ],
      [
        206.57142857142858,
        243.67499999999998
      ],
      [
        167.83928571428572,
        256.5
      ],
      [
        180.75,
        256.5
      ],
      [
        193.6607142857143,
        256.5
      ],
      [
        206.57142857142858,
        256.5
      ],
      [
        232.39285714285717,
        256.5
      ],
      [
        180.75,
        269.325
      ],
      [
        193.6607142857143,
        269.325
      ],
      [
        206.57142857142858,
        269.325
      ],
      [
        219.48214285714286,
        269.325
      ],
      [
        129.10714285714286,
        282.15
      ],
      [
        219.48214285714286,
        282.15
      ],
      [
        129.10714285714286,
        307.79999999999995
      ],
      [
        129.10714285714286,
        320.625
      ],
      [
        129.10714285714286,
        333.45
      ],
      [
        387.3214285714286,
        346.275
      ],
      [
        400.2321428571429,
        346.275
      ],
      [
        387.3214285714286,
        359.09999999999997
      ],
      [
        400.2321428571429,
        359.09999999999997
      ],
      [
        451.875,
        359.09999999999997
      ],
      [
        464.78571428571433,
        359.09999999999997
      ],
      [
        477.6964285714286,
        359.09999999999997
      ],
      [
        490.6071428571429,
        359.09999999999997
      ],
      [
        387.3214285714286,
        371.92499999999995
      ],
      [
        400.2321428571429,
        371.92499999999995
      ],
      [
        413.14285714285717,
        371.92499999999995
      ],
      [
        426.05357142857144,
        371.92499999999995
      ],
      [
        438.9642857142857,
        371.92499999999995
      ],
      [
        451.875,
        371.92499999999995
      ],
      [
        464.78571428571433,
        371.92499999999995
      ],
      [
        477.6964285714286,
        371.92499999999995
      ],
      [
        490.6071428571429,
        371.92499999999995
      ],
      [
        400.2321428571429,
        384.75
      ],
      [
        413.14285714285717,
        384.75
      ],
      [
        426.05357142857144,
        384.75
      ],
      [
        438.9642857142857,
        384.75
      ],
      [
        464.78571428571433,
        384.75
      ],
      [
        477.6964285714286,
        384.75
      ],
      [
        490.6071428571429,
        384.75
      ],
      [
        503.51785714285717,
        384.75
      ],
      [
        426.05357142857144,
        397.575
      ],
      [
        438.9642857142857,
        397.575
      ],
      [
        451.875,
        397.575
      ],
      [
        503.51785714285717,
        397.575
      ],
      [
        438.9642857142857,
        410.4
      ],
      [
        193.6607142857143,
        423.22499999999997
      ],
      [
        219.48214285714286,
        564.3
      ],
      [
        206.57142857142858,
        577.125
      ],
      [
        193.6607142857143,
        589.9499999999999
      ],
      [
        206.57142857142858,
        589.9499999999999
      ],
      [
        193.6607142857143,
        641.25
      ],
      [
        193.6607142857143,
        654.0749999999999
      ],
      [
        206.57142857142858,
        666.9
      ],
      [
        219.48214285714286,
        666.9
      ],
      [
        206.57142857142858,
        679.7249999999999
      ],
      [
        219.48214285714286,
        679.7249999999999
      ],
      [
        232.39285714285717,
        679.7249999999999
      ],
      [
        245.30357142857144,
        679.7249999999999
      ],
      [
        206.57142857142858,
        692.55
      ],
      [
        232.39285714285717,
        692.55
      ],
      [
        245.30357142857144,
        692.55
      ],
      [
        232.39285714285717,
        705.375
      ]
    ],
    "_rot_map_shape": [
      1026,
      723
    ]
  },
  "processing_time": 129.47405576705933,
  "agent_accepted": true,
  "agent_reason": "[accepted] The planning boundary was identified on page 2, showing a large field on Feiashill Road in Trysull. The map includes clear landmarks such as Feiashill Farm, Sme",
  "agent_stats": {
    "position_calls": 1,
    "pdf_info": {
      "site_address": "Feiashill Road, Trysull",
      "postcodes": [],
      "grid_refs": [],
      "scale": "1:2500",
      "map_pages": [
        2
      ],
      "map_page_details": [
        {
          "page": 1,
          "category": "discard",
          "area_group": -1,
          "boundary_clarity": "none",
          "detail_level": "wide",
          "caption": "Article 4 Direction text for land at Feiashill Road, Trysull."
        },
        {
          "page": 2,
          "category": "match",
          "area_group": 0,
          "boundary_clarity": "clear",
          "detail_level": "medium",
          "caption": "Site plan at 1:2500 showing boundary at Feiashill Road, Trysull."
        }
      ],
      "road_names": [
        "Feiashill Road"
      ],
      "place_names": [
        "Trysull",
        "Smestow Barn",
        "Feiashill Farm",
        "Slate Houses",
        "Cricket Ground"
      ],
      "is_district_wide": false,
      "district_name": null,
      "house_number_road_pairs": [],
      "parish_names": [],
      "admin_region": null,
      "likely_town_or_city": null,