{
  "sl_no": 75,
  "match_info": {
    "center": "live_locate:intersect:Abbotsbury Mews x Linden Grove",
    "zoom": 17,
    "rotation": 0,
    "n_inliers": 20,
    "score": 6.96,
    "scale_factor": 0.853,
    "avg_scale": 1.0111,
    "window": [
      544,
      1224
    ],
    "center_latlon": [
      51.46084935765322,
      -0.05710212830342698
    ],
    "anchor_latlon": [
      51.4631752101209,
      -0.0566030747863999
    ],
    "_inlier_pts_map": [
      [
        503.92857142857144,
        598.8
      ],
      [
        554.3214285714286,
        598.8
      ],
      [
        503.92857142857144,
        623.75
      ],
      [
        529.125,
        623.75
      ],
      [
        579.5178571428572,
        623.75
      ],
      [
        604.7142857142858,
        623.75
      ],
      [
        629.9107142857143,
        623.75
      ],
      [
        655.1071428571429,
        623.75
      ],
      [
        503.92857142857144,
        648.6999999999999
      ],
      [
        529.125,
        648.6999999999999
      ],
      [
        579.5178571428572,
        648.6999999999999
      ],
      [
        604.7142857142858,
        648.6999999999999
      ],
      [
        503.92857142857144,
        673.65
      ],
      [
        554.3214285714286,
        673.65
      ],
      [
        604.7142857142858,
        673.65
      ],
      [
        629.9107142857143,
        673.65
      ],
      [
        529.125,
        698.6
      ],
      [
        503.92857142857144,
        723.55
      ],
      [
        1083.4464285714287,
        1347.3
      ],
      [
        1108.642857142857,
        1347.3
      ]
    ],
    "_rot_map_shape": [
      1996,
      1411
    ]
  },
  "processing_time": 311.1849091053009,
  "agent_accepted": true,
  "agent_reason": "[accepted] The map is a close-up site plan of 41 Linden Grove. I attempted three different anchors: the intersection of Abbotsbury Mews and Linden Grove, the intersection ",
  "agent_stats": {
    "position_calls": 1,
    "pdf_info": {
      "site_address": "Land at no.41 Linden Grove",
      "postcodes": [],
      "grid_refs": [],
      "scale": null,
      "map_pages": [
        3
      ],
      "map_page_details": [
        {
          "page": 3,
          "category": "match",
          "area_group": 0,
          "boundary_clarity": "clear",
          "detail_level": "close",
          "caption": "Site plan showing red boundary around 41 Linden Grove and surrounding streets."
        }
      ],
      "road_names": [
        "Linden Grove",
        "Abbotsbury Mews",
        "Nunhead Grove"
      ],
      "place_names": [
        "Abbotsbury Mews",
        "Nunhead Grove"
      ],
      "is_district_wide": false,
      "district_name": null,
      "house_number_road_pairs": [
        "41 Linden Grove"
      ],
      "parish_names": [],
      "admin_region": "Southwark",
      "likely_town_or_city": "London",
      "visible_map_labels": [
        "Abbotsbury Mews",
        "Nunhead Grove",
        "Linden Grove",
        "41",
        "1 to 14 43",
        "37 37a 37b 39 39a 39b",
        "102",
        "98 86",
        "159 163",
        "165 169",
        "Ward Bdy",
        "Tank"
      ],
      "adjacency_hints": []
    },
    "reader_request_tokens": 5012,
    "reader_response_tokens": 317,
    "outcome_status": "accepted",
    "outcome_reasoning": "The map is a close-up site plan of 41 Linden Grove. I attempted three different anchors: the intersection of Abbotsbury Mews and Linden Grove, the intersection of Linden Grove and Nunhead Grove, and the postcode SE15 3LF. All three attempts yielded relatively low inlier counts (15-20), likely due to the sparse cartographic detail on the planning map compared to the OS tiles. However, the first attempt (candidate 0) provided the highest n_inliers (20) and excellent scale consistency (0.98), with strong road name agreement (Linden Grove and Nunhead Grove matched). I have committed this candidate as the best available match.",
    "rotation_checked": false,
    "tool_calls": {
      "propose_centers": 3,
      "match_at": 3,
      "commit_match": 1,
      "final_result": 1
    },
    "total_tool_calls": 8,
    "n_turns": 17,
    "validator_retries": 0,
    "worker_request_tokens": 42387,
    "worker_response_tokens": 635,
    "request_tokens": 47399,
    "response_tokens": 952,
    "total_tokens": 48351,
    "critic": {
      "n_rejections": 0,
      "iterations": [
        {
          "iter_idx": 0,
          "action": "approve",
          "chosen_candidate_id": 0,
          "reasoning": "Candidate 0 shows good alignment with the street layout, specifically the junction of Linden Grove and Ashbourne Mews. The scale_consistency of 0.98 is strong, and the road_name_agreement reflects the correct identification of Linden Grove and neighbouring streets.",
          "wall_s": 2.9,
          "llm_error": null
        }
      ],
      "tokens": {
        "request": 5213,
        "response": 84
      }
    }
  },
  "valid_ground_truth": true,
  "valid_prediction": true,
  "validation_error": null,
  "iou": 0.0,
  "precision": 0.0,
  "recall": 0.0,
  "f1_score": 0.0,
  "positioning_error_m": 170.24133019602488,
  "worker_first_iou": 0.0,
  "worker_first_metrics": {
    "valid_ground_truth": true,
    "valid_prediction": true,
    "validation_error": null,
    "iou": 0.0,
    "precision": 0.0,
    "recall": 0.0,
    "f1_score": 0.0,
    "positioning_error_m": 170.24133019602488
  }
}