{
  "sl_no": 267,
  "match_info": {
    "center": "live_locate:place:Hyde Lea",
    "zoom": 19,
    "rotation": 0,
    "n_inliers": 24,
    "score": 8.87,
    "scale_factor": 0.879,
    "avg_scale": 1.002,
    "window": [
      774,
      1806
    ],
    "center_latlon": [
      52.776401748954314,
      -2.134618254658733
    ],
    "anchor_latlon": [
      52.7778531222291,
      -2.13201354585906
    ],
    "_inlier_pts_map": [
      [
        1323.267857142857,
        744.575
      ],
      [
        1349.2142857142858,
        744.575
      ],
      [
        1323.267857142857,
        770.25
      ],
      [
        1349.2142857142858,
        770.25
      ],
      [
        1271.375,
        821.6
      ],
      [
        1297.3214285714287,
        821.6
      ],
      [
        1245.4285714285716,
        847.275
      ],
      [
        830.2857142857143,
        1052.675
      ],
      [
        856.2321428571429,
        1052.675
      ],
      [
        882.1785714285714,
        1052.675
      ],
      [
        830.2857142857143,
        1078.3500000000001
      ],
      [
        674.6071428571429,
        1155.375
      ],
      [
        700.5535714285714,
        1155.375
      ],
      [
        1011.9107142857143,
        1181.05
      ],
      [
        1037.857142857143,
        1181.05
      ],
      [
        882.1785714285714,
        1206.7250000000001
      ],
      [
        830.2857142857143,
        1258.075
      ],
      [
        856.2321428571429,
        1258.075
      ],
      [
        804.3392857142858,
        1283.75
      ],
      [
        830.2857142857143,
        1283.75
      ],
      [
        856.2321428571429,
        1283.75
      ],
      [
        804.3392857142858,
        1309.425
      ],
      [
        830.2857142857143,
        1309.425
      ],
      [
        856.2321428571429,
        1309.425
      ]
    ],
    "_rot_map_shape": [
      2054,
      1453
    ]
  },
  "processing_time": 305.3773949146271,
  "agent_accepted": true,
  "agent_reason": "[accepted] The site is located at 'Land rear of Kevina' in Hyde Lea, Stafford. I performed three match attempts using candidates from the village centroid and Bradley Lane",
  "agent_stats": {
    "position_calls": 1,
    "pdf_info": {
      "site_address": "Land rear of \"Kevina\", Hyde Lea, Staffordshire",
      "postcodes": [
        "WV8 1PX"
      ],
      "grid_refs": [],
      "scale": null,
      "map_pages": [
        2
      ],
      "map_page_details": [
        {
          "page": 2,
          "category": "match",
          "area_group": 0,
          "boundary_clarity": "clear",
          "detail_level": "close",
          "caption": "Site plan showing red-edged triangular boundary at Land rear of Kevina, Hyde Lea."
        }
      ],
      "road_names": [
        "Bradley Lane"
      ],
      "place_names": [
        "Kevina",
        "Hyde Lea",
        "Staffordshire",
        "Bradley Lane",
        "Aorangi",
        "Newlands",
        "The Knoll",
        "Thaxted",
        "Four Winds",
        "Home Lea",
        "Annistake",
        "Meadowsweet",
        "High Point",
        "Destford House",
        "Tenglemere"
      ],
      "is_district_wide": false,
      "district_name": "South Staffordshire District, UK",
      "house_number_road_pairs": [],
      "parish_names": [],
      "admin_region": "South Staffordshire",
      "likely_town_or_city": "Hyde Lea",
      "visible_map_labels": [
        "Bradley Lane",
        "Aorangi",
        "Newlands",
        "The Knoll",
        "Kevina",
        "Thaxted",
        "Four Winds",
        "Home Lea",
        "Annistake",
        "Meadowsweet",
        "High Point",
        "Destford House",
        "Tenglemere",
        "Hall"
      ],
      "adjacency_hints": [
        "Kevina"
      ]
    },
    "reader_request_tokens": 4480,
    "reader_response_tokens": 367,
    "outcome_status": "accepted",
    "outcome_reasoning": "The site is located at 'Land rear of Kevina' in Hyde Lea, Stafford. I performed three match attempts using candidates from the village centroid and Bradley Lane. While the inlier counts were low (max 24), the scale consistency was excellent (0.99) and road name agreement was strong (Bradley Lane matched). The low inlier count is likely due to the map being a close-up site plan with limited OS-matching features other than the road alignment and property boundaries. I committed the candidate with the best overall metrics (Candidate 0) which correctly positioned the site within the Hyde Lea village context.",
    "rotation_checked": false,
    "tool_calls": {
      "propose_centers": 3,
      "match_at": 3,
      "commit_match": 1,
      "final_result": 1
    },
    "total_tool_calls": 8,
    "n_turns": 17,
    "validator_retries": 0,
    "worker_request_tokens": 42582,
    "worker_response_tokens": 593,
    "request_tokens": 47062,
    "response_tokens": 960,
    "total_tokens": 48022,
    "critic": {
      "n_rejections": 0,
      "iterations": [
        {
          "iter_idx": 0,
          "action": "approve",
          "chosen_candidate_id": 0,
          "reasoning": "Candidate 0 shows a correct match in Hyde Lea, Stafford. The triangular boundary mask is correctly projected onto the open space adjacent to buildings on the west side of the main road, matching the parcel on the planning map. The road layouts and building footprints on the OS render align with the linework of the planning document.",
          "wall_s": 3.2,
          "llm_error": null
        }
      ],
      "tokens": {
        "request": 5213,
        "response": 94
      }
    }
  },
  "valid_ground_truth": true,
  "valid_prediction": true,
  "validation_error": null,
  "iou": 0.6422442019441563,
  "precision": 0.7179951569573298,
  "recall": 0.8589050244269955,
  "f1_score": 0.7821543241672049,
  "positioning_error_m": 2.6015877418810915,
  "worker_first_iou": 0.6422442019441563,
  "worker_first_metrics": {
    "valid_ground_truth": true,
    "valid_prediction": true,
    "validation_error": null,
    "iou": 0.6422442019441563,
    "precision": 0.7179951569573298,
    "recall": 0.8589050244269955,
    "f1_score": 0.7821543241672049,
    "positioning_error_m": 2.6015877418810915
  }
}