{
  "sl_no": 109,
  "match_info": {
    "center": "live_locate:postcode:PE9 3DU",
    "zoom": 19,
    "rotation": 0,
    "n_inliers": 222,
    "score": 106.8,
    "scale_factor": 0.876,
    "avg_scale": 1.1344,
    "window": [
      1806,
      2064
    ],
    "center_latlon": [
      52.634224240147276,
      -0.40998582692560603
    ],
    "anchor_latlon": [
      52.635622,
      -0.410315
    ],
    "_inlier_pts_map": [
      [
        983.9285714285714,
        230.51250000000002
      ],
      [
        1009.8214285714286,
        230.51250000000002
      ],
      [
        1035.7142857142858,
        230.51250000000002
      ],
      [
        466.07142857142856,
        307.35
      ],
      [
        621.4285714285714,
        307.35
      ],
      [
        466.07142857142856,
        332.96250000000003
      ],
      [
        543.75,
        332.96250000000003
      ],
      [
        595.5357142857142,
        332.96250000000003
      ],
      [
        621.4285714285714,
        332.96250000000003
      ],
      [
        466.07142857142856,
        358.575
      ],
      [
        621.4285714285714,
        358.575
      ],
      [
        1191.0714285714284,
        358.575
      ],
      [
        1216.9642857142858,
        358.575
      ],
      [
        466.07142857142856,
        384.1875
      ],
      [
        491.9642857142857,
        384.1875
      ],
      [
        1165.1785714285713,
        384.1875
      ],
      [
        1191.0714285714284,
        384.1875
      ],
      [
        1216.9642857142858,
        384.1875
      ],
      [
        1242.857142857143,
        384.1875
      ],
      [
        440.17857142857144,
        409.8
      ],
      [
        466.07142857142856,
        409.8
      ],
      [
        491.9642857142857,
        409.8
      ],
      [
        1191.0714285714284,
        409.8
      ],
      [
        1216.9642857142858,
        409.8
      ],
      [
        1242.857142857143,
        409.8
      ],
      [
        466.07142857142856,
        435.4125
      ],
      [
        491.9642857142857,
        435.4125
      ],
      [
        491.9642857142857,
        461.02500000000003
      ],
      [
        1191.0714285714284,
        461.02500000000003
      ],
      [
        1216.9642857142858,
        486.6375
      ],
      [
        491.9642857142857,
        512.25
      ],
      [
        517.8571428571429,
        512.25
      ],
      [
        699.1071428571429,
        512.25
      ],
      [
        725.0,
        512.25
      ],
      [
        750.8928571428571,
        512.25
      ],
      [
        1191.0714285714284,
        512.25
      ],
      [
        1216.9642857142858,
        512.25
      ],
      [
        1242.857142857143,
        512.25
      ],
      [
        699.1071428571429,
        537.8625000000001
      ],
      [
        725.0,
        537.8625000000001
      ],
      [
        1216.9642857142858,
        537.8625000000001
      ],
      [
        1268.75,
        537.8625000000001
      ],
      [
        362.5,
        563.475
      ],
      [
        388.3928571428571,
        563.475
      ],
      [
        699.1071428571429,
        563.475
      ],
      [
        725.0,
        563.475
      ],
      [
        750.8928571428571,
        563.475
      ],
      [
        388.3928571428571,
        589.0875
      ],
      [
        699.1071428571429,
        589.0875
      ],
      [
        725.0,
        589.0875
      ],
      [
        750.8928571428571,
        589.0875
      ],
      [
        388.3928571428571,
        614.7
      ],
      [
        725.0,
        614.7
      ],
      [
        750.8928571428571,
        614.7
      ],
      [
        647.3214285714286,
        640.3125
      ],
      [
        621.4285714285714,
        665.9250000000001
      ],
      [
        647.3214285714286,
        665.9250000000001
      ],
      [
        362.5,
        691.5375
      ],
      [
        388.3928571428571,
        691.5375
      ],
      [
        543.75,
        691.5375
      ],
      [
        621.4285714285714,
        691.5375
      ],
      [
        647.3214285714286,
        691.5375
      ],
      [
        673.2142857142857,
        691.5375
      ],
      [
        466.07142857142856,
        717.15
      ],
      [
        491.9642857142857,
        717.15
      ],
      [
        543.75,
        717.15
      ],
      [
        699.1071428571429,
        717.15
      ],
      [
        388.3928571428571,
        742.7625
      ],
      [
        414.2857142857143,
        742.7625
      ],
      [
        440.17857142857144,
        742.7625
      ],
      [
        466.07142857142856,
        742.7625
      ],
      [
        491.9642857142857,
        742.7625
      ],
      [
        699.1071428571429,
        742.7625
      ],
      [
        388.3928571428571,
        768.375
      ],
      [
        414.2857142857143,
        768.375
      ],
      [
        440.17857142857144,
        768.375
      ],
      [
        388.3928571428571,
        793.9875000000001
      ],
      [
        414.2857142857143,
        793.9875000000001
      ],
      [
        673.2142857142857,
        793.9875000000001
      ],
      [
        647.3214285714286,
        819.6
      ],
      [
        673.2142857142857,
        819.6
      ],
      [
        595.5357142857142,
        845.2125
      ],
      [
        621.4285714285714,
        845.2125
      ],
      [
        647.3214285714286,
        845.2125
      ],
      [
        569.6428571428571,
        870.825
      ],
      [
        595.5357142857142,
        870.825
      ],
      [
        621.4285714285714,
        870.825
      ],
      [
        647.3214285714286,
        870.825
      ],
      [
        673.2142857142857,
        870.825
      ],
      [
        699.1071428571429,
        870.825
      ],
      [
        1061.607142857143,
        870.825
      ],
      [
        543.75,
        896.4375
      ],
      [
        569.6428571428571,
        896.4375
      ],
      [
        595.5357142857142,
        896.4375
      ],
      [
        621.4285714285714,
        896.4375
      ],
      [
        647.3214285714286,
        896.4375
      ],
      [
        673.2142857142857,
        896.4375
      ],
      [
        699.1071428571429,
        896.4375
      ],
      [
        725.0,
        896.4375
      ],
      [
        750.8928571428571,
        896.4375
      ],
      [
        776.7857142857142,
        896.4375
      ],
      [
        517.8571428571429,
        922.0500000000001
      ],
      [
        543.75,
        922.0500000000001
      ],
      [
        569.6428571428571,
        922.0500000000001
      ],
      [
        595.5357142857142,
        922.0500000000001
      ],
      [
        621.4285714285714,
        922.0500000000001
      ],
      [
        673.2142857142857,
        922.0500000000001
      ],
      [
        699.1071428571429,
        922.0500000000001
      ],
      [
        725.0,
        922.0500000000001
      ],
      [
        750.8928571428571,
        922.0500000000001
      ],
      [
        776.7857142857142,
        922.0500000000001
      ],
      [
        880.3571428571429,
        922.0500000000001
      ],
      [
        543.75,
        947.6625
      ],
      [
        569.6428571428571,
        947.6625
      ],
      [
        595.5357142857142,
        947.6625
      ],
      [
        621.4285714285714,
        947.6625
      ],
      [
        647.3214285714286,
        947.6625
      ],
      [
        673.2142857142857,
        947.6625
      ],
      [
        699.1071428571429,
        947.6625
      ],
      [
        725.0,
        947.6625
      ],
      [
        750.8928571428571,
        947.6625
      ],
      [
        776.7857142857142,
        947.6625
      ],
      [
        880.3571428571429,
        947.6625
      ],
      [
        517.8571428571429,
