{
  "sl_no": 235,
  "match_info": {
    "center": "live_locate:road:New Dover Road",
    "zoom": 17,
    "rotation": 0,
    "n_inliers": 36,
    "score": 13.27,
    "scale_factor": 0.423,
    "avg_scale": 0.983,
    "window": [
      1190,
      1190
    ],
    "center_latlon": [
      51.10218758193758,
      1.2341073521920976
    ],
    "anchor_latlon": [
      51.1025,
      1.225
    ],
    "_inlier_pts_map": [
      [
        262.5,
        105.96428571428571
      ],
      [
        105.0,
        123.625
      ],
      [
        122.5,
        123.625
      ],
      [
        140.0,
        123.625
      ],
      [
        157.5,
        123.625
      ],
      [
        175.0,
        123.625
      ],
      [
        122.5,
        141.28571428571428
      ],
      [
        140.0,
        141.28571428571428
      ],
      [
        157.5,
        141.28571428571428
      ],
      [
        175.0,
        141.28571428571428
      ],
      [
        105.0,
        158.94642857142856
      ],
      [
        122.5,
        158.94642857142856
      ],
      [
        140.0,
        158.94642857142856
      ],
      [
        157.5,
        158.94642857142856
      ],
      [
        175.0,
        158.94642857142856
      ],
      [
        297.5,
        158.94642857142856
      ],
      [
        332.5,
        158.94642857142856
      ],
      [
        70.0,
        176.60714285714283
      ],
      [
        122.5,
        176.60714285714283
      ],
      [
        52.5,
        194.26785714285714
      ],
      [
        70.0,
        194.26785714285714
      ],
      [
        122.5,
        194.26785714285714
      ],
      [
        35.0,
        211.92857142857142
      ],
      [
        52.5,
        211.92857142857142
      ],
      [
        70.0,
        211.92857142857142
      ],
      [
        122.5,
        211.92857142857142
      ],
      [
        157.5,
        211.92857142857142
      ],
      [
        52.5,
        247.25
      ],
      [
        70.0,
        264.9107142857143
      ],
      [
        35.0,
        353.21428571428567
      ],
      [
        70.0,
        459.1785714285714
      ],
      [
        70.0,
        476.83928571428567
      ],
      [
        455.0,
        476.83928571428567
      ],
      [
        472.5,
        476.83928571428567
      ],
      [
        472.5,
        494.5
      ],
      [
        472.5,
        512.1607142857142
      ]
    ],
    "_rot_map_shape": [
      989,
      1400
    ]
  },
  "processing_time": 402.771281003952,
  "agent_accepted": true,
  "agent_reason": "[accepted] The planning map on page 7 shows three parcels of land south of the New Dover Road (A20) in the parishes of Capel-le-Ferne and Hougham. I identified the locatio",
  "agent_stats": {
    "position_calls": 1,
    "pdf_info": {
      "site_address": "Land to the south of New Dover Road (A20), in the Parishes of Capel-Le-Ferne / Hougham, District of Dover.",
      "postcodes": [],
      "grid_refs": [
        "TR 272384",
        "TR 2638"
      ],
      "scale": "1:2500",
      "map_pages": [
        7
      ],
      "map_page_details": [
        {
          "page": 1,
          "category": "discard",
          "area_group": -1,
          "boundary_clarity": "none",
          "detail_level": "wide",
          "caption": "Article 4 Direction text for Dover District Council (Capel-le-Ferne and Hougham Without) No. 2 1980."
        },
        {
          "page": 2,
          "category": "discard",
          "area_group": -1,
          "boundary_clarity": "none",
          "detail_level": "wide",
          "caption": "Schedule of development permitted under Article 3."
        },
        {
          "page": 3,
          "category": "discard",
          "area_group": -1,
          "boundary_clarity": "none",
          "detail_level": "wide",
          "caption": "Statement of circumstances describing land at Capel-le-Ferne and Hougham."
        },
        {
          "page": 4,
          "category": "discard",
          "area_group": -1,
          "boundary_clarity": "none",
          "detail_level": "wide",
          "caption": "Continuation of statement of circumstances."
        },
        {
          "page": 5,
          "category": "discard",
          "area_group": -1,
          "boundary_clarity": "none",
          "detail_level": "wide",
          "caption": "Description of Folkestone Warren SSSI."
        },
        {
          "page": 6,
          "category": "discard",
          "area_group": -1,
          "boundary_clarity": "none",
          "detail_level": "wide",
          "caption": "Remarks on SSSI status."
        },
        {
          "page": 7,
          "category": "match",
          "area_group": 0,
          "boundary_clarity": "clear",
          "detail_level": "close",
          "caption": "Site plan at 1:2500 showing two parcels of land south of New Dover Road (A20)."
        }
      ],
      "road_names": [
        "New Dover Road",
        "A20 Trunk Road",
        "Old Dover Road"
      ],
      "place_names": [
        "Folkestone Warren SSSI",
        "The Warren",
        "The Royal Oak (PH)",
        "Abbot's Land Farm Cottages",
        "Abbot's Land Farm"
      ],
      "is_district_wide": false,
      "district_name": null,
      "house_number_road_pairs": [],
      "parish_names": [
        "Capel-le-Ferne",
        "Hougham Without"
      ],
      "admin_region": null,
      "likely_town_or_city": "Folkestone",
      "visible_map_labels": [
        "New Dover Road (A20)",
        "Old Dover Road",
        "The Royal Oak (PH)",
        "The Warren",
        "Cliff",
        "Shingle",
        "Rock",
        "Abbot's Land Farm Cottages"
      ],
      "adjacency_hints": []
    },
    "outcome_status": "accepted",
    "outcome_reasoning": "The planning map on page 7 shows three parcels of land south of the New Dover Road (A20) in the parishes of Capel-le-Ferne and Hougham. I identified the location using the road name 'New Dover Road' and landmarks like 'The Royal Oak (PH)'. Two attempts were made: the first at (51.1025, 1.225) yielded 36 inliers with excellent scale consistency (0.96) and strong road agreement (0.66). A second attempt further east at (51.102, 1.228) was weaker (19 inliers). I committed the first attempt as it provided the best fit for the cartography and scale. The resulting polygons cover the red-hatched areas on the cliff edge south of the A20.",
    "rotation_checked": true,
    "tool_calls": {
      "submit_pdf_info": 1,
      "propose_centers": 2,
      "match_at": 2,
      "commit_match": 1,
      "final_result": 1
    },
    "total_tool_calls": 7,
    "n_turns": 15,
    "validator_retries": 1,
    "worker_request_tokens": 66867,
    "worker_response_tokens": 1148,
    "request_tokens": 66867,
    "response_tokens": 1148,
    "total_tokens": 68015
  },
  "valid_ground_truth": true,
  "valid_prediction": true,
  "validation_error": null,
  "iou": 0.7449431904326406,
  "precision": 0.8622624565214773,
  "recall": 0.8455626030603413,
  "f1_score": 0.8538308805891779,
  "positioning_error_m": 14.306648895086449
}