{
  "sl_no": 57,
  "match_info": {
    "center": "live_locate:postcode:SW3 4BA",
    "zoom": 19,
    "rotation": 0,
    "n_inliers": 30,
    "score": 15.29,
    "scale_factor": 0.854,
    "avg_scale": 1.0361,
    "window": [
      0,
      2104
    ],
    "center_latlon": [
      51.48601040631497,
      -0.16908071135287628
    ],
    "anchor_latlon": [
      51.4875528823499,
      -0.165368239393529
    ],
    "_inlier_pts_map": [
      [
        428.3392857142857,
        324.34999999999997
      ],
      [
        453.53571428571433,
        324.34999999999997
      ],
      [
        478.7321428571429,
        324.34999999999997
      ],
      [
        503.92857142857144,
        324.34999999999997
      ],
      [
        529.125,
        324.34999999999997
      ],
      [
        453.53571428571433,
        349.3
      ],
      [
        478.7321428571429,
        349.3
      ],
      [
        503.92857142857144,
        349.3
      ],
      [
        529.125,
        349.3
      ],
      [
        554.3214285714286,
        349.3
      ],
      [
        453.53571428571433,
        374.25
      ],
      [
        478.7321428571429,
        374.25
      ],
      [
        503.92857142857144,
        374.25
      ],
      [
        453.53571428571433,
        399.2
      ],
      [
        478.7321428571429,
        399.2
      ],
      [
        503.92857142857144,
        399.2
      ],
      [
        453.53571428571433,
        424.15
      ],
      [
        478.7321428571429,
        424.15
      ],
      [
        503.92857142857144,
        424.15
      ],
      [
        428.3392857142857,
        449.09999999999997
      ],
      [
        453.53571428571433,
        449.09999999999997
      ],
      [
        478.7321428571429,
        449.09999999999997
      ],
      [
        503.92857142857144,
        449.09999999999997
      ],
      [
        403.14285714285717,
        474.05
      ],
      [
        428.3392857142857,
        474.05
      ],
      [
        453.53571428571433,
        474.05
      ],
      [
        403.14285714285717,
        499.0
      ],
      [
        428.3392857142857,
        499.0
      ],
      [
        453.53571428571433,
        499.0
      ],
      [
        755.8928571428572,
        1771.45
      ]
    ],
    "_rot_map_shape": [
      1996,
      1411
    ]
  },
  "processing_time": 320.8735740184784,
  "agent_accepted": true,
  "agent_reason": "[accepted] The site is 43 Shawfield Street, London SW3 4BA. I identified the site plan on page 5, which shows the property shaded in black on an OS-style background. I per",
  "agent_stats": {
    "position_calls": 1,
    "pdf_info": {
      "site_address": "43 Shawfield Street, S.W.3.",
      "postcodes": [
        "SW3 4BA",
        "W8 7NX"
      ],
      "grid_refs": [],
      "scale": null,
      "map_pages": [
        5
      ],
      "map_page_details": [
        {
          "page": 1,
          "category": "discard",
          "area_group": -1,
          "boundary_clarity": "none",
          "detail_level": "wide",
          "caption": "Cover page for Article IV Direction Number 19"
        },
        {
          "page": 2,
          "category": "discard",
          "area_group": -1,
          "boundary_clarity": "none",
          "detail_level": "wide",
          "caption": "Text of Article IV Direction mentioning 43 Shawfield Street"
        },
        {
          "page": 3,
          "category": "discard",
          "area_group": -1,
          "boundary_clarity": "none",
          "detail_level": "wide",
          "caption": "Continuation of text and signatures"
        },
        {
          "page": 4,
          "category": "discard",
          "area_group": -1,
          "boundary_clarity": "none",
          "detail_level": "wide",
          "caption": "Back page with address and solicitor details"
        },
        {
          "page": 5,
          "category": "match",
          "area_group": 0,
          "boundary_clarity": "clear",
          "detail_level": "close",
          "caption": "Site plan showing 43 Shawfield Street shaded in black"
        }
      ],
      "road_names": [
        "Shawfield Street",
        "Radnor Walk",
        "Flood Street",
        "Smith Terrace",
        "Redesdale Street",
        "Tedworth Gardens",
        "Redburn Street",
        "Flood Walk"
      ],
      "place_names": [],
      "is_district_wide": false,
      "district_name": null,
      "house_number_road_pairs": [],
      "parish_names": [],
      "admin_region": null,
      "likely_town_or_city": null,
      "visible_map_labels": [
        "SHAWFIELD STREET",
        "RADNOR WALK",
        "FLOOD STREET",
        "SMITH TERRACE",
        "REDESDALE STREET",
        "TEDWORTH GDNS",
        "REDBURN STREET",
        "FLOOD WALK",
        "Depot",
        "Warehouse",
        "Surgery",
        "Garage",
        "43 SHAWFIELD STREET S.W.3."
      ],
      "adjacency_hints": []
    },
    "outcome_status": "accepted",
    "outcome_reasoning": "The site is 43 Shawfield Street, London SW3 4BA. I identified the site plan on page 5, which shows the property shaded in black on an OS-style background. I performed three match attempts using different anchors: the road centroid, the specific postcode, and a nearby intersection. The postcode-based anchor (SW3 4BA) yielded the best results with 30 inliers and excellent scale consistency (0.93), correctly aligning with the dense urban street pattern of Chelsea. Although the inlier count is in the 'weak' tier, the perfect road name agreement (8/8) and high scale consistency provide high confidence in the alignment. I have committed this match.",
    "rotation_checked": false,
    "tool_calls": {
      "submit_pdf_info": 1,
      "propose_centers": 3,
      "match_at": 3,
      "commit_match": 1,
      "final_result": 1
    },
    "total_tool_calls": 9,
    "n_turns": 19,
    "validator_retries": 0,
    "worker_request_tokens": 81560,
    "worker_response_tokens": 1063,
    "request_tokens": 81560,
    "response_tokens": 1063,
    "total_tokens": 82623
  },
  "valid_ground_truth": true,
  "valid_prediction": true,
  "validation_error": null,
  "iou": 0.0,
  "precision": 0.0,
  "recall": 0.0,
  "f1_score": 0.0,
  "positioning_error_m": 338.06591682512914
}