{
  "sl_no": 34,
  "match_info": {
    "center": "live_locate:place:Tibenham Airfield",
    "zoom": 15,
    "rotation": 0,
    "n_inliers": 184,
    "score": 91.1,
    "scale_factor": 0.461,
    "avg_scale": 1.1396,
    "window": [
      336,
      784
    ],
    "center_latlon": [
      52.45485210077999,
      1.1513180364662787
    ],
    "anchor_latlon": [
      52.461,
      1.162
    ],
    "_inlier_pts_map": [
      [
        585.1071428571429,
        175.01250000000002
      ],
      [
        108.85714285714286,
        188.475
      ],
      [
        122.46428571428572,
        188.475
      ],
      [
        136.07142857142858,
        188.475
      ],
      [
        108.85714285714286,
        201.9375
      ],
      [
        122.46428571428572,
        201.9375
      ],
      [
        136.07142857142858,
        201.9375
      ],
      [
        149.67857142857144,
        201.9375
      ],
      [
        122.46428571428572,
        215.4
      ],
      [
        136.07142857142858,
        215.4
      ],
      [
        217.71428571428572,
        215.4
      ],
      [
        326.57142857142856,
        215.4
      ],
      [
        217.71428571428572,
        228.8625
      ],
      [
        231.32142857142858,
        228.8625
      ],
      [
        217.71428571428572,
        242.32500000000002
      ],
      [
        231.32142857142858,
        242.32500000000002
      ],
      [
        244.92857142857144,
        242.32500000000002
      ],
      [
        258.5357142857143,
        242.32500000000002
      ],
      [
        258.5357142857143,
        255.7875
      ],
      [
        149.67857142857144,
        323.1
      ],
      [
        163.28571428571428,
        323.1
      ],
      [
        176.89285714285714,
        323.1
      ],
      [
        149.67857142857144,
        336.5625
      ],
      [
        163.28571428571428,
        336.5625
      ],
      [
        176.89285714285714,
        336.5625
      ],
      [
        190.5,
        336.5625
      ],
      [
        149.67857142857144,
        350.02500000000003
      ],
      [
        163.28571428571428,
        350.02500000000003
      ],
      [
        176.89285714285714,
        350.02500000000003
      ],
      [
        190.5,
        350.02500000000003
      ],
      [
        204.10714285714286,
        350.02500000000003
      ],
      [
        95.25,
        363.4875
      ],
      [
        108.85714285714286,
        363.4875
      ],
      [
        122.46428571428572,
        363.4875
      ],
      [
        136.07142857142858,
        363.4875
      ],
      [
        149.67857142857144,
        363.4875
      ],
      [
        190.5,
        363.4875
      ],
      [
        95.25,
        376.95
      ],
      [
        108.85714285714286,
        376.95
      ],
      [
        122.46428571428572,
        376.95
      ],
      [
        136.07142857142858,
        376.95
      ],
      [
        149.67857142857144,
        376.95
      ],
      [
        571.5,
        376.95
      ],
      [
        108.85714285714286,
        390.4125
      ],
      [
        122.46428571428572,
        390.4125
      ],
      [
        136.07142857142858,
        390.4125
      ],
      [
        149.67857142857144,
        390.4125
      ],
      [
        557.8928571428571,
        390.4125
      ],
      [
        571.5,
        390.4125
      ],
      [
        95.25,
        403.875
      ],
      [
        136.07142857142858,
        403.875
      ],
      [
        149.67857142857144,
        403.875
      ],
      [
        557.8928571428571,
        403.875
      ],
      [
        557.8928571428571,
        417.33750000000003
      ],
      [
        571.5,
        417.33750000000003
      ],
      [
        544.2857142857143,
        430.8
      ],
      [
        557.8928571428571,
        430.8
      ],
      [
        571.5,
        430.8
      ],
      [
        585.1071428571429,
        430.8
      ],
      [
        557.8928571428571,
        444.2625
      ],
      [
        122.46428571428572,
        457.725
      ],
      [
        108.85714285714286,
        484.65000000000003
      ],
      [
        231.32142857142858,
        484.65000000000003
      ],
      [
        244.92857142857144,
        484.65000000000003
      ],
      [
        108.85714285714286,
        498.1125
      ],
      [
        231.32142857142858,
        498.1125
      ],
      [
        244.92857142857144,
        498.1125
      ],
      [
        258.5357142857143,
        498.1125
      ],
      [
        272.14285714285717,
        498.1125
      ],
      [
        176.89285714285714,
        511.575
      ],
      [
        231.32142857142858,
        511.575
      ],
      [
        244.92857142857144,
        511.575
      ],
      [
        136.07142857142858,
        525.0375
      ],
      [
        149.67857142857144,
        525.0375
      ],
      [
        163.28571428571428,
        525.0375
      ],
      [
        176.89285714285714,
        525.0375
      ],
      [
        244.92857142857144,
        525.0375
      ],
      [
        122.46428571428572,
        538.5
      ],
      [
        136.07142857142858,
        538.5
      ],
      [
        149.67857142857144,
        538.5
      ],
      [
        163.28571428571428,
        538.5
      ],
      [
        176.89285714285714,
        538.5
      ],
      [
        190.5,
        538.5
      ],
      [
        231.32142857142858,
        538.5
      ],
      [
        244.92857142857144,
        538.5
      ],
      [
        122.46428571428572,
        551.9625
      ],
      [
        136.07142857142858,
        551.9625
      ],
      [
        149.67857142857144,
        551.9625
      ],
      [
        163.28571428571428,
        551.9625
      ],
      [
        176.89285714285714,
        551.9625
      ],
      [
        190.5,
        551.9625
      ],
      [
        204.10714285714286,
        551.9625
      ],
      [
        217.71428571428572,
        551.9625
      ],
      [
        122.46428571428572,
        565.4250000000001
      ],
      [
        136.07142857142858,
        565.4250000000001
      ],
      [
        149.67857142857144,
        565.4250000000001
      ],
      [
        163.28571428571428,
        565.4250000000001
      ],
      [
        176.89285714285714,
        565.4250000000001
      ],
      [
        190.5,
        565.4250000000001
      ],
      [
        136.07142857142858,
        578.8875
      ],
      [
        163.28571428571428,
        578.8875
      ],
      [
        653.1428571428571,
        713.5125
      ],
      [
        666.75,
        713.5125
      ],
      [
        680.3571428571429,
        713.5125
      ],
      [
        653.1428571428571,
        726.975
      ],
      [
        666.75,
        726.975
      ],
      [
        680.3571428571429,
        726.975
      ],
      [
        693.9642857142858,
        726.975
      ],
      [
        449.0357142857143,
        740.4375
      ],
      [
        462.64285714285717,
        740.4375
      ],
      [
        476.25,
        740.4375
      ],
      [
        653.1428571428571,
        740.4375
      ],
      [
        666.75,
        740.4375
      ],
      [
        680.3571428571429,
        740.4375
      ],
      [
        693.9642857142858,
        740.4375
      ],
      [
        449.0357142857143,
        753.9
      ],
      [
        462.64285714285717,
        753.9
      ],
      [
        476.25,
        753.9
      ],
      [
        625.9285714285714,
        753.9
      ],
      [
        653.1428571428571,
        753.9
      ],
      [
        666.75,
        753.9
      ],
      [
        680.3571428571429,
        753.9
      ],
      [
        693.9642857142858,
        753.9
      ],
      [
        435.42857142857144,
        767.3625000000001
      ],
      [
        449.0357142857143,
