{
  "sl_no": 262,
  "match_info": {
    "center": "live_locate:intersect:A460 x New Road",
    "zoom": 17,
    "rotation": 0,
    "n_inliers": 32,
    "score": 14.15,
    "scale_factor": 0.745,
    "avg_scale": 0.9423,
    "window": [
      1264,
      0
    ],
    "center_latlon": [
      52.66391500493138,
      -2.0507558931518304
    ],
    "anchor_latlon": [
      52.6612,
      -2.0541
    ],
    "_inlier_pts_map": [
      [
        1012.0,
        718.5749999999999
      ],
      [
        1034.0,
        718.5749999999999
      ],
      [
        946.0,
        740.3499999999999
      ],
      [
        968.0,
        740.3499999999999
      ],
      [
        990.0,
        740.3499999999999
      ],
      [
        1012.0,
        740.3499999999999
      ],
      [
        1034.0,
        740.3499999999999
      ],
      [
        1100.0,
        740.3499999999999
      ],
      [
        946.0,
        762.125
      ],
      [
        968.0,
        762.125
      ],
      [
        990.0,
        762.125
      ],
      [
        1012.0,
        762.125
      ],
      [
        1034.0,
        762.125
      ],
      [
        1056.0,
        762.125
      ],
      [
        1100.0,
        762.125
      ],
      [
        946.0,
        783.9
      ],
      [
        968.0,
        783.9
      ],
      [
        990.0,
        783.9
      ],
      [
        1012.0,
        783.9
      ],
      [
        1034.0,
        783.9
      ],
      [
        1056.0,
        783.9
      ],
      [
        946.0,
        805.675
      ],
      [
        968.0,
        805.675
      ],
      [
        990.0,
        805.675
      ],
      [
        1012.0,
        805.675
      ],
      [
        1034.0,
        805.675
      ],
      [
        1100.0,
        805.675
      ],
      [
        968.0,
        827.4499999999999
      ],
      [
        990.0,
        827.4499999999999
      ],
      [
        1012.0,
        827.4499999999999
      ],
      [
        1034.0,
        827.4499999999999
      ],
      [
        946.0,
        1458.925
      ]
    ],
    "_rot_map_shape": [
      1742,
      1232
    ]
  },
  "processing_time": 263.674232006073,
  "agent_accepted": true,
  "agent_reason": "[accepted] a",
  "agent_stats": {
    "position_calls": 1,
    "pdf_info": {
      "site_address": "Land shown edged red on the attached plan, South Staffordshire",
      "postcodes": [],
      "grid_refs": [],
      "scale": "1:5000",
      "map_pages": [
        2
      ],
      "map_page_details": [
        {
          "page": 2,
          "category": "match",
          "area_group": 0,
          "boundary_clarity": "clear",
          "detail_level": "medium",
          "caption": "Site plan at 1:5000 showing red boundary around land adjacent to a Filling Station and road junction."
        }
      ],
      "road_names": [
        "A460",
        "New Road"
      ],
      "place_names": [
        "South Staffordshire",
        "Bull Hole Farm",
        "Filling Station",
        "The Old School House",
        "The Old Rectory"
      ],
      "is_district_wide": false,
      "district_name": null,
      "house_number_road_pairs": [],
      "parish_names": [],
      "admin_region": "South Staffordshire",
      "likely_town_or_city": "Shareshill",
      "visible_map_labels": [
        "Bull Hole Farm",
        "Filling Station",
        "The Old School House",
        "The Old Rectory",
        "A460",
        "New Road"
      ],
      "adjacency_hints": []
    },
    "reader_request_tokens": 4815,
    "reader_response_tokens": 273,
    "outcome_status": "accepted",
    "outcome_reasoning": "a",
    "rotation_checked": false,
    "tool_calls": {
      "propose_centers": 3,
      "match_at": 3,
      "commit_match": 1,
      "final_result": 2
    },
    "total_tool_calls": 9,
    "n_turns": 20,
    "validator_retries": 0,
    "worker_request_tokens": 41547,
    "worker_response_tokens": 600,
    "request_tokens": 46362,
    "response_tokens": 873,
    "total_tokens": 47235,
    "critic": {
      "n_rejections": 1,
      "iterations": [
        {
          "iter_idx": 0,
          "action": "retry_locate",
          "chosen_candidate_id": 2,
          "reasoning": "None of the candidates show a correct match. The planning map depicts a site adjacent to a straight north-south road with specific field boundaries and a small building cluster to the west, whereas all candidate OS renders place the site near a major motorway/dual-carriageway interchange which is not present on the planning map. The road layouts and built features in the OS tiles do not correspond to the planning map lines.",
          "wall_s": 2.8,
          "llm_error": null,
          "geojson_changed": false
        }
      ],
      "tokens": {
        "request": 5223,
        "response": 116
      }
    }
  },
  "valid_ground_truth": true,
  "valid_prediction": true,
  "validation_error": null,
  "iou": 0.0,
  "precision": 0.0,
  "recall": 0.0,
  "f1_score": 0.0,
  "positioning_error_m": 10421.986832513008,
  "worker_first_iou": 0.0,
  "worker_first_metrics": {
    "valid_ground_truth": true,
    "valid_prediction": true,
    "validation_error": null,
    "iou": 0.0,
    "precision": 0.0,
    "recall": 0.0,
    "f1_score": 0.0,
    "positioning_error_m": 10421.986832513008
  }
}