{
  "sl_no": 78,
  "match_info": {
    "center": "live_locate:place:Princes Drive",
    "zoom": 17,
    "rotation": 0,
    "n_inliers": 35,
    "score": 15.05,
    "scale_factor": 0.425,
    "avg_scale": 0.9918,
    "window": [
      1470,
      105
    ],
    "center_latlon": [
      51.27093037143918,
      1.3835707586296735
    ],
    "anchor_latlon": [
      51.2728347569935,
      1.38446855936119
    ],
    "_inlier_pts_map": [
      [
        802.2857142857143,
        2136.025
      ],
      [
        852.4285714285714,
        2136.025
      ],
      [
        702.0,
        2185.7
      ],
      [
        752.1428571428572,
        2185.7
      ],
      [
        802.2857142857143,
        2185.7
      ],
      [
        852.4285714285714,
        2185.7
      ],
      [
        752.1428571428572,
        2235.375
      ],
      [
        802.2857142857143,
        2235.375
      ],
      [
        852.4285714285714,
        2235.375
      ],
      [
        852.4285714285714,
        2285.0499999999997
      ],
      [
        802.2857142857143,
        2632.7749999999996
      ],
      [
        802.2857142857143,
        2682.45
      ],
      [
        852.4285714285714,
        2682.45
      ],
      [
        1103.142857142857,
        2682.45
      ],
      [
        1153.2857142857144,
        2682.45
      ],
      [
        1002.8571428571429,
        2732.125
      ],
      [
        1053.0,
        2732.125
      ],
      [
        1103.142857142857,
        2732.125
      ],
      [
        1203.4285714285716,
        2732.125
      ],
      [
        551.5714285714286,
        2781.7999999999997
      ],
      [
        752.1428571428572,
        2781.7999999999997
      ],
      [
        1002.8571428571429,
        2781.7999999999997
      ],
      [
        1053.0,
        2781.7999999999997
      ],
      [
        1103.142857142857,
        2781.7999999999997
      ],
      [
        1153.2857142857144,
        2781.7999999999997
      ],
      [
        1203.4285714285716,
        2781.7999999999997
      ],
      [
        1053.0,
        2831.475
      ],
      [
        1153.2857142857144,
        2831.475
      ],
      [
        1203.4285714285716,
        2831.475
      ],
      [
        1153.2857142857144,
        2881.1499999999996
      ],
      [
        1203.4285714285716,
        2881.1499999999996
      ],
      [
        1103.142857142857,
        3079.85
      ],
      [
        1153.2857142857144,
        3079.85
      ],
      [
        1203.4285714285716,
        3079.85
      ],
      [
        1103.142857142857,
        3129.5249999999996
      ]
    ],
    "_rot_map_shape": [
      3974,
      1404
    ]
  },
  "processing_time": 73.83371615409851,
  "agent_accepted": true,
  "agent_reason": "[accepted] The map shows a long linear boundary along the foreshore and Princes Drive at Sandwich Bay. Two attempts were made: the first at the southern residential area (",
  "agent_stats": {
    "position_calls": 1,
    "pdf_info": {
      "site_address": "Land at Sandwich Bay in the Parish of Worth in the area of the Dover District Council",
      "postcodes": [],
      "grid_refs": [
        "TR 35-3656",
        "TR 35-3657",
        "TR 35-3658",
        "TR 35-3559",
        "TR 3656",
        "TR 3657",
        "TR 3658"
      ],
      "scale": "1:2500",
      "map_pages": [
        6
      ],
      "map_page_details": [
        {
          "page": 6,
          "category": "match",
          "area_group": 0,
          "boundary_clarity": "clear",
          "detail_level": "medium",
          "caption": "OS-based map showing red boundary along foreshore and Princes Drive at Sandwich Bay."
        }
      ],
      "road_names": [
        "Princes Drive",
        "Cambridge Avenue"
      ],
      "place_names": [
        "Sandwich Bay Estate",
        "Princes Golf Club",
        "Sandwich Bay Bird Observatory",
        "Kent"
      ],
      "is_district_wide": false,
      "district_name": null,
      "house_number_road_pairs": [],
      "parish_names": [
        "Worth"
      ],
      "admin_region": "Dover",
      "likely_town_or_city": "Sandwich Bay",
      "visible_map_labels": [
        "Sandwich Bay Estate",
        "Princes Drive",
        "Cambridge Avenue",
        "Princes Golf Club",
        "Sandwich Bay"
      ],
      "adjacency_hints": [
        "Princes Golf Club",
        "Cambridge Avenue"
      ]
    },
    "reader_request_tokens": 6622,
    "reader_response_tokens": 349,
    "outcome_status": "accepted",
    "outcome_reasoning": "The map shows a long linear boundary along the foreshore and Princes Drive at Sandwich Bay. Two attempts were made: the first at the southern residential area (28 inliers) and the second further north along Princes Drive (35 inliers). Both attempts showed excellent scale consistency (0.98) and perfect road name agreement (Princes Drive and Cambridge Avenue). Given the linear and relatively feature-sparse nature of the coastal strip, 35 inliers is a reliable match when corroborated by perfect scale and road agreement. The second candidate was committed as it provided the best match strength.",
    "rotation_checked": false,
    "tool_calls": {
      "propose_centers": 2,
      "match_at": 2,
      "commit_match": 1,
      "final_result": 1
    },
    "total_tool_calls": 6,
    "n_turns": 13,
    "validator_retries": 0,
    "worker_request_tokens": 31046,
    "worker_response_tokens": 420,
    "request_tokens": 37668,
    "response_tokens": 769,
    "total_tokens": 38437,
    "critic": {
      "n_rejections": 0,
      "iterations": [
        {
          "iter_idx": 0,
          "action": "approve",
          "chosen_candidate_id": 1,
          "reasoning": "Candidate 1 correctly aligns the long linear corridor with the coastal road and and the triangular sub-area with the field patterns adjacent to the settlement. Although n_inliers is low (35), the scale_consistency (0.98) and road_name_agreement (1.0) are strong, and the visual alignment of the red boundary outline with the coastal features is precise.",
          "wall_s": 2.6,
          "llm_error": null
        }
      ],
      "tokens": {
        "request": 4059,
        "response": 110
      }
    }
  },
  "valid_ground_truth": true,
  "valid_prediction": true,
  "validation_error": null,
  "iou": 0.21332088893459977,
  "precision": 0.2753272047029805,
  "recall": 0.4864448854207246,
  "f1_score": 0.3516314453662917,
  "positioning_error_m": 563.4381775350441,
  "worker_first_iou": 0.21332088893459977,
  "worker_first_metrics": {
    "valid_ground_truth": true,
    "valid_prediction": true,
    "validation_error": null,
    "iou": 0.21332088893459977,
    "precision": 0.2753272047029805,
    "recall": 0.4864448854207246,
    "f1_score": 0.3516314453662917,
    "positioning_error_m": 563.4381775350441
  }
}