{
  "sl_no": 16,
  "match_info": {
    "center": "live_locate:postcode:NR16 1AL",
    "zoom": 19,
    "rotation": 0,
    "n_inliers": 47,
    "score": 21.01,
    "scale_factor": 0.349,
    "avg_scale": 0.8999,
    "window": [
      730,
      2920
    ],
    "center_latlon": [
      52.50995541907144,
      1.1536259555462323
    ],
    "anchor_latlon": [
      52.5118041215438,
      1.15656120896816
    ],
    "_inlier_pts_map": [
      [
        20.607142857142858,
        684.2375000000001
      ],
      [
        30.910714285714285,
        684.2375000000001
      ],
      [
        41.214285714285715,
        684.2375000000001
      ],
      [
        51.517857142857146,
        684.2375000000001
      ],
      [
        20.607142857142858,
        694.45
      ],
      [
        30.910714285714285,
        694.45
      ],
      [
        41.214285714285715,
        694.45
      ],
      [
        51.517857142857146,
        694.45
      ],
      [
        61.82142857142857,
        694.45
      ],
      [
        72.125,
        694.45
      ],
      [
        20.607142857142858,
        704.6625
      ],
      [
        30.910714285714285,
        704.6625
      ],
      [
        41.214285714285715,
        704.6625
      ],
      [
        51.517857142857146,
        704.6625
      ],
      [
        61.82142857142857,
        704.6625
      ],
      [
        72.125,
        704.6625
      ],
      [
        82.42857142857143,
        704.6625
      ],
      [
        30.910714285714285,
        714.875
      ],
      [
        41.214285714285715,
        714.875
      ],
      [
        51.517857142857146,
        714.875
      ],
      [
        61.82142857142857,
        714.875
      ],
      [
        72.125,
        714.875
      ],
      [
        41.214285714285715,
        725.0875
      ],
      [
        51.517857142857146,
        725.0875
      ],
      [
        61.82142857142857,
        725.0875
      ],
      [
        72.125,
        725.0875
      ],
      [
        525.4821428571429,
        745.5125
      ],
      [
        535.7857142857143,
        745.5125
      ],
      [
        515.1785714285714,
        755.725
      ],
      [
        525.4821428571429,
        755.725
      ],
      [
        535.7857142857143,
        755.725
      ],
      [
        546.0892857142858,
        755.725
      ],
      [
        515.1785714285714,
        765.9375
      ],
      [
        525.4821428571429,
        765.9375
      ],
      [
        535.7857142857143,
        765.9375
      ],
      [
        546.0892857142858,
        765.9375
      ],
      [
        494.57142857142856,
        776.15
      ],
      [
        504.875,
        776.15
      ],
      [
        515.1785714285714,
        776.15
      ],
      [
        525.4821428571429,
        776.15
      ],
      [
        535.7857142857143,
        776.15
      ],
      [
        546.0892857142858,
        776.15
      ],
      [
        504.875,
        786.3625000000001
      ],
      [
        515.1785714285714,
        786.3625000000001
      ],
      [
        525.4821428571429,
        786.3625000000001
      ],
      [
        535.7857142857143,
        786.3625000000001
      ],
      [
        546.0892857142858,
        786.3625000000001
      ]
    ],
    "_rot_map_shape": [
      817,
      577
    ]
  },
  "processing_time": 155.96190524101257,
  "agent_accepted": true,
  "agent_reason": "[accepted] The planning boundary covers 126-134 Norwich Road in Tacolneston, Norfolk. I identified the site on page 2, which shows a clear red boundary at 1:500 scale adja",
  "agent_stats": {
    "position_calls": 1,
    "pdf_info": {
      "site_address": "126-134 Norwich Road, Tacolneston, Norfolk",
      "postcodes": [
        "NR15 2XE"
      ],
      "grid_refs": [],
      "scale": "1:500",
      "map_pages": [
        2
      ],
      "map_page_details": [
        {
          "page": 1,
          "category": "discard",
          "area_group": -1,
          "boundary_clarity": "none",
          "detail_level": "wide",
          "caption": "Article 4(2) Direction text for 126-134 Norwich Road, Tacolneston, Norfolk."
        },
        {
          "page": 2,
          "category": "match",
          "area_group": 0,
          "boundary_clarity": "clear",
          "detail_level": "close",
          "caption": "Site plan at 1:500 showing red boundary around 126-134 Norwich Road and The Pelican (PH)."
        }
      ],
      "road_names": [
        "Norwich Road"
      ],
      "place_names": [
        "Tacolneston",
        "The Pelican (PH)",
        "Pond",
        "Shelter"
      ],
      "is_district_wide": false,
      "district_name": null,
      "house_number_road_pairs": [
        "126-134 Norwich Road"
      ],
      "parish_names": [],
      "admin_region": null,
      "likely_town_or_city": "Tacolneston",
      "visible_map_labels": [
        "126",
        "134",
        "The Pelican (PH)",
        "Pond",
        "Shelter",
        "53.3m"
      ],
      "adjacency_hints": []
    },
    "outcome_status": "accepted",
    "outcome_reasoning": "The planning boundary covers 126-134 Norwich Road in Tacolneston, Norfolk. I identified the site on page 2, which shows a clear red boundary at 1:500 scale adjacent to 'The Pelican (PH)'. I tested three candidates: the village centroid, the postcode NR16 1AL (associated with the Pelican), and a nearby landmark. The postcode-based candidate (ID 1) yielded the highest RANSAC match strength (47 inliers) with good scale consistency (0.81) and perfect road name agreement (1.0). Although the inlier count is in the 'WEAK' tier, it is the most reliable match across multiple attempts and correctly aligns the site's specific cartographic features (the Pelican, the pond, and the shelter) with the Ordnance Survey data.",
    "rotation_checked": false,
    "tool_calls": {
      "submit_pdf_info": 1,
      "propose_centers": 3,
      "match_at": 3,
      "commit_match": 1,
      "final_result": 1
    },
    "total_tool_calls": 9,
    "n_turns": 19,
    "validator_retries": 0,
    "worker_request_tokens": 78643,
    "worker_response_tokens": 977,
    "request_tokens": 78643,
    "response_tokens": 977,
    "total_tokens": 79620
  },
  "valid_ground_truth": true,
  "valid_prediction": true,
  "validation_error": null,
  "iou": 0.0,
  "precision": 0.0,
  "recall": 0.0,
  "f1_score": 0.0,
  "positioning_error_m": 342.93815657512295
}