{
  "sl_no": 270,
  "match_info": {
    "center": "live_locate:place:Teddesley Road",
    "zoom": 18,
    "rotation": 0,
    "n_inliers": 207,
    "score": 92.75,
    "scale_factor": 0.746,
    "avg_scale": 1.1633,
    "window": [
      418,
      1463
    ],
    "center_latlon": [
      52.72753322431643,
      -2.1133444658410383
    ],
    "anchor_latlon": [
      52.7281627386398,
      -2.11074754184938
    ],
    "_inlier_pts_map": [
      [
        154.625,
        328.125
      ],
      [
        154.625,
        350.0
      ],
      [
        176.71428571428572,
        350.0
      ],
      [
        176.71428571428572,
        371.875
      ],
      [
        198.80357142857144,
        371.875
      ],
      [
        817.3035714285714,
        371.875
      ],
      [
        861.4821428571429,
        371.875
      ],
      [
        883.5714285714287,
        371.875
      ],
      [
        861.4821428571429,
        393.75
      ],
      [
        883.5714285714287,
        393.75
      ],
      [
        220.89285714285717,
        415.625
      ],
      [
        242.98214285714286,
        415.625
      ],
      [
        220.89285714285717,
        437.5
      ],
      [
        242.98214285714286,
        437.5
      ],
      [
        198.80357142857144,
        459.375
      ],
      [
        220.89285714285717,
        459.375
      ],
      [
        132.53571428571428,
        481.25
      ],
      [
        154.625,
        481.25
      ],
      [
        176.71428571428572,
        481.25
      ],
      [
        198.80357142857144,
        481.25
      ],
      [
        220.89285714285717,
        481.25
      ],
      [
        132.53571428571428,
        503.125
      ],
      [
        154.625,
        503.125
      ],
      [
        176.71428571428572,
        503.125
      ],
      [
        198.80357142857144,
        503.125
      ],
      [
        220.89285714285717,
        503.125
      ],
      [
        176.71428571428572,
        525.0
      ],
      [
        883.5714285714287,
        568.75
      ],
      [
        1082.375,
        721.875
      ],
      [
        1016.1071428571429,
        743.75
      ],
      [
        1082.375,
        743.75
      ],
      [
        375.51785714285717,
        787.5
      ],
      [
        905.6607142857143,
        809.375
      ],
      [
        883.5714285714287,
        831.25
      ],
      [
        220.89285714285717,
        853.125
      ],
      [
        242.98214285714286,
        853.125
      ],
      [
        265.07142857142856,
        853.125
      ],
      [
        287.1607142857143,
        853.125
      ],
      [
        817.3035714285714,
        853.125
      ],
      [
        839.3928571428572,
        853.125
      ],
      [
        883.5714285714287,
        853.125
      ],
      [
        220.89285714285717,
        875.0
      ],
      [
        242.98214285714286,
        875.0
      ],
      [
        265.07142857142856,
        875.0
      ],
      [
        839.3928571428572,
        875.0
      ],
      [
        817.3035714285714,
        896.875
      ],
      [
        839.3928571428572,
        896.875
      ],
      [
        905.6607142857143,
        962.5
      ],
      [
        971.9285714285714,
        962.5
      ],
      [
        927.75,
        984.375
      ],
      [
        949.8392857142858,
        984.375
      ],
      [
        971.9285714285714,
        984.375
      ],
      [
        927.75,
        1006.25
      ],
      [
        949.8392857142858,
        1006.25
      ],
      [
        971.9285714285714,
        1006.25
      ],
      [
        728.9464285714286,
        1028.125
      ],
      [
        751.0357142857143,
        1028.125
      ],
      [
        839.3928571428572,
        1028.125
      ],
      [
        242.98214285714286,
        1050.0
      ],
      [
        728.9464285714286,
        1050.0
      ],
      [
        751.0357142857143,
        1050.0
      ],
      [
        773.125,
        1050.0
      ],
      [
        795.2142857142858,
        1050.0
      ],
      [
        817.3035714285714,
        1050.0
      ],
      [
        265.07142857142856,
        1071.875
      ],
      [
        287.1607142857143,
        1071.875
      ],
      [
        728.9464285714286,
        1071.875
      ],
      [
        751.0357142857143,
        1071.875
      ],
      [
        773.125,
        1071.875
      ],
      [
        795.2142857142858,
        1071.875
      ],
      [
        817.3035714285714,
        1071.875
      ],
      [
        242.98214285714286,
        1093.75
      ],
      [
        265.07142857142856,
        1093.75
      ],
      [
        287.1607142857143,
        1093.75
      ],
      [
        662.6785714285714,
        1093.75
      ],
      [
        728.9464285714286,
        1093.75
      ],
      [
        751.0357142857143,
        1093.75
      ],
      [
        795.2142857142858,
        1093.75
      ],
      [
        265.07142857142856,
        1115.625
      ],
      [
        287.1607142857143,
        1115.625
      ],
      [
        309.25,
        1115.625
      ],
      [
        331.3392857142857,
        1115.625
      ],
      [
        552.2321428571429,
        1115.625
      ],
      [
        574.3214285714286,
        1115.625
      ],
      [
        640.5892857142858,
        1115.625
      ],
      [
        662.6785714285714,
        1115.625
      ],
      [
        773.125,
        1115.625
      ],
      [
        265.07142857142856,
        1137.5
      ],
      [
        287.1607142857143,
        1137.5
      ],
      [
        309.25,
        1137.5
      ],
      [
        331.3392857142857,
        1137.5
      ],
      [
        530.1428571428571,
        1137.5
      ],
      [
        552.2321428571429,
        1137.5
      ],
      [
        574.3214285714286,
        1137.5
      ],
      [
        596.4107142857143,
        1137.5
      ],
      [
        618.5,
        1137.5
      ],
      [
        640.5892857142858,
        1137.5
      ],
      [
        773.125,
        1137.5
      ],
      [
        110.44642857142858,
        1159.375
      ],
      [
        154.625,
        1159.375
      ],
      [
        265.07142857142856,
        1159.375
      ],
      [
        287.1607142857143,
        1159.375
      ],
      [
        309.25,
        1159.375
      ],
      [
        331.3392857142857,
        1159.375
      ],
      [
        508.05357142857144,
        1159.375
      ],
      [
        530.1428571428571,
        1159.375
      ],
      [
        552.2321428571429,
        1159.375
      ],
      [
        574.3214285714286,
        1159.375
      ],
      [
        618.5,
        1159.375
      ],
      [
        640.5892857142858,
        1159.375
      ],
      [
        1060.2857142857142,
        1159.375
      ],
      [
        110.44642857142858,
        1181.25
      ],
      [
        132.53571428571428,
        1181.25
      ],
      [
        154.625,
        1181.25
      ],
      [
        265.07142857142856,
        1181.25
      ],
      [
        287.1607142857143,
        1181.25
      ],
      [
        309.25,
        1181.25
      ],
      [
        331.3392857142857,
        1181.25
      ],
      [
        530.1428571428571,
        1181.25
      ],
      [
        552.2321428571429,
        1181.25
      ],
      [
        574.3214285714286,
        1181.25
      ],
      [
        662.6785714285714,
        1181.25
      ],
      [
        110.44642857142858,
        1203.125
      ],
      [
        132.53571428571428,
        1203.125
      ],
      [
        154.625,
        1203.125
      ],
      [
        309.25,
        1203.125
      ],
      [
        419.6964285714286,
        1203.125
      ],
      [
        441.78571428571433,
        1203.125
      ],
      [
        508.05357142857144,
        1203.125
      ],
      [
