{
  "sl_no": 204,
  "match_info": {
    "center": "live_locate:emergency_la_centroid:St Albans",
    "zoom": 18,
    "rotation": 0,
    "n_inliers": 114,
    "score": 57.97,
    "scale_factor": 0.859,
    "avg_scale": 1.004,
    "window": [
      2630,
      263
    ],
    "center_latlon": [
      51.774532411519566,
      -0.3376670097511294
    ],
    "anchor_latlon": [
      51.7720857122167,
      -0.342493545055489
    ],
    "_inlier_pts_map": [
      [
        956.7857142857142,
        921.7625
      ],
      [
        931.6071428571428,
        946.6750000000001
      ],
      [
        956.7857142857142,
        946.6750000000001
      ],
      [
        981.9642857142857,
        946.6750000000001
      ],
      [
        1133.0357142857142,
        946.6750000000001
      ],
      [
        1158.2142857142856,
        946.6750000000001
      ],
      [
        1183.392857142857,
        946.6750000000001
      ],
      [
        1258.9285714285713,
        946.6750000000001
      ],
      [
        956.7857142857142,
        971.5875000000001
      ],
      [
        981.9642857142857,
        971.5875000000001
      ],
      [
        1007.1428571428571,
        971.5875000000001
      ],
      [
        1032.3214285714284,
        971.5875000000001
      ],
      [
        1057.5,
        971.5875000000001
      ],
      [
        1082.6785714285713,
        971.5875000000001
      ],
      [
        1107.857142857143,
        971.5875000000001
      ],
      [
        1133.0357142857142,
        971.5875000000001
      ],
      [
        1158.2142857142856,
        971.5875000000001
      ],
      [
        1183.392857142857,
        971.5875000000001
      ],
      [
        1208.5714285714284,
        971.5875000000001
      ],
      [
        1233.75,
        971.5875000000001
      ],
      [
        1258.9285714285713,
        971.5875000000001
      ],
      [
        956.7857142857142,
        996.5
      ],
      [
        981.9642857142857,
        996.5
      ],
      [
        1007.1428571428571,
        996.5
      ],
      [
        1057.5,
        996.5
      ],
      [
        1082.6785714285713,
        996.5
      ],
      [
        1107.857142857143,
        996.5
      ],
      [
        1133.0357142857142,
        996.5
      ],
      [
        1158.2142857142856,
        996.5
      ],
      [
        1183.392857142857,
        996.5
      ],
      [
        1208.5714285714284,
        996.5
      ],
      [
        1233.75,
        996.5
      ],
      [
        1258.9285714285713,
        996.5
      ],
      [
        1284.107142857143,
        996.5
      ],
      [
        956.7857142857142,
        1021.4125
      ],
      [
        981.9642857142857,
        1021.4125
      ],
      [
        1007.1428571428571,
        1021.4125
      ],
      [
        1032.3214285714284,
        1021.4125
      ],
      [
        1057.5,
        1021.4125
      ],
      [
        1082.6785714285713,
        1021.4125
      ],
      [
        1107.857142857143,
        1021.4125
      ],
      [
        1133.0357142857142,
        1021.4125
      ],
      [
        1158.2142857142856,
        1021.4125
      ],
      [
        1183.392857142857,
        1021.4125
      ],
      [
        1208.5714285714284,
        1021.4125
      ],
      [
        1233.75,
        1021.4125
      ],
      [
        1258.9285714285713,
        1021.4125
      ],
      [
        1284.107142857143,
        1021.4125
      ],
      [
        1007.1428571428571,
        1046.325
      ],
      [
        1032.3214285714284,
        1046.325
      ],
      [
        1057.5,
        1046.325
      ],
      [
        1082.6785714285713,
        1046.325
      ],
      [
        1107.857142857143,
        1046.325
      ],
      [
        1133.0357142857142,
        1046.325
      ],
      [
        1158.2142857142856,
        1046.325
      ],
      [
        1183.392857142857,
        1046.325
      ],
      [
        1208.5714285714284,
        1046.325
      ],
      [
        1233.75,
        1046.325
      ],
      [
        1258.9285714285713,
        1046.325
      ],
      [
        1284.107142857143,
        1046.325
      ],
      [
        1007.1428571428571,
        1071.2375
      ],
      [
        1032.3214285714284,
        1071.2375
      ],
      [
        1057.5,
        1071.2375
      ],
      [
        1082.6785714285713,
        1071.2375
      ],
      [
        1107.857142857143,
        1071.2375
      ],
      [
        1133.0357142857142,
        1071.2375
      ],
      [
        1158.2142857142856,
        1071.2375
      ],
      [
        1233.75,
        1071.2375
      ],
      [
        1258.9285714285713,
        1071.2375
      ],
      [
        1007.1428571428571,
        1096.15
      ],
      [
        1032.3214285714284,
        1096.15
      ],
      [
        1057.5,
        1096.15
      ],
      [
        1082.6785714285713,
        1096.15
      ],
      [
        1107.857142857143,
        1096.15
      ],
      [
        1133.0357142857142,
        1096.15
      ],
      [
        1057.5,
        1121.0625
      ],
      [
        1057.5,
        1145.9750000000001
      ],
      [
        1082.6785714285713,
        1145.9750000000001
      ],
      [
        1107.857142857143,
        1145.9750000000001
      ],
      [
        1032.3214285714284,
        1170.8875
      ],
      [
        1057.5,
        1170.8875
      ],
      [
        1082.6785714285713,
        1170.8875
      ],
      [
        1107.857142857143,
        1170.8875
      ],
      [
        1133.0357142857142,
        1170.8875
      ],
      [
        981.9642857142857,
        1195.8000000000002
      ],
      [
        1032.3214285714284,
        1195.8000000000002
      ],
      [
        1057.5,
        1195.8000000000002
      ],
      [
        1082.6785714285713,
        1195.8000000000002
      ],
      [
        1107.857142857143,
        1195.8000000000002
      ],
      [
        1133.0357142857142,
        1195.8000000000002
      ],
      [
        981.9642857142857,
        1220.7125
      ],
      [
        1007.1428571428571,
        1220.7125
      ],
      [
        1032.3214285714284,
        1220.7125
      ],
      [
        1057.5,
        1220.7125
      ],
      [
        1082.6785714285713,
        1220.7125
      ],
      [
        1107.857142857143,
        1220.7125
      ],
      [
        1133.0357142857142,
        1220.7125
      ],
      [
        1158.2142857142856,
        1220.7125
      ],
      [
        956.7857142857142,
        1245.625
      ],
      [
        981.9642857142857,
        1245.625
      ],
      [
        1007.1428571428571,
        1245.625
      ],
      [
        1032.3214285714284,
        1245.625
      ],
      [
        1057.5,
        1245.625
      ],
      [
        1107.857142857143,
        1245.625
      ],
      [
        956.7857142857142,
        1270.5375000000001
      ],
      [
        981.9642857142857,
        1270.5375000000001
      ],
      [
        1007.1428571428571,
        1270.5375000000001
      ],
      [
        956.7857142857142,
        1295.45
      ],
      [
        1007.1428571428571,
        1295.45
      ],
      [
        981.9642857142857,
        1320.3625000000002
      ],
      [
        1007.1428571428571,
        1320.3625000000002
      ],
      [
        1032.3214285714284,
        1320.3625000000002
      ],
      [
        981.9642857142857,
        1345.275
      ],
      [
        981.9642857142857,
        1395.1000000000001
      ]
    ],
    "_rot_map_shape": [
      1993,
      1410
    ]
  },
  "processing_time": 114.91272592544556,
  "agent_accepted": true,
  "agent_reason": "[accepted] The site was located on Harpenden Road, St Albans, near the Childwickbury Estate. The match at the proposed center yielded 114 inliers, which is a strong match.",
  "agent_stats": {
    "position_calls": 1,