{
  "sl_no": 44,
  "match_info": {
    "center": "live_locate:place:Ansdell Terrace",
    "zoom": 19,
    "rotation": 0,
    "n_inliers": 52,
    "score": 23.12,
    "scale_factor": 0.854,
    "avg_scale": 0.9912,
    "window": [
      1578,
      1315
    ],
    "center_latlon": [
      51.49979328478413,
      -0.18970571379003331
    ],
    "anchor_latlon": [
      51.5001,
      -0.1898
    ],
    "_inlier_pts_map": [
      [
        831.4821428571429,
        773.4499999999999
      ],
      [
        856.6785714285714,
        773.4499999999999
      ],
      [
        907.0714285714287,
        873.25
      ],
      [
        478.7321428571429,
        923.15
      ],
      [
        503.92857142857144,
        923.15
      ],
      [
        604.7142857142858,
        948.1
      ],
      [
        881.875,
        948.1
      ],
      [
        907.0714285714287,
        948.1
      ],
      [
        277.1607142857143,
        973.05
      ],
      [
        604.7142857142858,
        973.05
      ],
      [
        629.9107142857143,
        973.05
      ],
      [
        881.875,
        973.05
      ],
      [
        957.4642857142858,
        973.05
      ],
      [
        277.1607142857143,
        998.0
      ],
      [
        604.7142857142858,
        998.0
      ],
      [
        629.9107142857143,
        998.0
      ],
      [
        957.4642857142858,
        998.0
      ],
      [
        982.6607142857143,
        998.0
      ],
      [
        604.7142857142858,
        1022.9499999999999
      ],
      [
        629.9107142857143,
        1022.9499999999999
      ],
      [
        982.6607142857143,
        1022.9499999999999
      ],
      [
        1108.642857142857,
        1022.9499999999999
      ],
      [
        579.5178571428572,
        1047.8999999999999
      ],
      [
        604.7142857142858,
        1047.8999999999999
      ],
      [
        1108.642857142857,
        1047.8999999999999
      ],
      [
        554.3214285714286,
        1072.85
      ],
      [
        579.5178571428572,
        1072.85
      ],
      [
        604.7142857142858,
        1072.85
      ],
      [
        629.9107142857143,
        1072.85
      ],
      [
        554.3214285714286,
        1097.8
      ],
      [
        579.5178571428572,
        1097.8
      ],
      [
        604.7142857142858,
        1097.8
      ],
      [
        554.3214285714286,
        1122.75
      ],
      [
        579.5178571428572,
        1122.75
      ],
      [
        604.7142857142858,
        1122.75
      ],
      [
        579.5178571428572,
        1147.7
      ],
      [
        604.7142857142858,
        1147.7
      ],
      [
        629.9107142857143,
        1147.7
      ],
      [
        579.5178571428572,
        1172.6499999999999
      ],
      [
        604.7142857142858,
        1172.6499999999999
      ],
      [
        629.9107142857143,
        1172.6499999999999
      ],
      [
        655.1071428571429,
        1172.6499999999999
      ],
      [
        554.3214285714286,
        1197.6
      ],
      [
        579.5178571428572,
        1197.6
      ],
      [
        604.7142857142858,
        1197.6
      ],
      [
        629.9107142857143,
        1197.6
      ],
      [
        655.1071428571429,
        1197.6
      ],
      [
        554.3214285714286,
        1222.55
      ],
      [
        579.5178571428572,
        1222.55
      ],
      [
        604.7142857142858,
        1222.55
      ],
      [
        655.1071428571429,
        1222.55
      ],
      [
        655.1071428571429,
        1247.5
      ]
    ],
    "_rot_map_shape": [
      1996,
      1411
    ]
  },
  "processing_time": 215.64550113677979,
  "agent_accepted": true,
  "agent_reason": "[accepted] The document identifies the site as 17 Kensington Square, London W8 4HP. Page 5 contains a clear site plan with the boundary outlined in black. I performed two ",
  "agent_stats": {
    "position_calls": 1,
    "pdf_info": {
      "site_address": "17 Kensington Square, London W8",
      "postcodes": [
        "W8 4HP"
      ],
      "grid_refs": [],
      "scale": null,
      "map_pages": [
        5
      ],
      "map_page_details": [
        {
          "page": 1,
          "category": "discard",
          "area_group": -1,
          "boundary_clarity": "none",
          "detail_level": "wide",
          "caption": "Cover page for Article IV Direction Number 42"
        },
        {
          "page": 2,
          "category": "discard",
          "area_group": -1,
          "boundary_clarity": "none",
          "detail_level": "wide",
          "caption": "Letter from Borough Solicitor regarding Article 4(3)(a) Direction"
        },
        {
          "page": 3,
          "category": "discard",
          "area_group": -1,
          "boundary_clarity": "none",
          "detail_level": "wide",
          "caption": "Article 4 Direction text (page 1) mentioning 17 Kensington Square W8"
        },
        {
          "page": 4,
          "category": "discard",
          "area_group": -1,
          "boundary_clarity": "none",
          "detail_level": "wide",
          "caption": "Article 4 Direction text (page 2) describing development restrictions"
        },
        {
          "page": 5,
          "category": "match",
          "area_group": 0,
          "boundary_clarity": "clear",
          "detail_level": "close",
          "caption": "Site plan showing 17 Kensington Square outlined in black line"
        },
        {
          "page": 6,
          "category": "discard",
          "area_group": -1,
          "boundary_clarity": "none",
          "detail_level": "wide",
          "caption": "Signature page with Common Seal of the Royal Borough of Kensington and Chelsea"
        },
        {
          "page": 7,
          "category": "discard",
          "area_group": -1,
          "boundary_clarity": "none",
          "detail_level": "wide",
          "caption": "Back cover page relating to 17 Kensington Square W8"
        }
      ],
      "road_names": [
        "Kensington Square",
        "Ansdell Terrace",
        "South End",
        "St Albans Grove"
      ],
      "place_names": [
        "Kensington Square",
        "St James House",
        "Esmond Court",
        "Convent of the Assumption (Maria Assumpta College)",
        "Tennis Court",
        "Government Offices"
      ],
      "is_district_wide": false,
      "district_name": null,
      "house_number_road_pairs": [
        "17 Kensington Square"
      ],
      "parish_names": [],
      "admin_region": null,
      "likely_town_or_city": "London",
      "visible_map_labels": [
        "Kensington Square",
        "Ansdell Terrace",
        "South End",
        "St Albans Grove",
        "St James House",
        "Esmond Court",
        "Chapel",
        "Convent of the Assumption (Maria Assumpta College)",
        "Tennis Court",
        "Government Offices"
      ],
      "adjacency_hints": []
    },
    "outcome_status": "accepted",
    "outcome_reasoning": "The document identifies the site as 17 Kensington Square, London W8 4HP. Page 5 contains a clear site plan with the boundary outlined in black. I performed two match attempts. The first attempt at the Kensington Square centroid yielded 47 inliers. The second attempt, slightly adjusted south towards the specific building footprint (using Ansdell Terrace as a reference), yielded 52 inliers with excellent scale consistency (0.98) and strong road name agreement (0.75, matching Kensington Square, South End, and St Albans Grove). Given the high scale consistency and road agreement, I have committed the second candidate.",
    "rotation_checked": false,
    "tool_calls": {
      "submit_pdf_info": 1,
      "propose_centers": 2,
      "match_at": 2,
      "commit_match": 1,
      "final_result": 1
    },
    "total_tool_calls": 7,
    "n_turns": 15,
    "validator_retries": 0,
    "worker_request_tokens": 66189,