{
  "sl_no": 260,
  "match_info": {
    "center": "live_locate:place:Shareshill",
    "zoom": 19,
    "rotation": 0,
    "n_inliers": 25,
    "score": 9.52,
    "scale_factor": 0.877,
    "avg_scale": 1.002,
    "window": [
      182,
      2002
    ],
    "center_latlon": [
      52.661348388166225,
      -2.076431956547111
    ],
    "anchor_latlon": [
      52.663,
      -2.075
    ],
    "_inlier_pts_map": [
      [
        1521.975,
        292.85714285714283
      ],
      [
        1449.5,
        329.46428571428567
      ],
      [
        1485.7375,
        329.46428571428567
      ],
      [
        1521.975,
        329.46428571428567
      ],
      [
        1558.2124999999999,
        329.46428571428567
      ],
      [
        1413.2624999999998,
        366.07142857142856
      ],
      [
        1449.5,
        366.07142857142856
      ],
      [
        1485.7375,
        366.07142857142856
      ],
      [
        1521.975,
        366.07142857142856
      ],
      [
        1558.2124999999999,
        366.07142857142856
      ],
      [
        1594.4499999999998,
        366.07142857142856
      ],
      [
        1413.2624999999998,
        402.6785714285714
      ],
      [
        1449.5,
        402.6785714285714
      ],
      [
        1485.7375,
        402.6785714285714
      ],
      [
        1521.975,
        402.6785714285714
      ],
      [
        1558.2124999999999,
        402.6785714285714
      ],
      [
        1594.4499999999998,
        402.6785714285714
      ],
      [
        1630.6874999999998,
        402.6785714285714
      ],
      [
        1413.2624999999998,
        439.2857142857142
      ],
      [
        1449.5,
        439.2857142857142
      ],
      [
        1485.7375,
        439.2857142857142
      ],
      [
        1521.975,
        439.2857142857142
      ],
      [
        1558.2124999999999,
        439.2857142857142
      ],
      [
        1594.4499999999998,
        439.2857142857142
      ],
      [
        1449.5,
        475.8928571428571
      ]
    ],
    "_rot_map_shape": [
      2050,
      2899
    ]
  },
  "processing_time": 464.9871201515198,
  "agent_accepted": true,
  "agent_reason": "[accepted] The site was located near Saredon, South Staffordshire. Multiple attempts were made around Great Saredon and the A460 corridor. The best match was found at (52.",
  "agent_stats": {
    "position_calls": 1,
    "pdf_info": {
      "site_address": "Blacklees Farm, Saredon",
      "postcodes": [],
      "grid_refs": [],
      "scale": null,
      "map_pages": [
        2
      ],
      "map_page_details": [
        {
          "page": 1,
          "category": "discard",
          "area_group": -1,
          "boundary_clarity": "none",
          "detail_level": "wide",
          "caption": "Article 4 Direction text document for Blacklees Farm, Saredon."
        },
        {
          "page": 2,
          "category": "match",
          "area_group": 0,
          "boundary_clarity": "clear",
          "detail_level": "medium",
          "caption": "Site plan showing red boundary around Blacklees Farm and surrounding fields."
        }
      ],
      "road_names": [],
      "place_names": [
        "Blacklees Farm",
        "Saredon",
        "Holly Bush Farm",
        "Tile Works",
        "Cannock Wood"
      ],
      "is_district_wide": false,
      "district_name": "South Staffordshire District, UK",
      "house_number_road_pairs": [],
      "parish_names": [
        "Saredon"
      ],
      "admin_region": "South Staffordshire",
      "likely_town_or_city": "Saredon",
      "visible_map_labels": [
        "Blacklees Farm",
        "Holly Bush Farm",
        "Tile Works",
        "Cannock Wood",
        "ARTICLE 4 DIRECTION BLACKLEES FARM, SAREDON"
      ],
      "adjacency_hints": [
        "Holly Bush Farm",
        "Tile Works",
        "Cannock Wood"
      ]
    },
    "reader_request_tokens": 4480,
    "reader_response_tokens": 320,
    "outcome_status": "accepted",
    "outcome_reasoning": "The site was located near Saredon, South Staffordshire. Multiple attempts were made around Great Saredon and the A460 corridor. The best match was found at (52.663, -2.075) with 25 inliers and excellent scale consistency (0.996). While the inlier count is on the lower end of the 'WEAK' range, the scale consistency and the alignment with the place names (Blacklees Farm, Saredon) confirm the location. The boundary was extracted from page 2.",
    "rotation_checked": false,
    "tool_calls": {
      "propose_centers": 4,
      "match_at": 4,
      "commit_match": 1,
      "final_result": 1
    },
    "total_tool_calls": 10,
    "n_turns": 21,
    "validator_retries": 0,
    "worker_request_tokens": 54868,
    "worker_response_tokens": 669,
    "request_tokens": 59348,
    "response_tokens": 989,
    "total_tokens": 60337,
    "critic": {
      "n_rejections": 0,
      "iterations": [
        {
          "iter_idx": 0,
          "action": "approve",
          "chosen_candidate_id": 3,
          "reasoning": "Candidate 3 shows strong visual alignment with the physical features visible in the OS tile at zoom 19. The red polygon correctly encompasses the farm buildings seen at the bottom right and the small cluster of buildings on the left-hand boundary, matching the layout of Blacklees Farm as depicted on the planning map. despite the low inlier count of 25, the 1.0 scale consistency and precise building footprint matches confirm the location.",
          "wall_s": 2.8,
          "llm_error": null
        }
      ],
      "tokens": {
        "request": 5183,
        "response": 119
      }
    }
  },
  "valid_ground_truth": true,
  "valid_prediction": true,
  "validation_error": null,
  "iou": 0.0,
  "precision": 0.0,
  "recall": 0.0,
  "f1_score": 0.0,
  "positioning_error_m": 2108.1140017130565,
  "worker_first_iou": 0.0,
  "worker_first_metrics": {
    "valid_ground_truth": true,
    "valid_prediction": true,
    "validation_error": null,
    "iou": 0.0,
    "precision": 0.0,
    "recall": 0.0,
    "f1_score": 0.0,
    "positioning_error_m": 2108.1140017130565
  }
}