{
  "sl_no": 9001,
  "match_info": {
    "center": "live_locate:place:Stapledon Wood",
    "zoom": 16,
    "rotation": 0,
    "n_inliers": 145,
    "score": 74.62,
    "scale_factor": 0.891,
    "avg_scale": 1.0094,
    "window": [
      132,
      1188
    ],
    "center_latlon": [
      53.3549226695514,
      -3.1622244417021648
    ],
    "anchor_latlon": [
      53.3621309161256,
      -3.15727259306329
    ],
    "_inlier_pts_map": [
      [
        1915.55,
        74.39285714285714
      ],
      [
        773.5875,
        111.58928571428571
      ],
      [
        810.425,
        111.58928571428571
      ],
      [
        884.0999999999999,
        111.58928571428571
      ],
      [
        1805.0375,
        111.58928571428571
      ],
      [
        1841.875,
        111.58928571428571
      ],
      [
        810.425,
        148.78571428571428
      ],
      [
        847.2624999999999,
        148.78571428571428
      ],
      [
        884.0999999999999,
        148.78571428571428
      ],
      [
        1805.0375,
        148.78571428571428
      ],
      [
        1878.7124999999999,
        148.78571428571428
      ],
      [
        810.425,
        185.98214285714283
      ],
      [
        847.2624999999999,
        185.98214285714283
      ],
      [
        884.0999999999999,
        185.98214285714283
      ],
      [
        1768.1999999999998,
        185.98214285714283
      ],
      [
        1805.0375,
        185.98214285714283
      ],
      [
        1841.875,
        185.98214285714283
      ],
      [
        1878.7124999999999,
        185.98214285714283
      ],
      [
        626.2375,
        223.17857142857142
      ],
      [
        663.0749999999999,
        223.17857142857142
      ],
      [
        699.9125,
        223.17857142857142
      ],
      [
        773.5875,
        223.17857142857142
      ],
      [
        810.425,
        223.17857142857142
      ],
      [
        847.2624999999999,
        223.17857142857142
      ],
      [
        884.0999999999999,
        223.17857142857142
      ],
      [
        920.9375,
        223.17857142857142
      ],
      [
        1068.2875,
        223.17857142857142
      ],
      [
        1841.875,
        223.17857142857142
      ],
      [
        1878.7124999999999,
        223.17857142857142
      ],
      [
        1915.55,
        223.17857142857142
      ],
      [
        1952.3874999999998,
        223.17857142857142
      ],
      [
        2210.25,
        223.17857142857142
      ],
      [
        589.4,
        260.375
      ],
      [
        626.2375,
        260.375
      ],
      [
        663.0749999999999,
        260.375
      ],
      [
        699.9125,
        260.375
      ],
      [
        736.75,
        260.375
      ],
      [
        773.5875,
        260.375
      ],
      [
        810.425,
        260.375
      ],
      [
        847.2624999999999,
        260.375
      ],
      [
        884.0999999999999,
        260.375
      ],
      [
        920.9375,
        260.375
      ],
      [
        957.775,
        260.375
      ],
      [
        994.6125,
        260.375
      ],
      [
        1068.2875,
        260.375
      ],
      [
        1878.7124999999999,
        260.375
      ],
      [
        1915.55,
        260.375
      ],
      [
        1952.3874999999998,
        260.375
      ],
      [
        1989.225,
        260.375
      ],
      [
        2210.25,
        260.375
      ],
      [
        626.2375,
        297.57142857142856
      ],
      [
        663.0749999999999,
        297.57142857142856
      ],
      [
        699.9125,
        297.57142857142856
      ],
      [
        736.75,
        297.57142857142856
      ],
      [
        810.425,
        297.57142857142856
      ],
      [
        884.0999999999999,
        297.57142857142856
      ],
      [
        920.9375,
        297.57142857142856
      ],
      [
        957.775,
        297.57142857142856
      ],
      [
        994.6125,
        297.57142857142856
      ],
      [
        1031.45,
        297.57142857142856
      ],
      [
        1841.875,
        297.57142857142856
      ],
      [
        1878.7124999999999,
        297.57142857142856
      ],
      [
        1915.55,
        297.57142857142856
      ],
      [
        1952.3874999999998,
        297.57142857142856
      ],
      [
        1989.225,
        297.57142857142856
      ],
      [
        663.0749999999999,
        334.7678571428571
      ],
      [
        699.9125,
        334.7678571428571
      ],
      [
        736.75,
        334.7678571428571
      ],
      [
        773.5875,
        334.7678571428571
      ],
      [
        847.2624999999999,
        334.7678571428571
      ],
      [
        920.9375,
        334.7678571428571
      ],
      [
        957.775,
        334.7678571428571
      ],
      [
        1031.45,
        334.7678571428571
      ],
      [
        1768.1999999999998,
        334.7678571428571
      ],
      [
        1805.0375,
        334.7678571428571
      ],
      [
        1841.875,
        334.7678571428571
      ],
      [
        1878.7124999999999,
        334.7678571428571
      ],
      [
        1915.55,
        334.7678571428571
      ],
      [
        1952.3874999999998,
        334.7678571428571
      ],
      [
        1989.225,
        334.7678571428571
      ],
      [
        663.0749999999999,
        371.96428571428567
      ],
      [
        699.9125,
        371.96428571428567
      ],
      [
        773.5875,
        371.96428571428567
      ],
      [
        957.775,
        371.96428571428567
      ],
      [
        994.6125,
        371.96428571428567
      ],
      [
        1731.3625,
        371.96428571428567
      ],
      [
        1768.1999999999998,
        371.96428571428567
      ],
      [
        1805.0375,
        371.96428571428567
      ],
      [
        1841.875,
        371.96428571428567
      ],
      [
        1878.7124999999999,
        371.96428571428567
      ],
      [
        1915.55,
        371.96428571428567
      ],
      [
        1952.3874999999998,
        371.96428571428567
      ],
      [
        1989.225,
        371.96428571428567
      ],
      [
        1731.3625,
        409.1607142857143
      ],
      [
        1768.1999999999998,
        409.1607142857143
      ],
      [
        1805.0375,
        409.1607142857143
      ],
      [
        1841.875,
        409.1607142857143
      ],
      [
        1878.7124999999999,
        409.1607142857143
      ],
      [
        1915.55,
        409.1607142857143
      ],
      [
        1952.3874999999998,
        409.1607142857143
      ],
      [
        1989.225,
        409.1607142857143
      ],
      [
        2026.0625,
        409.1607142857143
      ],
      [
        2062.9,
        409.1607142857143
      ],
      [
        2099.7374999999997,
        409.1607142857143
      ],
      [
        589.4,
        446.35714285714283
      ],
      [
        1731.3625,
        446.35714285714283
      ],
      [
        1768.1999999999998,
        446.35714285714283
      ],
      [
        1878.7124999999999,
        446.35714285714283
      ],
      [
        1915.55,
        446.35714285714283
      ],
      [
        1952.3874999999998,
        446.35714285714283
      ],
      [
        1989.225,
        446.35714285714283
      ],
      [
        2026.0625,
        446.35714285714283
      ],
      [
        2062.9,
        446.35714285714283
      ],
      [
        2099.7374999999997,
        446.35714285714283
      ],
      [
        1731.3625,
        483.5535714285714
      ],
      [
        1768.1999999999998,
        483.5535714285714
      ],
      [
        1915.55,
        483.5535714285714
      ],
      [
        1952.3874999999998,
        483.5535714285714
      ],
      [
        1989.225,
        483.5535714285714
      ],
      [
        2026.0625,
