{
  "sl_no": 256,
  "match_info": {
    "center": "live_locate:intersect:Townsend Farm x The Droveway",
    "zoom": 15,
    "rotation": 0,
    "n_inliers": 79,
    "score": 30.94,
    "scale_factor": 0.448,
    "avg_scale": 1.284,
    "window": [
      342,
      228
    ],
    "center_latlon": [
      51.15985893898796,
      1.3778330258391804
    ],
    "anchor_latlon": [
      51.1545,
      1.377
    ],
    "_inlier_pts_map": [
      [
        265.0,
        287.925
      ],
      [
        291.5,
        287.925
      ],
      [
        304.75,
        287.925
      ],
      [
        318.0,
        287.925
      ],
      [
        265.0,
        301.0125
      ],
      [
        291.5,
        301.0125
      ],
      [
        278.25,
        327.1875
      ],
      [
        304.75,
        327.1875
      ],
      [
        318.0,
        327.1875
      ],
      [
        331.25,
        327.1875
      ],
      [
        278.25,
        340.27500000000003
      ],
      [
        291.5,
        340.27500000000003
      ],
      [
        304.75,
        340.27500000000003
      ],
      [
        331.25,
        340.27500000000003
      ],
      [
        278.25,
        353.3625
      ],
      [
        424.0,
        405.71250000000003
      ],
      [
        410.75,
        418.8
      ],
      [
        424.0,
        418.8
      ],
      [
        437.25,
        458.0625
      ],
      [
        225.25,
        471.15000000000003
      ],
      [
        424.0,
        471.15000000000003
      ],
      [
        437.25,
        471.15000000000003
      ],
      [
        450.5,
        471.15000000000003
      ],
      [
        145.75,
        484.2375
      ],
      [
        132.5,
        497.325
      ],
      [
        172.25,
        562.7625
      ],
      [
        185.5,
        562.7625
      ],
      [
        198.75,
        562.7625
      ],
      [
        185.5,
        575.85
      ],
      [
        198.75,
        575.85
      ],
      [
        212.0,
        575.85
      ],
      [
        318.0,
        575.85
      ],
      [
        185.5,
        588.9375
      ],
      [
        198.75,
        588.9375
      ],
      [
        212.0,
        588.9375
      ],
      [
        304.75,
        588.9375
      ],
      [
        318.0,
        588.9375
      ],
      [
        344.5,
        588.9375
      ],
      [
        357.75,
        588.9375
      ],
      [
        185.5,
        602.025
      ],
      [
        198.75,
        602.025
      ],
      [
        212.0,
        602.025
      ],
      [
        265.0,
        602.025
      ],
      [
        318.0,
        602.025
      ],
      [
        331.25,
        602.025
      ],
      [
        344.5,
        602.025
      ],
      [
        212.0,
        615.1125000000001
      ],
      [
        198.75,
        628.2
      ],
      [
        212.0,
        628.2
      ],
      [
        185.5,
        641.2875
      ],
      [
        198.75,
        641.2875
      ],
      [
        212.0,
        641.2875
      ],
      [
        185.5,
        654.375
      ],
      [
        198.75,
        654.375
      ],
      [
        251.75,
        654.375
      ],
      [
        278.25,
        654.375
      ],
      [
        291.5,
        654.375
      ],
      [
        304.75,
        654.375
      ],
      [
        318.0,
        654.375
      ],
      [
        331.25,
        654.375
      ],
      [
        238.5,
        667.4625
      ],
      [
        278.25,
        667.4625
      ],
      [
        291.5,
        667.4625
      ],
      [
        304.75,
        667.4625
      ],
      [
        318.0,
        667.4625
      ],
      [
        238.5,
        680.5500000000001
      ],
      [
        265.0,
        680.5500000000001
      ],
      [
        291.5,
        680.5500000000001
      ],
      [
        304.75,
        680.5500000000001
      ],
      [
        291.5,
        693.6375
      ],
      [
        304.75,
        693.6375
      ],
      [
        318.0,
        693.6375
      ],
      [
        437.25,
        693.6375
      ],
      [
        278.25,
        706.725
      ],
      [
        291.5,
        706.725
      ],
      [
        318.0,
        706.725
      ],
      [
        265.0,
        719.8125
      ],
      [
        278.25,
        719.8125
      ],
      [
        251.75,
        732.9
      ]
    ],
    "_rot_map_shape": [
      1047,
      742
    ]
  },
  "processing_time": 179.9616618156433,
  "agent_accepted": true,
  "agent_reason": "[accepted] The site was located at Townsend Farm in St Margaret's-at-Cliffe. Two match attempts were made, both yielding 79 inliers and a scale consistency of 0.6. While t",
  "agent_stats": {
    "position_calls": 1,
    "pdf_info": {
      "site_address": "Land formerly part of Townsend Farm in the Parish of St. Margaret's-at-Cliffe in the Rural District of Dover",
      "postcodes": [],
      "grid_refs": [
        "TR 34 SE",
        "TR 34 SW"
      ],
      "scale": "1:10560",
      "map_pages": [
        4
      ],
      "map_page_details": [
        {
          "page": 4,
          "category": "match",
          "area_group": 0,
          "boundary_clarity": "clear",
          "detail_level": "medium",
          "caption": "Site plan showing land at Townsend Farm coloured pink on OS background at 1:10560 scale."
        }
      ],
      "road_names": [
        "Dover Road",
        "Walmer Road"
      ],
      "place_names": [
        "Townsend Farm",
        "St Margaret's-at-Cliffe",
        "East Hill",
        "Barrow Mount",
        "Bockell Hill",
        "Old Bottom Free Down",
        "St Margarets Free Down",
        "Eau Valley Farm",
        "Chiffe Place",
        "Hog's Bush"
      ],
      "is_district_wide": false,
      "district_name": null,
      "house_number_road_pairs": [],
      "parish_names": [
        "St. Margaret's-at-Cliffe"
      ],
      "admin_region": "Dover",
      "likely_town_or_city": "St Margaret's-at-Cliffe",
      "visible_map_labels": [
        "ST MARGARET'S AT CLIFFE",
        "Townsend Farm",
        "Dover Road",
        "Walmer Road",
        "East Hill",
        "Barrow Mount",
        "Bockell Hill",
        "Old Bottom Free Down",
        "St Margarets Free Down",
        "Eau Valley Farm",
        "Chiffe Place",
        "Hog's Bush",
        "Signal Station"
      ],
      "adjacency_hints": [
        "Old Bottom Free Down",
        "St Margarets Free Down",
        "Bockell Hill",
        "East Hill"
      ]
    },
    "reader_request_tokens": 6076,
    "reader_response_tokens": 442,
    "outcome_status": "accepted",
    "outcome_reasoning": "The site was located at Townsend Farm in St Margaret's-at-Cliffe. Two match attempts were made, both yielding 79 inliers and a scale consistency of 0.6. While the scale consistency is marginal, the n_inliers (79) is in the 'OK' tier and the match is visually consistent with the provided site plan showing land formerly part of Townsend Farm. The road name agreement (0.5) is neutral/partial, which is expected for a rural/farm location. The second candidate was committed as it was more precisely centered on the site boundary.",
    "rotation_checked": false,
    "tool_calls": {
      "propose_centers": 2,
      "match_at": 2,
      "commit_match": 1,
      "final_result": 1
    },
    "total_tool_calls": 6,
    "n_turns": 13,
    "validator_retries": 0,
    "worker_request_tokens": 31819,
    "worker_response_tokens": 406,
    "request_tokens": 37895,
    "response_tokens": 848,
    "total_tokens": 38743,
    "critic": {
      "n_rejections": 0,
      "iterations": [
        {
          "iter_idx": 0,
          "action": "approve",
          "chosen_candidate_id": 1,