{
  "sl_no": 88,
  "match_info": {
    "center": "live_locate:place:Stamford Road",
    "zoom": 19,
    "rotation": 0,
    "n_inliers": 69,
    "score": 30.33,
    "scale_factor": 0.876,
    "avg_scale": 0.653,
    "window": [
      1806,
      1290
    ],
    "center_latlon": [
      52.632455641122526,
      -0.41268797449154704
    ],
    "anchor_latlon": [
      52.6322563583452,
      -0.412741746951465
    ],
    "_inlier_pts_map": [
      [
        440.17857142857144,
        204.9
      ],
      [
        466.07142857142856,
        204.9
      ],
      [
        517.8571428571429,
        204.9
      ],
      [
        543.75,
        204.9
      ],
      [
        414.2857142857143,
        230.51250000000002
      ],
      [
        440.17857142857144,
        230.51250000000002
      ],
      [
        466.07142857142856,
        230.51250000000002
      ],
      [
        517.8571428571429,
        230.51250000000002
      ],
      [
        543.75,
        230.51250000000002
      ],
      [
        569.6428571428571,
        230.51250000000002
      ],
      [
        440.17857142857144,
        256.125
      ],
      [
        466.07142857142856,
        281.7375
      ],
      [
        517.8571428571429,
        281.7375
      ],
      [
        543.75,
        281.7375
      ],
      [
        595.5357142857142,
        281.7375
      ],
      [
        517.8571428571429,
        307.35
      ],
      [
        543.75,
        307.35
      ],
      [
        595.5357142857142,
        307.35
      ],
      [
        828.5714285714286,
        358.575
      ],
      [
        491.9642857142857,
        845.2125
      ],
      [
        517.8571428571429,
        845.2125
      ],
      [
        621.4285714285714,
        845.2125
      ],
      [
        491.9642857142857,
        870.825
      ],
      [
        517.8571428571429,
        870.825
      ],
      [
        595.5357142857142,
        870.825
      ],
      [
        673.2142857142857,
        870.825
      ],
      [
        491.9642857142857,
        896.4375
      ],
      [
        517.8571428571429,
        896.4375
      ],
      [
        595.5357142857142,
        896.4375
      ],
      [
        647.3214285714286,
        896.4375
      ],
      [
        673.2142857142857,
        896.4375
      ],
      [
        647.3214285714286,
        922.0500000000001
      ],
      [
        569.6428571428571,
        947.6625
      ],
      [
        595.5357142857142,
        947.6625
      ],
      [
        776.7857142857142,
        947.6625
      ],
      [
        802.6785714285714,
        947.6625
      ],
      [
        569.6428571428571,
        973.275
      ],
      [
        595.5357142857142,
        973.275
      ],
      [
        647.3214285714286,
        973.275
      ],
      [
        776.7857142857142,
        973.275
      ],
      [
        802.6785714285714,
        973.275
      ],
      [
        699.1071428571429,
        1024.5
      ],
      [
        725.0,
        1024.5
      ],
      [
        802.6785714285714,
        1024.5
      ],
      [
        802.6785714285714,
        1050.1125
      ],
      [
        828.5714285714286,
        1050.1125
      ],
      [
        725.0,
        1075.7250000000001
      ],
      [
        699.1071428571429,
        1101.3375
      ],
      [
        725.0,
        1101.3375
      ],
      [
        776.7857142857142,
        1101.3375
      ],
      [
        802.6785714285714,
        1101.3375
      ],
      [
        828.5714285714286,
        1101.3375
      ],
      [
        725.0,
        1126.95
      ],
      [
        802.6785714285714,
        1126.95
      ],
      [
        362.5,
        1152.5625
      ],
      [
        336.60714285714283,
        1178.175
      ],
      [
        362.5,
        1178.175
      ],
      [
        336.60714285714283,
        1229.4
      ],
      [
        362.5,
        1229.4
      ],
      [
        1009.8214285714286,
        1229.4
      ],
      [
        388.3928571428571,
        1255.0125
      ],
      [
        414.2857142857143,
        1255.0125
      ],
      [
        958.0357142857142,
        1255.0125
      ],
      [
        1009.8214285714286,
        1255.0125
      ],
      [
        1035.7142857142858,
        1255.0125
      ],
      [
        932.1428571428571,
        1280.625
      ],
      [
        983.9285714285714,
        1280.625
      ],
      [
        1009.8214285714286,
        1280.625
      ],
      [
        569.6428571428571,
        1536.75
      ]
    ],
    "_rot_map_shape": [
      2049,
      1450
    ]
  },
  "processing_time": 222.90535378456116,
  "agent_accepted": true,
  "agent_reason": "[accepted] The site was located at Bay Tree Cottage on Stamford Road, Barnack. Two attempts were made using the postcode (PE9 3EZ) and the road name. Both yielded 69 inlie",
  "agent_stats": {
    "position_calls": 1,
    "pdf_info": {
      "site_address": "Bay Tree Cottage, Stamford Road, Barnack, PE9 3EZ",
      "postcodes": [
        "PE9 3EZ"
      ],
      "grid_refs": [],
      "scale": "NTS",
      "map_pages": [
        2
      ],
      "map_page_details": [
        {
          "page": 1,
          "category": "discard",
          "area_group": -1,
          "boundary_clarity": "none",
          "detail_level": "wide",
          "caption": "Article 4 Direction text for Bay Tree Cottage, Stamford Road, Barnack."
        },
        {
          "page": 2,
          "category": "match",
          "area_group": 0,
          "boundary_clarity": "clear",
          "detail_level": "close",
          "caption": "Site plan showing red boundary around Bay Tree Cottage on Stamford Road."
        }
      ],
      "road_names": [
        "Stamford Road",
        "Ridgeway",
        "Quarryside",
        "Pasque Lo"
      ],
      "place_names": [
        "Bay Tree Cottage",
        "Barnack Conservation Area",
        "Sandall House",
        "Rock Cottage",
        "Rose Cottage",
        "Hollytree House",
        "Nethercott",
        "Cherry Tree Cottage",
        "Glebe House",
        "Crossways Cott",
        "The Wheelhouse",
        "The Bungalow"
      ],
      "is_district_wide": false,
      "district_name": null,
      "house_number_road_pairs": [],
      "parish_names": [
        "Barnack"
      ],
      "admin_region": "Peterborough",
      "likely_town_or_city": "Barnack",
      "visible_map_labels": [
        "Ridgeway",
        "Sandall House",
        "Rock Cottage",
        "Rose Cottage",
        "Hollytree House",
        "Nethercott",
        "Cherry Tree Cottage",
        "Glebe House",
        "Crossways Cott",
        "Pasque Lo",
        "The Wheelhouse",
        "Quarryside",
        "The Bungalow",
        "THE SITE"
      ],
      "adjacency_hints": [
        "Rock Cottage",
        "Rose Cottage"
      ]
    },
    "reader_request_tokens": 4480,
    "reader_response_tokens": 435,
    "outcome_status": "accepted",
    "outcome_reasoning": "The site was located at Bay Tree Cottage on Stamford Road, Barnack. Two attempts were made using the postcode (PE9 3EZ) and the road name. Both yielded 69 inliers with a scale consistency of 0.42. While the scale consistency is marginal, the inlier count is solid (OK tier) and the location matches the address and map labels (Stamford Road). The second candidate was committed as the best available match.",
    "rotation_checked": false,
    "tool_calls": {
      "propose_centers": 2,
      "match_at": 2,
      "commit_match": 1,
      "final_result": 1
    },
    "total_tool_calls": 6,
    "n_turns": 13,
    "validator_retries": 0,
    "worker_request_tokens": 32091,
    "worker_response_tokens": 395,
    "request_tokens": 36571,
    "response_tokens": 830,
    "total_tokens": 37401,
    "critic": {
      "n_rejections": 0,
      "iterations": [
        {
          "iter_idx": 0,
          "action": "approve",
          "chosen_candidate_id": 1,