{
  "sl_no": 123,
  "match_info": {
    "center": "live_locate:place:Weybourne",
    "zoom": 17,
    "rotation": 0,
    "n_inliers": 137,
    "score": 52.1,
    "scale_factor": 0.425,
    "avg_scale": 0.9807,
    "window": [
      1638,
      1911
    ],
    "center_latlon": [
      51.22966908771785,
      -0.7732056326653378
    ],
    "anchor_latlon": [
      51.2332790793999,
      -0.776971380607426
    ],
    "_inlier_pts_map": [
      [
        375.5357142857143,
        24.8
      ],
      [
        375.5357142857143,
        37.2
      ],
      [
        388.0535714285714,
        37.2
      ],
      [
        588.3392857142857,
        37.2
      ],
      [
        363.0178571428571,
        49.6
      ],
      [
        375.5357142857143,
        49.6
      ],
      [
        575.8214285714286,
        49.6
      ],
      [
        563.3035714285714,
        62.0
      ],
      [
        463.1607142857143,
        74.4
      ],
      [
        475.6785714285714,
        74.4
      ],
      [
        488.19642857142856,
        74.4
      ],
      [
        563.3035714285714,
        74.4
      ],
      [
        575.8214285714286,
        74.4
      ],
      [
        563.3035714285714,
        86.8
      ],
      [
        575.8214285714286,
        99.2
      ],
      [
        588.3392857142857,
        99.2
      ],
      [
        87.625,
        458.8
      ],
      [
        87.625,
        471.2
      ],
      [
        112.66071428571428,
        471.2
      ],
      [
        87.625,
        483.6
      ],
      [
        100.14285714285714,
        483.6
      ],
      [
        112.66071428571428,
        483.6
      ],
      [
        125.17857142857142,
        483.6
      ],
      [
        150.21428571428572,
        483.6
      ],
      [
        87.625,
        496.0
      ],
      [
        100.14285714285714,
        496.0
      ],
      [
        112.66071428571428,
        496.0
      ],
      [
        125.17857142857142,
        496.0
      ],
      [
        150.21428571428572,
        496.0
      ],
      [
        175.25,
        496.0
      ],
      [
        112.66071428571428,
        508.40000000000003
      ],
      [
        125.17857142857142,
        508.40000000000003
      ],
      [
        137.69642857142856,
        508.40000000000003
      ],
      [
        150.21428571428572,
        508.40000000000003
      ],
      [
        162.73214285714286,
        508.40000000000003
      ],
      [
        175.25,
        508.40000000000003
      ],
      [
        100.14285714285714,
        520.8000000000001
      ],
      [
        112.66071428571428,
        520.8000000000001
      ],
      [
        125.17857142857142,
        520.8000000000001
      ],
      [
        150.21428571428572,
        520.8000000000001
      ],
      [
        162.73214285714286,
        520.8000000000001
      ],
      [
        175.25,
        520.8000000000001
      ],
      [
        112.66071428571428,
        533.2
      ],
      [
        137.69642857142856,
        533.2
      ],
      [
        150.21428571428572,
        533.2
      ],
      [
        162.73214285714286,
        533.2
      ],
      [
        175.25,
        533.2
      ],
      [
        150.21428571428572,
        545.6
      ],
      [
        162.73214285714286,
        545.6
      ],
      [
        175.25,
        545.6
      ],
      [
        187.76785714285714,
        545.6
      ],
      [
        100.14285714285714,
        558.0
      ],
      [
        112.66071428571428,
        558.0
      ],
      [
        137.69642857142856,
        558.0
      ],
      [
        150.21428571428572,
        558.0
      ],
      [
        162.73214285714286,
        558.0
      ],
      [
        413.0892857142857,
        558.0
      ],
      [
        100.14285714285714,
        570.4
      ],
      [
        112.66071428571428,
        570.4
      ],
      [
        125.17857142857142,
        570.4
      ],
      [
        137.69642857142856,
        570.4
      ],
      [
        150.21428571428572,
        570.4
      ],
      [
        162.73214285714286,
        570.4
      ],
      [
        175.25,
        570.4
      ],
      [
        400.57142857142856,
        570.4
      ],
      [
        413.0892857142857,
        570.4
      ],
      [
        425.60714285714283,
        570.4
      ],
      [
        100.14285714285714,
        582.8000000000001
      ],
      [
        112.66071428571428,
        582.8000000000001
      ],
      [
        125.17857142857142,
        582.8000000000001
      ],
      [
        137.69642857142856,
        582.8000000000001
      ],
      [
        150.21428571428572,
        582.8000000000001
      ],
      [
        162.73214285714286,
        582.8000000000001
      ],
      [
        175.25,
        582.8000000000001
      ],
      [
        187.76785714285714,
        582.8000000000001
      ],
      [
        400.57142857142856,
        582.8000000000001
      ],
      [
        413.0892857142857,
        582.8000000000001
      ],
      [
        425.60714285714283,
        582.8000000000001
      ],
      [
        100.14285714285714,
        595.2
      ],
      [
        137.69642857142856,
        595.2
      ],
      [
        413.0892857142857,
        595.2
      ],
      [
        137.69642857142856,
        607.6
      ],
      [
        150.21428571428572,
        607.6
      ],
      [
        413.0892857142857,
        607.6
      ],
      [
        137.69642857142856,
        620.0
      ],
      [
        400.57142857142856,
        620.0
      ],
      [
        413.0892857142857,
        620.0
      ],
      [
        425.60714285714283,
        620.0
      ],
      [
        413.0892857142857,
        632.4
      ],
      [
        425.60714285714283,
        632.4
      ],
      [
        137.69642857142856,
        657.2
      ],
      [
        137.69642857142856,
        669.6
      ],
      [
        187.76785714285714,
        719.2
      ],
      [
        200.28571428571428,
        719.2
      ],
      [
        413.0892857142857,
        731.6
      ],
      [
        488.19642857142856,
        731.6
      ],
      [
        500.71428571428567,
        731.6
      ],
      [
        413.0892857142857,
        744.0
      ],
      [
        425.60714285714283,
        744.0
      ],
      [
        438.125,
        744.0
      ],
      [
        488.19642857142856,
        744.0
      ],
      [
        500.71428571428567,
        744.0
      ],
      [
        513.2321428571429,
        744.0
      ],
      [
        425.60714285714283,
        756.4
      ],
      [
        438.125,
        756.4
      ],
      [
        450.6428571428571,
        756.4
      ],
      [
        475.6785714285714,
        756.4
      ],
      [
        488.19642857142856,
        756.4
      ],
      [
        500.71428571428567,
        756.4
      ],
      [
        513.2321428571429,
        756.4
      ],
      [
        525.75,
        756.4
      ],
      [
        413.0892857142857,
        768.8000000000001
      ],
      [
        425.60714285714283,
        768.8000000000001
      ],
      [
        438.125,
        768.8000000000001
      ],
      [
        450.6428571428571,
        768.8000000000001
      ],
      [
        475.6785714285714,
        768.8000000000001
      ],
      [
        500.71428571428567,
        768.8000000000001
      ],
      [
        525.75,
        768.8000000000001
      ],
      [
        425.60714285714283,
        781.2
      ],
      [
        438.125,
        781.2
      ],
      [
        450.6428571428571,
        781.2
      ],
      [
        488.19642857142856,
        781.2
      ],
      [
        513.2321428571429,
        781.2
      ],
      [
        525.75,
        781.2
      ],
      [
        538.2678571428571,
        781.2
      ],
      [
        425.60714285714283,
        793.6
      ],
      [
