{
  "sl_no": 172,
  "match_info": {
    "center": "live_locate:place:Waterfoot Primary School",
    "zoom": 19,
    "rotation": 0,
    "n_inliers": 29,
    "score": 11.55,
    "scale_factor": 0.898,
    "avg_scale": 1.0919,
    "window": [
      0,
      500
    ],
    "center_latlon": [
      53.693550837548614,
      -2.2489002979532415
    ],
    "anchor_latlon": [
      53.6926378563269,
      -2.244808404345
    ],
    "_inlier_pts_map": [
      [
        1387.578947368421,
        983.7375
      ],
      [
        1360.8947368421054,
        1010.3249999999999
      ],
      [
        1387.578947368421,
        1010.3249999999999
      ],
      [
        1334.2105263157896,
        1036.9125
      ],
      [
        1360.8947368421054,
        1036.9125
      ],
      [
        1387.578947368421,
        1036.9125
      ],
      [
        1414.2631578947369,
        1036.9125
      ],
      [
        1334.2105263157896,
        1063.5
      ],
      [
        1360.8947368421054,
        1063.5
      ],
      [
        1387.578947368421,
        1063.5
      ],
      [
        1414.2631578947369,
        1063.5
      ],
      [
        1334.2105263157896,
        1090.0874999999999
      ],
      [
        1360.8947368421054,
        1090.0874999999999
      ],
      [
        1387.578947368421,
        1090.0874999999999
      ],
      [
        1440.9473684210527,
        1090.0874999999999
      ],
      [
        1334.2105263157896,
        1116.675
      ],
      [
        1360.8947368421054,
        1116.675
      ],
      [
        1387.578947368421,
        1116.675
      ],
      [
        1440.9473684210527,
        1116.675
      ],
      [
        1414.2631578947369,
        1143.2625
      ],
      [
        1440.9473684210527,
        1143.2625
      ],
      [
        1307.5263157894738,
        1169.85
      ],
      [
        1334.2105263157896,
        1169.85
      ],
      [
        1307.5263157894738,
        1196.4375
      ],
      [
        1334.2105263157896,
        1196.4375
      ],
      [
        426.94736842105266,
        1967.475
      ],
      [
        453.63157894736844,
        1967.475
      ],
      [
        426.94736842105266,
        1994.0625
      ],
      [
        533.6842105263158,
        1994.0625
      ]
    ],
    "_rot_map_shape": [
      2127,
      1521
    ]
  },
  "processing_time": 398.0646047592163,
  "agent_accepted": true,
  "agent_reason": "[accepted] a",
  "agent_stats": {
    "position_calls": 1,
    "pdf_info": {
      "site_address": "Fox Hill Farm, Shawclough, Waterfoot, Rossendale, Lancashire",
      "postcodes": [],
      "grid_refs": [],
      "scale": null,
      "map_pages": [
        2
      ],
      "map_page_details": [
        {
          "page": 1,
          "category": "discard",
          "area_group": -1,
          "boundary_clarity": "none",
          "detail_level": "wide",
          "caption": "Article 4 Direction text document with First and Second Schedules."
        },
        {
          "page": 2,
          "category": "match",
          "area_group": 0,
          "boundary_clarity": "clear",
          "detail_level": "medium",
          "caption": "Site plan showing Fox Hill Farm with red boundary and blue hatched exclusion area."
        }
      ],
      "road_names": [],
      "place_names": [
        "Fox Hill Farm",
        "Shawclough",
        "Waterfoot",
        "Higher Slack",
        "Far Slack",
        "Hewin Hill"
      ],
      "is_district_wide": false,
      "district_name": null,
      "house_number_road_pairs": [],
      "parish_names": [],
      "admin_region": "Rossendale",
      "likely_town_or_city": "Waterfoot",
      "visible_map_labels": [
        "Higher Slack",
        "Fox Hill",
        "Far Slack",
        "Hewin Hill",
        "Spring",
        "Issues",
        "Tank",
        "Track",
        "Drain"
      ],
      "adjacency_hints": [
        "Higher Slack",
        "Far Slack",
        "Hewin Hill"
      ]
    },
    "reader_request_tokens": 4480,
    "reader_response_tokens": 321,
    "outcome_status": "accepted",
    "outcome_reasoning": "a",
    "rotation_checked": false,
    "tool_calls": {
      "propose_centers": 4,
      "match_at": 3,
      "commit_match": 1,
      "final_result": 2
    },
    "total_tool_calls": 10,
    "n_turns": 22,
    "validator_retries": 0,
    "worker_request_tokens": 47947,
    "worker_response_tokens": 590,
    "request_tokens": 52427,
    "response_tokens": 911,
    "total_tokens": 53338,
    "critic": {
      "n_rejections": 1,
      "iterations": [
        {
          "iter_idx": 0,
          "action": "retry_locate",
          "chosen_candidate_id": 2,
          "reasoning": "None of the candidates show any correspondence between the planning map and the OS tiles. The planning map depicts large rural fields with sparse structures, while all matches (cand 0, 1, and 2) place the polygon over dense modern residential housing developments. The RANSAC inlier counts are very low (<30), supporting the visual mismatch.",
          "wall_s": 2.5,
          "llm_error": null,
          "geojson_changed": false
        }
      ],
      "tokens": {
        "request": 5228,
        "response": 103
      }
    }
  },
  "valid_ground_truth": true,
  "valid_prediction": true,
  "validation_error": null,
  "iou": 0.0,
  "precision": 0.0,
  "recall": 0.0,
  "f1_score": 0.0,
  "positioning_error_m": 2322.3051204508906,
  "worker_first_iou": 0.0,
  "worker_first_metrics": {
    "valid_ground_truth": true,
    "valid_prediction": true,
    "validation_error": null,
    "iou": 0.0,
    "precision": 0.0,
    "recall": 0.0,
    "f1_score": 0.0,
    "positioning_error_m": 2322.3051204508906
  }
}