{
  "sl_no": 227,
  "match_info": {
    "center": "live_locate:place:Wareham",
    "zoom": 17,
    "rotation": 0,
    "n_inliers": 155,
    "score": 68.52,
    "scale_factor": 0.839,
    "avg_scale": 0.7084,
    "window": [
      860,
      1032
    ],
    "center_latlon": [
      50.68708088865125,
      -2.113623675090736
    ],
    "anchor_latlon": [
      50.6860035191737,
      -2.10989295829466
    ],
    "_inlier_pts_map": [
      [
        1803.75,
        245.25
      ],
      [
        971.25,
        280.2857142857143
      ],
      [
        1769.0625,
        280.2857142857143
      ],
      [
        1803.75,
        280.2857142857143
      ],
      [
        971.25,
        315.32142857142856
      ],
      [
        1526.25,
        315.32142857142856
      ],
      [
        1630.3125,
        315.32142857142856
      ],
      [
        1665.0,
        315.32142857142856
      ],
      [
        1769.0625,
        315.32142857142856
      ],
      [
        1803.75,
        315.32142857142856
      ],
      [
        1526.25,
        385.3928571428571
      ],
      [
        1873.125,
        385.3928571428571
      ],
      [
        1907.8125,
        385.3928571428571
      ],
      [
        2393.4375,
        385.3928571428571
      ],
      [
        1526.25,
        420.42857142857144
      ],
      [
        1769.0625,
        420.42857142857144
      ],
      [
        1838.4375,
        420.42857142857144
      ],
      [
        1873.125,
        420.42857142857144
      ],
      [
        2358.75,
        420.42857142857144
      ],
      [
        2393.4375,
        420.42857142857144
      ],
      [
        1665.0,
        455.4642857142857
      ],
      [
        1734.375,
        455.4642857142857
      ],
      [
        1769.0625,
        490.5
      ],
      [
        1630.3125,
        525.5357142857142
      ],
      [
        1665.0,
        525.5357142857142
      ],
      [
        1734.375,
        525.5357142857142
      ],
      [
        1769.0625,
        525.5357142857142
      ],
      [
        1803.75,
        525.5357142857142
      ],
      [
        1665.0,
        560.5714285714286
      ],
      [
        1699.6875,
        560.5714285714286
      ],
      [
        1769.0625,
        560.5714285714286
      ],
      [
        1422.1875,
        595.6071428571429
      ],
      [
        1387.5,
        630.6428571428571
      ],
      [
        1422.1875,
        630.6428571428571
      ],
      [
        1491.5625,
        630.6428571428571
      ],
      [
        1526.25,
        630.6428571428571
      ],
      [
        1560.9375,
        630.6428571428571
      ],
      [
        1769.0625,
        630.6428571428571
      ],
      [
        1387.5,
        665.6785714285714
      ],
      [
        1422.1875,
        665.6785714285714
      ],
      [
        1456.875,
        665.6785714285714
      ],
      [
        1526.25,
        665.6785714285714
      ],
      [
        1665.0,
        665.6785714285714
      ],
      [
        1769.0625,
        665.6785714285714
      ],
      [
        1387.5,
        700.7142857142857
      ],
      [
        1040.625,
        735.75
      ],
      [
        1144.6875,
        735.75
      ],
      [
        1422.1875,
        735.75
      ],
      [
        1456.875,
        735.75
      ],
      [
        1526.25,
        735.75
      ],
      [
        2462.8125,
        735.75
      ],
      [
        971.25,
        770.7857142857142
      ],
      [
        1040.625,
        770.7857142857142
      ],
      [
        1075.3125,
        770.7857142857142
      ],
      [
        1144.6875,
        770.7857142857142
      ],
      [
        1283.4375,
        770.7857142857142
      ],
      [
        1318.125,
        770.7857142857142
      ],
      [
        1387.5,
        770.7857142857142
      ],
      [
        1422.1875,
        770.7857142857142
      ],
      [
        1456.875,
        770.7857142857142
      ],
      [
        1526.25,
        770.7857142857142
      ],
      [
        1769.0625,
        770.7857142857142
      ],
      [
        2462.8125,
        770.7857142857142
      ],
      [
        1075.3125,
        805.8214285714286
      ],
      [
        1110.0,
        805.8214285714286
      ],
      [
        1283.4375,
        805.8214285714286
      ],
      [
        1318.125,
        805.8214285714286
      ],
      [
        1734.375,
        805.8214285714286
      ],
      [
        1769.0625,
        805.8214285714286
      ],
      [
        1422.1875,
        840.8571428571429
      ],
      [
        1110.0,
        875.8928571428571
      ],
      [
        1179.375,
        875.8928571428571
      ],
      [
        1387.5,
        875.8928571428571
      ],
      [
        1422.1875,
        875.8928571428571
      ],
      [
        1630.3125,
        910.9285714285714
      ],
      [
        2220.0,
        910.9285714285714
      ],
      [
        1283.4375,
        981.0
      ],
      [
        1630.3125,
        981.0
      ],
      [
        1040.625,
        1016.0357142857142
      ],
      [
        2497.5,
        1016.0357142857142
      ],
      [
        2497.5,
        1051.0714285714284
      ],
      [
        1040.625,
        1086.107142857143
      ],
      [
        1075.3125,
        1121.142857142857
      ],
      [
        1144.6875,
        1121.142857142857
      ],
      [
        1179.375,
        1121.142857142857
      ],
      [
        1248.75,
        1121.142857142857
      ],
      [
        1630.3125,
        1121.142857142857
      ],
      [
        1283.4375,
        1156.1785714285713
      ],
      [
        1352.8125,
        1156.1785714285713
      ],
      [
        1075.3125,
        1226.25
      ],
      [
        1179.375,
        1226.25
      ],
      [
        1283.4375,
        1226.25
      ],
      [
        1318.125,
        1226.25
      ],
      [
        1630.3125,
        1226.25
      ],
      [
        1665.0,
        1226.25
      ],
      [
        1144.6875,
        1261.2857142857142
      ],
      [
        1179.375,
        1261.2857142857142
      ],
      [
        1283.4375,
        1261.2857142857142
      ],
      [
        1318.125,
        1261.2857142857142
      ],
      [
        1144.6875,
        1296.3214285714284
      ],
      [
        1179.375,
        1331.357142857143
      ],
      [
        1283.4375,
        1331.357142857143
      ],
      [
        2220.0,
        1331.357142857143
      ],
      [
        1144.6875,
        1366.392857142857
      ],
      [
        1179.375,
        1366.392857142857
      ],
      [
        1214.0625,
        1366.392857142857
      ],
      [
        1283.4375,
        1366.392857142857
      ],
      [
        1803.75,
        1366.392857142857
      ],
      [
        2220.0,
        1366.392857142857
      ],
      [
        2254.6875,
        1366.392857142857
      ],
      [
        1179.375,
        1401.4285714285713
      ],
      [
        1283.4375,
        1401.4285714285713
      ],
      [
        1491.5625,
        1401.4285714285713
      ],
      [
        1769.0625,
        1401.4285714285713
      ],
      [
        1144.6875,
        1471.5
      ],
      [
        1179.375,
        1471.5
      ],
      [
        1214.0625,
        1471.5
      ],
      [
        1283.4375,
        1471.5
      ],
      [
        1595.625,
        1471.5
      ],
      [
        1630.3125,
        1471.5
      ],
      [
        1769.0625,
        1471.5
      ],
      [
        2185.3125,
        1471.5
      ],
      [
        1179.375,
        1506.5357142857142
      ],
      [
        1283.4375,
        1506.5357142857142
      ],
      [
        1318.125,
        1506.5357142857142
      ],
      [
        1630.3125,
        1506.5357142857142
      ],
      [
        1734.375,
        1506.5357142857142
      ],
      [
        1769.0625,
