{
  "sl_no": 220,
  "match_info": {
    "center": "live_locate:place:Herons Way context map",
    "zoom": 18,
    "rotation": 0,
    "n_inliers": 162,
    "score": 76.9,
    "scale_factor": 0.429,
    "avg_scale": 0.9951,
    "window": [
      1672,
      1045
    ],
    "center_latlon": [
      51.73548962617856,
      -0.31109911769172527
    ],
    "anchor_latlon": [
      51.7347926217329,
      -0.315170102379833
    ],
    "_inlier_pts_map": [
      [
        941.6,
        386.9272727272727
      ],
      [
        971.025,
        386.9272727272727
      ],
      [
        971.025,
        416.6909090909091
      ],
      [
        971.025,
        446.45454545454544
      ],
      [
        1000.45,
        446.45454545454544
      ],
      [
        1059.3,
        446.45454545454544
      ],
      [
        1088.7250000000001,
        446.45454545454544
      ],
      [
        971.025,
        476.2181818181818
      ],
      [
        1000.45,
        476.2181818181818
      ],
      [
        1059.3,
        476.2181818181818
      ],
      [
        1088.7250000000001,
        476.2181818181818
      ],
      [
        1118.15,
        476.2181818181818
      ],
      [
        1059.3,
        505.98181818181814
      ],
      [
        1088.7250000000001,
        505.98181818181814
      ],
      [
        1118.15,
        505.98181818181814
      ],
      [
        1118.15,
        535.7454545454545
      ],
      [
        1147.575,
        565.5090909090909
      ],
      [
        1177.0,
        565.5090909090909
      ],
      [
        1029.875,
        595.2727272727273
      ],
      [
        1059.3,
        595.2727272727273
      ],
      [
        1088.7250000000001,
        595.2727272727273
      ],
      [
        1147.575,
        595.2727272727273
      ],
      [
        529.65,
        625.0363636363636
      ],
      [
        765.0500000000001,
        625.0363636363636
      ],
      [
        1029.875,
        625.0363636363636
      ],
      [
        1059.3,
        625.0363636363636
      ],
      [
        1118.15,
        625.0363636363636
      ],
      [
        529.65,
        654.8
      ],
      [
        765.0500000000001,
        654.8
      ],
      [
        882.75,
        654.8
      ],
      [
        1000.45,
        654.8
      ],
      [
        1029.875,
        654.8
      ],
      [
        1059.3,
        654.8
      ],
      [
        529.65,
        684.5636363636363
      ],
      [
        882.75,
        684.5636363636363
      ],
      [
        1000.45,
        684.5636363636363
      ],
      [
        1029.875,
        684.5636363636363
      ],
      [
        1059.3,
        684.5636363636363
      ],
      [
        1118.15,
        684.5636363636363
      ],
      [
        1147.575,
        684.5636363636363
      ],
      [
        1177.0,
        684.5636363636363
      ],
      [
        1206.425,
        684.5636363636363
      ],
      [
        735.625,
        714.3272727272727
      ],
      [
        765.0500000000001,
        714.3272727272727
      ],
      [
        823.9,
        714.3272727272727
      ],
      [
        1000.45,
        714.3272727272727
      ],
      [
        1029.875,
        714.3272727272727
      ],
      [
        1059.3,
        714.3272727272727
      ],
      [
        1118.15,
        714.3272727272727
      ],
      [
        1147.575,
        714.3272727272727
      ],
      [
        1177.0,
        714.3272727272727
      ],
      [
        1206.425,
        714.3272727272727
      ],
      [
        1265.275,
        714.3272727272727
      ],
      [
        765.0500000000001,
        744.090909090909
      ],
      [
        823.9,
        744.090909090909
      ],
      [
        853.325,
        744.090909090909
      ],
      [
        1029.875,
        744.090909090909
      ],
      [
        1059.3,
        744.090909090909
      ],
      [
        1088.7250000000001,
        744.090909090909
      ],
      [
        1118.15,
        744.090909090909
      ],
      [
        1147.575,
        744.090909090909
      ],
      [
        1177.0,
        744.090909090909
      ],
      [
        1206.425,
        744.090909090909
      ],
      [
        1235.8500000000001,
        744.090909090909
      ],
      [
        794.475,
        773.8545454545454
      ],
      [
        853.325,
        773.8545454545454
      ],
      [
        882.75,
        773.8545454545454
      ],
      [
        1029.875,
        773.8545454545454
      ],
      [
        1059.3,
        773.8545454545454
      ],
      [
        1088.7250000000001,
        773.8545454545454
      ],
      [
        1118.15,
        773.8545454545454
      ],
      [
        1147.575,
        773.8545454545454
      ],
      [
        1206.425,
        773.8545454545454
      ],
      [
        735.625,
        803.6181818181818
      ],
      [
        765.0500000000001,
        803.6181818181818
      ],
      [
        794.475,
        803.6181818181818
      ],
      [
        823.9,
        803.6181818181818
      ],
      [
        853.325,
        803.6181818181818
      ],
      [
        882.75,
        803.6181818181818
      ],
      [
        912.1750000000001,
        803.6181818181818
      ],
      [
        941.6,
        803.6181818181818
      ],
      [
        1118.15,
        803.6181818181818
      ],
      [
        1177.0,
        803.6181818181818
      ],
      [
        735.625,
        833.3818181818182
      ],
      [
        765.0500000000001,
        833.3818181818182
      ],
      [
        794.475,
        833.3818181818182
      ],
      [
        823.9,
        833.3818181818182
      ],
      [
        853.325,
        833.3818181818182
      ],
      [
        882.75,
        833.3818181818182
      ],
      [
        912.1750000000001,
        833.3818181818182
      ],
      [
        941.6,
        833.3818181818182
      ],
      [
        971.025,
        833.3818181818182
      ],
      [
        1000.45,
        833.3818181818182
      ],
      [
        853.325,
        863.1454545454545
      ],
      [
        941.6,
        863.1454545454545
      ],
      [
        1000.45,
        863.1454545454545
      ],
      [
        882.75,
        892.9090909090909
      ],
      [
        941.6,
        892.9090909090909
      ],
      [
        1118.15,
        892.9090909090909
      ],
      [
        882.75,
        922.6727272727272
      ],
      [
        1118.15,
        922.6727272727272
      ],
      [
        882.75,
        982.1999999999999
      ],
      [
        1000.45,
        982.1999999999999
      ],
      [
        1059.3,
        982.1999999999999
      ],
      [
        1088.7250000000001,
        982.1999999999999
      ],
      [
        882.75,
        1011.9636363636363
      ],
      [
        1000.45,
        1011.9636363636363
      ],
      [
        1059.3,
        1011.9636363636363
      ],
      [
        1088.7250000000001,
        1011.9636363636363
      ],
      [
        1118.15,
        1011.9636363636363
      ],
      [
        1147.575,
        1011.9636363636363
      ],
      [
        1177.0,
        1011.9636363636363
      ],
      [
        1206.425,
        1011.9636363636363
      ],
      [
        1235.8500000000001,
        1011.9636363636363
      ],
      [
        1265.275,
        1011.9636363636363
      ],
      [
        1294.7,
        1011.9636363636363
      ],
      [
        1029.875,
        1041.7272727272727
      ],
      [
        1059.3,
        1041.7272727272727
      ],
      [
        1088.7250000000001,
        1041.7272727272727
      ],
      [
        1118.15,
        1041.7272727272727
      ],
      [
        1147.575,
        1041.7272727272727
      ],
      [
        1177.0,
        1041.7272727272727
      ],
      [
        1206.425,
        1041.7272727272727
      ],
      [
        1235.8500000000001,
