{
  "sl_no": 7,
  "match_info": {
    "center": "live_locate:intersect:Kingsdown Road x Norway Drive",
    "zoom": 15,
    "rotation": 0,
    "n_inliers": 79,
    "score": 32.94,
    "scale_factor": 0.448,
    "avg_scale": 0.9928,
    "window": [
      452,
      452
    ],
    "center_latlon": [
      51.16274034335978,
      1.3809337783609692
    ],
    "anchor_latlon": [
      51.1595,
      1.3775
    ],
    "_inlier_pts_map": [
      [
        172.42105263157896,
        343.84999999999997
      ],
      [
        198.94736842105263,
        343.84999999999997
      ],
      [
        212.21052631578948,
        343.84999999999997
      ],
      [
        159.1578947368421,
        357.075
      ],
      [
        172.42105263157896,
        357.075
      ],
      [
        212.21052631578948,
        357.075
      ],
      [
        238.73684210526318,
        357.075
      ],
      [
        504.0,
        357.075
      ],
      [
        517.2631578947369,
        357.075
      ],
      [
        159.1578947368421,
        370.3
      ],
      [
        198.94736842105263,
        383.525
      ],
      [
        238.73684210526318,
        383.525
      ],
      [
        198.94736842105263,
        396.75
      ],
      [
        119.36842105263159,
        449.65
      ],
      [
        119.36842105263159,
        462.875
      ],
      [
        132.63157894736844,
        462.875
      ],
      [
        384.63157894736844,
        462.875
      ],
      [
        397.89473684210526,
        462.875
      ],
      [
        411.15789473684214,
        462.875
      ],
      [
        119.36842105263159,
        476.09999999999997
      ],
      [
        132.63157894736844,
        476.09999999999997
      ],
      [
        145.89473684210526,
        476.09999999999997
      ],
      [
        371.36842105263156,
        476.09999999999997
      ],
      [
        384.63157894736844,
        476.09999999999997
      ],
      [
        397.89473684210526,
        476.09999999999997
      ],
      [
        132.63157894736844,
        489.325
      ],
      [
        358.10526315789474,
        489.325
      ],
      [
        371.36842105263156,
        489.325
      ],
      [
        384.63157894736844,
        489.325
      ],
      [
        397.89473684210526,
        489.325
      ],
      [
        344.8421052631579,
        502.55
      ],
      [
        358.10526315789474,
        502.55
      ],
      [
        371.36842105263156,
        502.55
      ],
      [
        384.63157894736844,
        502.55
      ],
      [
        397.89473684210526,
        502.55
      ],
      [
        344.8421052631579,
        515.775
      ],
      [
        358.10526315789474,
        515.775
      ],
      [
        371.36842105263156,
        515.775
      ],
      [
        384.63157894736844,
        515.775
      ],
      [
        397.89473684210526,
        515.775
      ],
      [
        344.8421052631579,
        529.0
      ],
      [
        358.10526315789474,
        529.0
      ],
      [
        371.36842105263156,
        529.0
      ],
      [
        384.63157894736844,
        529.0
      ],
      [
        397.89473684210526,
        529.0
      ],
      [
        411.15789473684214,
        529.0
      ],
      [
        397.89473684210526,
        542.225
      ],
      [
        397.89473684210526,
        555.4499999999999
      ],
      [
        371.36842105263156,
        568.675
      ],
      [
        397.89473684210526,
        568.675
      ],
      [
        411.15789473684214,
        568.675
      ],
      [
        583.578947368421,
        621.5749999999999
      ],
      [
        570.3157894736843,
        634.8
      ],
      [
        583.578947368421,
        634.8
      ],
      [
        596.8421052631579,
        634.8
      ],
      [
        570.3157894736843,
        648.025
      ],
      [
        583.578947368421,
        648.025
      ],
      [
        596.8421052631579,
        648.025
      ],
      [
        610.1052631578948,
        648.025
      ],
      [
        583.578947368421,
        661.25
      ],
      [
        596.8421052631579,
        661.25
      ],
      [
        53.05263157894737,
        687.6999999999999
      ],
      [
        66.31578947368422,
        687.6999999999999
      ],
      [
        53.05263157894737,
        700.925
      ],
      [
        66.31578947368422,
        700.925
      ],
      [
        92.84210526315789,
        700.925
      ],
      [
        119.36842105263159,
        700.925
      ],
      [
        66.31578947368422,
        714.15
      ],
      [
        92.84210526315789,
        714.15
      ],
      [
        106.10526315789474,
        714.15
      ],
      [
        119.36842105263159,
        714.15
      ],
      [
        238.73684210526318,
        727.375
      ],
      [
        92.84210526315789,
        740.6
      ],
      [
        530.5263157894738,
        740.6
      ],
      [
        238.73684210526318,
        753.8249999999999
      ],
      [
        252.0,
        767.05
      ],
      [
        265.2631578947369,
        767.05
      ],
      [
        252.0,
        780.275
      ],
      [
        212.21052631578948,
        806.725
      ]
    ],
    "_rot_map_shape": [
      1058,
      756
    ]
  },
  "processing_time": 222.089586019516,
  "agent_accepted": true,
  "agent_reason": "[accepted] The site is located on Kingsdown Road at the junction with Norway Drive, north of St Margaret's at Cliffe. Two match attempts were made; both yielded 79 inliers",
  "agent_stats": {
    "position_calls": 1,
    "pdf_info": {
      "site_address": "Land at Kingsdown Road, in the Parish of St. Margaret\\'s-at-Cliffe",
      "postcodes": [],
      "grid_refs": [
        "TR 34 SE"
      ],
      "scale": "1:10560",
      "map_pages": [
        3
      ],
      "map_page_details": [
        {
          "page": 3,
          "category": "match",
          "area_group": 0,
          "boundary_clarity": "clear",
          "detail_level": "medium",
          "caption": "Site plan showing red boundary on agricultural land at Kingsdown Road, St. Margarets at Cliffe. Scale 1:10560."
        }
      ],
      "road_names": [
        "Kingsdown Road",
        "Nelson Park Road",
        "Collingwood Road"
      ],
      "place_names": [
        "Kingsdown Road",
        "Old Bottom Free Down",
        "Barrow Mount",
        "East Hill",
        "Bockell Hill",
        "St Margarets Free Down",
        "East Valley Farm",
        "Free Down",
        "Oxney Bottom",
        "Nelson Park Road",
        "Collingwood Road"
      ],
      "is_district_wide": false,
      "district_name": "Dover District, Kent, UK",
      "house_number_road_pairs": [],
      "parish_names": [
        "St. Margaret\\'s-at-Cliffe"
      ],
      "admin_region": "Dover",
      "likely_town_or_city": "St. Margaret\\'s at Cliffe",
      "visible_map_labels": [
        "Kingsdown Road",
        "Old Bottom Free Down",
        "Barrow Mount",
        "East Hill",
        "Bockell Hill",
        "St Margarets Free Down",
        "East Valley Farm",
        "Oxney Bottom",
        "Nelson Park Road",
        "Collingwood Road",
        "Free Down",
        "Hay Bush",
        "Cliffe Place"
      ],
      "adjacency_hints": [
        "Kingsdown Road"
      ]
    },
    "reader_request_tokens": 5006,
    "reader_response_tokens": 416,
    "locate_n_calls": 2,
    "locate_request_tokens": 23439,
    "locate_response_tokens": 668,
    "locate_calls": [
      {
        "request_tokens": 11712,
        "response_tokens": 378,
        "n_messages": 9,
        "generation_id": "gen-1779678724-24rYKXLTeAXe1rrpzkKa"
      },
      {
        "request_tokens": 11727,
        "response_tokens": 290,
        "n_messages": 16,
        "generation_id": "gen-1779678805-yRIbtGccxvamWahzmKUY"
      }
    ],
    "outcome_status": "accepted",