{
  "sl_no": 45,
  "match_info": {
    "center": "live_locate:place:Kensington Square",
    "zoom": 19,
    "rotation": 0,
    "n_inliers": 40,
    "score": 16.23,
    "scale_factor": 0.854,
    "avg_scale": 0.9855,
    "window": [
      1578,
      2104
    ],
    "center_latlon": [
      51.49902857251354,
      -0.19014212658225915
    ],
    "anchor_latlon": [
      51.5008161005758,
      -0.190208217273414
    ],
    "_inlier_pts_map": [
      [
        1184.232142857143,
        124.75
      ],
      [
        1133.8392857142858,
        149.7
      ],
      [
        1184.232142857143,
        149.7
      ],
      [
        1209.4285714285716,
        149.7
      ],
      [
        1234.625,
        149.7
      ],
      [
        1259.8214285714287,
        149.7
      ],
      [
        1184.232142857143,
        174.65
      ],
      [
        1234.625,
        174.65
      ],
      [
        1259.8214285714287,
        174.65
      ],
      [
        1234.625,
        199.6
      ],
      [
        1184.232142857143,
        224.54999999999998
      ],
      [
        1209.4285714285716,
        224.54999999999998
      ],
      [
        1234.625,
        224.54999999999998
      ],
      [
        1184.232142857143,
        249.5
      ],
      [
        1209.4285714285716,
        249.5
      ],
      [
        1285.017857142857,
        449.09999999999997
      ],
      [
        1285.017857142857,
        474.05
      ],
      [
        1259.8214285714287,
        523.9499999999999
      ],
      [
        251.96428571428572,
        873.25
      ],
      [
        277.1607142857143,
        873.25
      ],
      [
        226.76785714285717,
        898.1999999999999
      ],
      [
        251.96428571428572,
        898.1999999999999
      ],
      [
        277.1607142857143,
        898.1999999999999
      ],
      [
        302.3571428571429,
        898.1999999999999
      ],
      [
        226.76785714285717,
        923.15
      ],
      [
        251.96428571428572,
        923.15
      ],
      [
        277.1607142857143,
        923.15
      ],
      [
        302.3571428571429,
        923.15
      ],
      [
        251.96428571428572,
        948.1
      ],
      [
        277.1607142857143,
        948.1
      ],
      [
        302.3571428571429,
        948.1
      ],
      [
        277.1607142857143,
        973.05
      ],
      [
        327.55357142857144,
        973.05
      ],
      [
        352.75,
        1022.9499999999999
      ],
      [
        377.9464285714286,
        1022.9499999999999
      ],
      [
        403.14285714285717,
        1022.9499999999999
      ],
      [
        377.9464285714286,
        1047.8999999999999
      ],
      [
        403.14285714285717,
        1047.8999999999999
      ],
      [
        377.9464285714286,
        1072.85
      ],
      [
        403.14285714285717,
        1072.85
      ]
    ],
    "_rot_map_shape": [
      1996,
      1411
    ]
  },
  "processing_time": 198.01006388664246,
  "agent_accepted": true,
  "agent_reason": "[accepted] The planning boundary for 14-19 Kensington Square was identified on page 5. The site corresponds to the large building complex (Convent of the Assumption) on th",
  "agent_stats": {
    "position_calls": 1,
    "pdf_info": {
      "site_address": "14-19 Kensington Square, London W8",
      "postcodes": [
        "W8"
      ],
      "grid_refs": [],
      "scale": null,
      "map_pages": [
        5
      ],
      "map_page_details": [
        {
          "page": 1,
          "category": "discard",
          "area_group": -1,
          "boundary_clarity": "none",
          "detail_level": "wide",
          "caption": "Cover page for Article 4 Direction 42A"
        },
        {
          "page": 2,
          "category": "discard",
          "area_group": -1,
          "boundary_clarity": "none",
          "detail_level": "wide",
          "caption": "Memorandum from Borough Solicitors regarding 14-19 Kensington Square"
        },
        {
          "page": 3,
          "category": "discard",
          "area_group": -1,
          "boundary_clarity": "none",
          "detail_level": "wide",
          "caption": "Article 4 Direction text (Schedule 1)"
        },
        {
          "page": 4,
          "category": "discard",
          "area_group": -1,
          "boundary_clarity": "none",
          "detail_level": "wide",
          "caption": "Article 4 Direction text (Schedule 2) and signatures"
        },
        {
          "page": 5,
          "category": "match",
          "area_group": 0,
          "boundary_clarity": "clear",
          "detail_level": "close",
          "caption": "Site plan showing 14-19 Kensington Square outlined in black"
        },
        {
          "page": 6,
          "category": "discard",
          "area_group": -1,
          "boundary_clarity": "none",
          "detail_level": "wide",
          "caption": "Back cover with address of Borough Solicitor"
        }
      ],
      "road_names": [
        "Kensington Square",
        "South End",
        "South End Row",
        "Ansdell Street",
        "Thackeray Street",
        "Hornton Street"
      ],
      "place_names": [],
      "is_district_wide": false,
      "district_name": null,
      "house_number_road_pairs": [
        "14-19 Kensington Square"
      ],
      "parish_names": [],
      "admin_region": null,
      "likely_town_or_city": "London",
      "visible_map_labels": [
        "Kensington Square",
        "South End",
        "South End Row",
        "Ansdell Street",
        "Thackeray Street",
        "St James' House",
        "Esmond Court",
        "Chapel",
        "Convent of the Assumption (Maria Assumpta College)",
        "Tennis Court",
        "Government Offices",
        "Telephone Exchange"
      ],
      "adjacency_hints": []
    },
    "outcome_status": "accepted",
    "outcome_reasoning": "The planning boundary for 14-19 Kensington Square was identified on page 5. The site corresponds to the large building complex (Convent of the Assumption) on the south side of Kensington Square. I performed two match attempts using the Kensington Square road centroid. The first attempt yielded 40 inliers with perfect road name agreement (6/6 roads matched) and excellent scale consistency (0.97). Although the inlier count is in the 'WEAK' tier (25-49), the high road agreement and scale consistency in a dense urban environment like Kensington provide high confidence in the alignment. I have committed the best match (candidate 0).",
    "rotation_checked": false,
    "tool_calls": {
      "submit_pdf_info": 1,
      "propose_centers": 2,
      "match_at": 2,
      "commit_match": 1,
      "final_result": 1
    },
    "total_tool_calls": 7,
    "n_turns": 15,
    "validator_retries": 0,
    "worker_request_tokens": 64910,
    "worker_response_tokens": 957,
    "request_tokens": 64910,
    "response_tokens": 957,
    "total_tokens": 65867
  },
  "valid_ground_truth": true,
  "valid_prediction": true,
  "validation_error": null,
  "iou": 0.9101661963982022,
  "precision": 0.9548151490256253,
  "recall": 0.9511333376499391,
  "f1_score": 0.9529706871726757,
  "positioning_error_m": 2.6806946073051745
}