{
  "sl_no": 35,
  "match_info": {
    "center": "live_locate:place:Thurton",
    "zoom": 18,
    "rotation": 0,
    "n_inliers": 185,
    "score": 93.62,
    "scale_factor": 0.875,
    "avg_scale": 0.9904,
    "window": [
      1645,
      1645
    ],
    "center_latlon": [
      52.555436441118765,
      1.437305353578921
    ],
    "anchor_latlon": [
      52.5566759174407,
      1.43312587450857
    ],
    "_inlier_pts_map": [
      [
        357.7,
        387.3214285714286
      ],
      [
        383.25,
        387.3214285714286
      ],
      [
        408.8,
        387.3214285714286
      ],
      [
        587.65,
        387.3214285714286
      ],
      [
        996.45,
        387.3214285714286
      ],
      [
        357.7,
        413.14285714285717
      ],
      [
        383.25,
        413.14285714285717
      ],
      [
        408.8,
        413.14285714285717
      ],
      [
        434.35,
        413.14285714285717
      ],
      [
        459.90000000000003,
        413.14285714285717
      ],
      [
        536.5500000000001,
        413.14285714285717
      ],
      [
        562.1,
        413.14285714285717
      ],
      [
        587.65,
        413.14285714285717
      ],
      [
        613.2,
        413.14285714285717
      ],
      [
        638.75,
        413.14285714285717
      ],
      [
        945.35,
        413.14285714285717
      ],
      [
        970.9,
        413.14285714285717
      ],
      [
        996.45,
        413.14285714285717
      ],
      [
        1022.0,
        413.14285714285717
      ],
      [
        1047.55,
        413.14285714285717
      ],
      [
        1226.4,
        413.14285714285717
      ],
      [
        1251.95,
        413.14285714285717
      ],
      [
        1277.5,
        413.14285714285717
      ],
      [
        1303.05,
        413.14285714285717
      ],
      [
        306.6,
        438.9642857142857
      ],
      [
        332.15000000000003,
        438.9642857142857
      ],
      [
        357.7,
        438.9642857142857
      ],
      [
        383.25,
        438.9642857142857
      ],
      [
        408.8,
        438.9642857142857
      ],
      [
        434.35,
        438.9642857142857
      ],
      [
        459.90000000000003,
        438.9642857142857
      ],
      [
        485.45,
        438.9642857142857
      ],
      [
        511.0,
        438.9642857142857
      ],
      [
        536.5500000000001,
        438.9642857142857
      ],
      [
        562.1,
        438.9642857142857
      ],
      [
        587.65,
        438.9642857142857
      ],
      [
        613.2,
        438.9642857142857
      ],
      [
        638.75,
        438.9642857142857
      ],
      [
        970.9,
        438.9642857142857
      ],
      [
        996.45,
        438.9642857142857
      ],
      [
        1022.0,
        438.9642857142857
      ],
      [
        1277.5,
        438.9642857142857
      ],
      [
        1303.05,
        438.9642857142857
      ],
      [
        332.15000000000003,
        464.78571428571433
      ],
      [
        357.7,
        464.78571428571433
      ],
      [
        383.25,
        464.78571428571433
      ],
      [
        408.8,
        464.78571428571433
      ],
      [
        434.35,
        464.78571428571433
      ],
      [
        459.90000000000003,
        464.78571428571433
      ],
      [
        536.5500000000001,
        464.78571428571433
      ],
      [
        562.1,
        464.78571428571433
      ],
      [
        587.65,
        464.78571428571433
      ],
      [
        613.2,
        464.78571428571433
      ],
      [
        638.75,
        464.78571428571433
      ],
      [
        1481.9,
        464.78571428571433
      ],
      [
        306.6,
        490.6071428571429
      ],
      [
        332.15000000000003,
        490.6071428571429
      ],
      [
        383.25,
        490.6071428571429
      ],
      [
        408.8,
        490.6071428571429
      ],
      [
        434.35,
        490.6071428571429
      ],
      [
        459.90000000000003,
        490.6071428571429
      ],
      [
        485.45,
        490.6071428571429
      ],
      [
        511.0,
        490.6071428571429
      ],
      [
        536.5500000000001,
        490.6071428571429
      ],
      [
        562.1,
        490.6071428571429
      ],
      [
        587.65,
        490.6071428571429
      ],
      [
        613.2,
        490.6071428571429
      ],
      [
        638.75,
        490.6071428571429
      ],
      [
        281.05,
        516.4285714285714
      ],
      [
        306.6,
        516.4285714285714
      ],
      [
        332.15000000000003,
        516.4285714285714
      ],
      [
        434.35,
        516.4285714285714
      ],
      [
        511.0,
        516.4285714285714
      ],
      [
        536.5500000000001,
        516.4285714285714
      ],
      [
        613.2,
        516.4285714285714
      ],
      [
        459.90000000000003,
        542.25
      ],
      [
        229.95000000000002,
        568.0714285714286
      ],
      [
        255.5,
        568.0714285714286
      ],
      [
        1635.2,
        568.0714285714286
      ],
      [
        1660.75,
        568.0714285714286
      ],
      [
        229.95000000000002,
        593.8928571428572
      ],
      [
        255.5,
        593.8928571428572
      ],
      [
        1609.65,
        593.8928571428572
      ],
      [
        1635.2,
        593.8928571428572
      ],
      [
        1660.75,
        593.8928571428572
      ],
      [
        306.6,
        619.7142857142858
      ],
      [
        1584.1000000000001,
        619.7142857142858
      ],
      [
        1609.65,
        619.7142857142858
      ],
      [
        1635.2,
        619.7142857142858
      ],
      [
        1660.75,
        619.7142857142858
      ],
      [
        127.75,
        645.5357142857143
      ],
      [
        1584.1000000000001,
        645.5357142857143
      ],
      [
        1609.65,
        645.5357142857143
      ],
      [
        1635.2,
        645.5357142857143
      ],
      [
        1660.75,
        645.5357142857143
      ],
      [
        1609.65,
        671.3571428571429
      ],
      [
        1635.2,
        671.3571428571429
      ],
      [
        1660.75,
        671.3571428571429
      ],
      [
        204.4,
        697.1785714285714
      ],
      [
        408.8,
        723.0
      ],
      [
        434.35,
        723.0
      ],
      [
        459.90000000000003,
        723.0
      ],
      [
        357.7,
        748.8214285714287
      ],
      [
        383.25,
        748.8214285714287
      ],
      [
        408.8,
        748.8214285714287
      ],
      [
        434.35,
        748.8214285714287
      ],
      [
        459.90000000000003,
        748.8214285714287
      ],
      [
        485.45,
        748.8214285714287
      ],
      [
        562.1,
        748.8214285714287
      ],
      [
        587.65,
        748.8214285714287
      ],
      [
        332.15000000000003,
        774.6428571428572
      ],
      [
        357.7,
        774.6428571428572
      ],
      [
        383.25,
        774.6428571428572
      ],
      [
        408.8,
        774.6428571428572
      ],
      [
        434.35,
        774.6428571428572
      ],
      [
        485.45,
        774.6428571428572
      ],
      [
        562.1,
        774.6428571428572
      ],
      [
        587.65,
        774.6428571428572
      ],
      [
        613.2,
        774.6428571428572
      ],
      [
        638.75,
        774.6428571428572
      ],
      [
        306.6,
        800.4642857142858
      ],
      [
        332.15000000000003,
        800.4642857142858
      ],
      [
        357.7,
        800.4642857142858
      ],
      [
        408.8,
        800.4642857142858
      ],
      [
        434.35,
