{
  "sl_no": 241,
  "match_info": {
    "center": "live_locate:postcode:LU6 1LF",
    "zoom": 17,
    "rotation": 0,
    "n_inliers": 26,
    "score": 10.69,
    "scale_factor": 0.431,
    "avg_scale": 0.9361,
    "window": [
      1062,
      472
    ],
    "center_latlon": [
      51.96034419533593,
      -0.6374248144282433
    ],
    "anchor_latlon": [
      51.958,
      -0.645
    ],
    "_inlier_pts_map": [
      [
        229.17857142857144,
        353.15000000000003
      ],
      [
        280.1071428571429,
        428.82500000000005
      ],
      [
        292.8392857142857,
        428.82500000000005
      ],
      [
        305.57142857142856,
        428.82500000000005
      ],
      [
        280.1071428571429,
        441.4375
      ],
      [
        292.8392857142857,
        441.4375
      ],
      [
        305.57142857142856,
        441.4375
      ],
      [
        280.1071428571429,
        454.05
      ],
      [
        343.76785714285717,
        618.0125
      ],
      [
        356.5,
        618.0125
      ],
      [
        369.2321428571429,
        618.0125
      ],
      [
        572.9464285714286,
        643.2375000000001
      ],
      [
        585.6785714285714,
        643.2375000000001
      ],
      [
        598.4107142857143,
        643.2375000000001
      ],
      [
        598.4107142857143,
        655.85
      ],
      [
        572.9464285714286,
        668.4625000000001
      ],
      [
        585.6785714285714,
        668.4625000000001
      ],
      [
        547.4821428571429,
        706.3000000000001
      ],
      [
        458.3571428571429,
        857.6500000000001
      ],
      [
        471.0892857142857,
        857.6500000000001
      ],
      [
        445.625,
        870.2625
      ],
      [
        458.3571428571429,
        870.2625
      ],
      [
        471.0892857142857,
        870.2625
      ],
      [
        458.3571428571429,
        882.875
      ],
      [
        471.0892857142857,
        882.875
      ],
      [
        458.3571428571429,
        895.4875000000001
      ]
    ],
    "_rot_map_shape": [
      1009,
      713
    ]
  },
  "processing_time": 325.3905997276306,
  "agent_accepted": true,
  "agent_reason": "[accepted] The application site is 'Land to the north, south and east of the Sandhouse Public House, Watling Street, Heath and Reach'. I identified the primary map on page",
  "agent_stats": {
    "position_calls": 1,
    "pdf_info": {
      "site_address": "Land to the north, south and east of the Sandhouse Public House, Watling Street, Heath and Reach",
      "postcodes": [
        "LU6 1LF"
      ],
      "grid_refs": [],
      "scale": "1:2500",
      "map_pages": [
        4
      ],
      "map_page_details": [
        {
          "page": 1,
          "category": "discard",
          "area_group": -1,
          "boundary_clarity": "none",
          "detail_level": "wide",
          "caption": "Notice of Direction under Article 4 regarding Sandhouse Public House."
        },
        {
          "page": 2,
          "category": "discard",
          "area_group": -1,
          "boundary_clarity": "none",
          "detail_level": "wide",
          "caption": "Direction under Article 4 with Schedule and Seal."
        },
        {
          "page": 3,
          "category": "discard",
          "area_group": -1,
          "boundary_clarity": "none",
          "detail_level": "wide",
          "caption": "Approval signature from the Secretary of State."
        },
        {
          "page": 4,
          "category": "match",
          "area_group": 0,
          "boundary_clarity": "clear",
          "detail_level": "medium",
          "caption": "Site Plan: Land Rear of Sandhouse Inn at 1:2500 scale with hatched boundary."
        }
      ],
      "road_names": [
        "Watling Street",
        "A5 Trunk Road"
      ],
      "place_names": [
        "Sandhouse Public House",
        "Sandhouse Inn",
        "Heath and Reach",
        "Sandhouse Pumping Station",
        "Sandhouse Cottage",
        "The Gables",
        "Water Tower"
      ],
      "is_district_wide": false,
      "district_name": null,
      "house_number_road_pairs": [],
      "parish_names": [],
      "admin_region": null,
      "likely_town_or_city": "Heath and Reach",
      "visible_map_labels": [
        "Watling Street (A5 Trunk Road)",
        "Sandhouse Inn (PH)",
        "Sandhouse Pumping Station",
        "Sandhouse Cottage",
        "Water Tower",
        "Sand Pit",
        "Pump House"
      ],
      "adjacency_hints": []
    },
    "outcome_status": "accepted",
    "outcome_reasoning": "The application site is 'Land to the north, south and east of the Sandhouse Public House, Watling Street, Heath and Reach'. I identified the primary map on page 4, which shows the site boundary at a scale of 1:2500. I performed multiple match attempts using anchors for Heath and Reach, the postcode LU6 1LF, and the intersection of Watling Street and Sheep Lane. The best match was achieved using the postcode LU6 1LF (candidate_id 1), which yielded 26 inliers and a scale consistency of 0.88. While the inlier count is relatively low, it represents the most consistent fit for the rural location and the specific cartographic features (A5 road, pumping station, and sand pit) shown on the map. I have committed this match to produce the final boundary.",
    "rotation_checked": false,
    "tool_calls": {
      "submit_pdf_info": 1,
      "propose_centers": 4,
      "match_at": 4,
      "commit_match": 1,
      "final_result": 1
    },
    "total_tool_calls": 11,
    "n_turns": 23,
    "validator_retries": 0,
    "worker_request_tokens": 99765,
    "worker_response_tokens": 1196,
    "request_tokens": 99765,
    "response_tokens": 1196,
    "total_tokens": 100961
  },
  "valid_ground_truth": true,
  "valid_prediction": true,
  "validation_error": null,
  "iou": 0.7777773535401955,
  "precision": 0.9003520330859086,
  "recall": 0.8510360789761032,
  "f1_score": 0.8749997315369059,
  "positioning_error_m": 9.14670962446799
}