{
  "sl_no": 230,
  "match_info": {
    "center": "live_locate:place:Coombe Road",
    "zoom": 17,
    "rotation": 0,
    "n_inliers": 253,
    "score": 133.91,
    "scale_factor": 0.847,
    "avg_scale": 1.0056,
    "window": [
      756,
      1323
    ],
    "center_latlon": [
      51.126302955808896,
      1.2775630387347974
    ],
    "anchor_latlon": [
      51.1323835660365,
      1.28131000107864
    ],
    "_inlier_pts_map": [
      [
        700.0,
        74.25
      ],
      [
        725.0,
        74.25
      ],
      [
        500.0,
        99.0
      ],
      [
        525.0,
        99.0
      ],
      [
        550.0,
        99.0
      ],
      [
        675.0,
        99.0
      ],
      [
        700.0,
        99.0
      ],
      [
        725.0,
        99.0
      ],
      [
        750.0,
        99.0
      ],
      [
        775.0,
        99.0
      ],
      [
        450.0,
        123.75
      ],
      [
        475.0,
        123.75
      ],
      [
        500.0,
        123.75
      ],
      [
        525.0,
        123.75
      ],
      [
        575.0,
        123.75
      ],
      [
        675.0,
        123.75
      ],
      [
        700.0,
        123.75
      ],
      [
        725.0,
        123.75
      ],
      [
        750.0,
        123.75
      ],
      [
        775.0,
        123.75
      ],
      [
        800.0,
        123.75
      ],
      [
        825.0,
        123.75
      ],
      [
        1075.0,
        123.75
      ],
      [
        1175.0,
        123.75
      ],
      [
        425.0,
        148.5
      ],
      [
        450.0,
        148.5
      ],
      [
        475.0,
        148.5
      ],
      [
        525.0,
        148.5
      ],
      [
        600.0,
        148.5
      ],
      [
        625.0,
        148.5
      ],
      [
        650.0,
        148.5
      ],
      [
        675.0,
        148.5
      ],
      [
        700.0,
        148.5
      ],
      [
        725.0,
        148.5
      ],
      [
        750.0,
        148.5
      ],
      [
        775.0,
        148.5
      ],
      [
        800.0,
        148.5
      ],
      [
        825.0,
        148.5
      ],
      [
        1125.0,
        148.5
      ],
      [
        1175.0,
        148.5
      ],
      [
        425.0,
        173.25
      ],
      [
        450.0,
        173.25
      ],
      [
        475.0,
        173.25
      ],
      [
        500.0,
        173.25
      ],
      [
        575.0,
        173.25
      ],
      [
        600.0,
        173.25
      ],
      [
        625.0,
        173.25
      ],
      [
        650.0,
        173.25
      ],
      [
        675.0,
        173.25
      ],
      [
        700.0,
        173.25
      ],
      [
        725.0,
        173.25
      ],
      [
        750.0,
        173.25
      ],
      [
        775.0,
        173.25
      ],
      [
        800.0,
        173.25
      ],
      [
        825.0,
        173.25
      ],
      [
        1100.0,
        173.25
      ],
      [
        1125.0,
        173.25
      ],
      [
        1150.0,
        173.25
      ],
      [
        1175.0,
        173.25
      ],
      [
        1200.0,
        173.25
      ],
      [
        1225.0,
        173.25
      ],
      [
        575.0,
        198.0
      ],
      [
        600.0,
        198.0
      ],
      [
        625.0,
        198.0
      ],
      [
        650.0,
        198.0
      ],
      [
        675.0,
        198.0
      ],
      [
        700.0,
        198.0
      ],
      [
        725.0,
        198.0
      ],
      [
        750.0,
        198.0
      ],
      [
        775.0,
        198.0
      ],
      [
        800.0,
        198.0
      ],
      [
        1125.0,
        198.0
      ],
      [
        1150.0,
        198.0
      ],
      [
        1175.0,
        198.0
      ],
      [
        1200.0,
        198.0
      ],
      [
        1225.0,
        198.0
      ],
      [
        525.0,
        222.75
      ],
      [
        575.0,
        222.75
      ],
      [
        600.0,
        222.75
      ],
      [
        625.0,
        222.75
      ],
      [
        650.0,
        222.75
      ],
      [
        675.0,
        222.75
      ],
      [
        700.0,
        222.75
      ],
      [
        725.0,
        222.75
      ],
      [
        750.0,
        222.75
      ],
      [
        775.0,
        222.75
      ],
      [
        800.0,
        222.75
      ],
      [
        1125.0,
        222.75
      ],
      [
        1150.0,
        222.75
      ],
      [
        1175.0,
        222.75
      ],
      [
        1200.0,
        222.75
      ],
      [
        1225.0,
        222.75
      ],
      [
        550.0,
        247.5
      ],
      [
        575.0,
        247.5
      ],
      [
        600.0,
        247.5
      ],
      [
        625.0,
        247.5
      ],
      [
        650.0,
        247.5
      ],
      [
        675.0,
        247.5
      ],
      [
        700.0,
        247.5
      ],
      [
        725.0,
        247.5
      ],
      [
        750.0,
        247.5
      ],
      [
        775.0,
        247.5
      ],
      [
        800.0,
        247.5
      ],
      [
        1150.0,
        247.5
      ],
      [
        1175.0,
        247.5
      ],
      [
        1200.0,
        247.5
      ],
      [
        1225.0,
        247.5
      ],
      [
        575.0,
        272.25
      ],
      [
        625.0,
        272.25
      ],
      [
        650.0,
        272.25
      ],
      [
        675.0,
        272.25
      ],
      [
        700.0,
        272.25
      ],
      [
        725.0,
        272.25
      ],
      [
        750.0,
        272.25
      ],
      [
        775.0,
        272.25
      ],
      [
        800.0,
        272.25
      ],
      [
        825.0,
        272.25
      ],
      [
        1150.0,
        272.25
      ],
      [
        1175.0,
        272.25
      ],
      [
        1200.0,
        272.25
      ],
      [
        1225.0,
        272.25
      ],
      [
        600.0,
        297.0
      ],
      [
        675.0,
        297.0
      ],
      [
        700.0,
        297.0
      ],
      [
        725.0,
        297.0
      ],
      [
        750.0,
        297.0
      ],
      [
        775.0,
        297.0
      ],
      [
        800.0,
        297.0
      ],
      [
        825.0,
        297.0
      ],
      [
        850.0,
        297.0
      ],
      [
        1175.0,
        297.0
      ],
      [
        1200.0,
        297.0
      ],
      [
        1225.0,
        297.0
      ],
      [
        675.0,
        321.75
      ],
      [
        700.0,
        321.75
      ],
      [
        725.0,
        321.75
      ],
      [
        750.0,
        321.75
      ],
      [
        800.0,
        321.75
      ],
      [
        825.0,
        321.75
      ],
      [
        850.0,
        321.75
      ],
      [
        600.0,
        346.5
      ],
      [
        700.0,
        346.5
      ],
      [
        725.0,
        346.5
      ],
      [
        750.0,
        346.5
      ],
      [
        850.0,
        346.5
      ],
      [
        875.0,
        346.5
      ],
      [
        900.0,
        346.5
      ],
      [
        725.0,
        371.25
      ],
      [
        750.0,
        371.25
      ],
      [
        800.0,
        371.25
      ],
      [
        850.0,
        371.25
      ],
      [
        875.0,
        371.25
      ],
      [
        1200.0,
        371.25
      ],
      [
        1225.0,
        371.25
      ],
      [
        1150.0,
        396.0
      ],
      [
        1175.0,
        396.0
      ],
      [
        1200.0,
        396.0
      ],
      [
        1125.0,
        420.75
      ],
      [
        1175.0,
        420.75
      ],
      [
        1200.0,
        420.75
      ],
      [
        1125.0,
        445.5
      ],
      [
        575.0,
        1089.0
