{
  "sl_no": 26,
  "match_info": {
    "center": "live_locate:place:Lundy Green",
    "zoom": 17,
    "rotation": 0,
    "n_inliers": 158,
    "score": 68.82,
    "scale_factor": 0.437,
    "avg_scale": 1.009,
    "window": [
      1464,
      915
    ],
    "center_latlon": [
      52.48537605640984,
      1.30716990615187
    ],
    "anchor_latlon": [
      52.486,
      1.301
    ],
    "_inlier_pts_map": [
      [
        252.52500000000003,
        91.07142857142858
      ],
      [
        270.5625,
        91.07142857142858
      ],
      [
        342.71250000000003,
        91.07142857142858
      ],
      [
        234.4875,
        109.28571428571429
      ],
      [
        252.52500000000003,
        109.28571428571429
      ],
      [
        270.5625,
        109.28571428571429
      ],
      [
        288.6,
        109.28571428571429
      ],
      [
        342.71250000000003,
        109.28571428571429
      ],
      [
        360.75,
        109.28571428571429
      ],
      [
        378.7875,
        109.28571428571429
      ],
      [
        396.82500000000005,
        109.28571428571429
      ],
      [
        901.8750000000001,
        109.28571428571429
      ],
      [
        919.9125,
        109.28571428571429
      ],
      [
        234.4875,
        127.5
      ],
      [
        252.52500000000003,
        127.5
      ],
      [
        288.6,
        127.5
      ],
      [
        306.63750000000005,
        127.5
      ],
      [
        324.675,
        127.5
      ],
      [
        342.71250000000003,
        127.5
      ],
      [
        360.75,
        127.5
      ],
      [
        378.7875,
        127.5
      ],
      [
        396.82500000000005,
        127.5
      ],
      [
        901.8750000000001,
        127.5
      ],
      [
        252.52500000000003,
        145.71428571428572
      ],
      [
        270.5625,
        145.71428571428572
      ],
      [
        288.6,
        145.71428571428572
      ],
      [
        306.63750000000005,
        145.71428571428572
      ],
      [
        324.675,
        145.71428571428572
      ],
      [
        342.71250000000003,
        145.71428571428572
      ],
      [
        378.7875,
        145.71428571428572
      ],
      [
        396.82500000000005,
        145.71428571428572
      ],
      [
        288.6,
        163.92857142857144
      ],
      [
        306.63750000000005,
        163.92857142857144
      ],
      [
        324.675,
        163.92857142857144
      ],
      [
        342.71250000000003,
        163.92857142857144
      ],
      [
        288.6,
        182.14285714285717
      ],
      [
        306.63750000000005,
        182.14285714285717
      ],
      [
        324.675,
        182.14285714285717
      ],
      [
        865.8000000000001,
        182.14285714285717
      ],
      [
        739.5375,
        309.64285714285717
      ],
      [
        685.4250000000001,
        327.8571428571429
      ],
      [
        703.4625000000001,
        327.8571428571429
      ],
      [
        721.5,
        327.8571428571429
      ],
      [
        739.5375,
        327.8571428571429
      ],
      [
        757.575,
        327.8571428571429
      ],
      [
        703.4625000000001,
        346.0714285714286
      ],
      [
        721.5,
        346.0714285714286
      ],
      [
        739.5375,
        346.0714285714286
      ],
      [
        757.575,
        346.0714285714286
      ],
      [
        775.6125000000001,
        346.0714285714286
      ],
      [
        793.6500000000001,
        346.0714285714286
      ],
      [
        811.6875000000001,
        346.0714285714286
      ],
      [
        721.5,
        364.28571428571433
      ],
      [
        739.5375,
        364.28571428571433
      ],
      [
        757.575,
        364.28571428571433
      ],
      [
        775.6125000000001,
        364.28571428571433
      ],
      [
        793.6500000000001,
        364.28571428571433
      ],
      [
        757.575,
        382.5
      ],
      [
        775.6125000000001,
        382.5
      ],
      [
        793.6500000000001,
        382.5
      ],
      [
        739.5375,
        400.7142857142857
      ],
      [
        757.575,
        400.7142857142857
      ],
      [
        775.6125000000001,
        400.7142857142857
      ],
      [
        793.6500000000001,
        400.7142857142857
      ],
      [
        757.575,
        418.92857142857144
      ],
      [
        775.6125000000001,
        418.92857142857144
      ],
      [
        739.5375,
        437.14285714285717
      ],
      [
        757.575,
        437.14285714285717
      ],
      [
        775.6125000000001,
        437.14285714285717
      ],
      [
        739.5375,
        455.3571428571429
      ],
      [
        595.2375000000001,
        528.2142857142858
      ],
      [
        757.575,
        601.0714285714286
      ],
      [
        685.4250000000001,
        619.2857142857143
      ],
      [
        757.575,
        619.2857142857143
      ],
      [
        162.3375,
        637.5
      ],
      [
        180.375,
        637.5
      ],
      [
        198.41250000000002,
        637.5
      ],
      [
        757.575,
        637.5
      ],
      [
        162.3375,
        655.7142857142858
      ],
      [
        180.375,
        655.7142857142858
      ],
      [
        198.41250000000002,
        655.7142857142858
      ],
      [
        559.1625,
        655.7142857142858
      ],
      [
        162.3375,
        673.9285714285714
      ],
      [
        180.375,
        673.9285714285714
      ],
      [
        198.41250000000002,
        673.9285714285714
      ],
      [
        541.125,
        673.9285714285714
      ],
      [
        577.2,
        673.9285714285714
      ],
      [
        739.5375,
        673.9285714285714
      ],
      [
        757.575,
        673.9285714285714
      ],
      [
        144.3,
        692.1428571428572
      ],
      [
        162.3375,
        692.1428571428572
      ],
      [
        180.375,
        692.1428571428572
      ],
      [
        198.41250000000002,
        692.1428571428572
      ],
      [
        216.45000000000002,
        692.1428571428572
      ],
      [
        523.0875000000001,
        692.1428571428572
      ],
      [
        541.125,
        692.1428571428572
      ],
      [
        559.1625,
        692.1428571428572
      ],
      [
        577.2,
        692.1428571428572
      ],
      [
        757.575,
        692.1428571428572
      ],
      [
        162.3375,
        710.3571428571429
      ],
      [
        180.375,
        710.3571428571429
      ],
      [
        198.41250000000002,
        710.3571428571429
      ],
      [
        216.45000000000002,
        710.3571428571429
      ],
      [
        541.125,
        710.3571428571429
      ],
      [
        559.1625,
        710.3571428571429
      ],
      [
        577.2,
        710.3571428571429
      ],
      [
        595.2375000000001,
        710.3571428571429
      ],
      [
        757.575,
        710.3571428571429
      ],
      [
        198.41250000000002,
        728.5714285714287
      ],
      [
        216.45000000000002,
        728.5714285714287
      ],
      [
        541.125,
        728.5714285714287
      ],
      [
        559.1625,
        728.5714285714287
      ],
      [
        577.2,
        728.5714285714287
      ],
      [
        595.2375000000001,
        728.5714285714287
      ],
      [
        216.45000000000002,
        746.7857142857143
      ],
      [
        324.675,
        746.7857142857143
      ],
      [
        432.90000000000003,
        746.7857142857143
      ],
      [
        505.05000000000007,
        746.7857142857143
      ],
      [
        559.1625,
        746.7857142857143
      ],
      [
        577.2,
        746.7857142857143
      ],
      [
