{
  "sl_no": 211,
  "match_info": {
    "center": "live_locate:intersect:Coldharbour Lane x Wroxham Way",
    "zoom": 18,
    "rotation": 0,
    "n_inliers": 254,
    "score": 121.77,
    "scale_factor": 0.731,
    "avg_scale": 1.1049,
    "window": [
      805,
      483
    ],
    "center_latlon": [
      51.82588066682643,
      -0.3441938876631525
    ],
    "anchor_latlon": [
      51.826,
      -0.344
    ],
    "_inlier_pts_map": [
      [
        237.48214285714286,
        128.175
      ],
      [
        151.125,
        149.5375
      ],
      [
        172.71428571428572,
        149.5375
      ],
      [
        259.07142857142856,
        149.5375
      ],
      [
        172.71428571428572,
        170.9
      ],
      [
        194.30357142857144,
        170.9
      ],
      [
        431.78571428571433,
        170.9
      ],
      [
        496.55357142857144,
        170.9
      ],
      [
        626.0892857142858,
        170.9
      ],
      [
        474.9642857142857,
        192.26250000000002
      ],
      [
        496.55357142857144,
        192.26250000000002
      ],
      [
        518.1428571428571,
        192.26250000000002
      ],
      [
        539.7321428571429,
        192.26250000000002
      ],
      [
        453.375,
        213.625
      ],
      [
        474.9642857142857,
        213.625
      ],
      [
        496.55357142857144,
        213.625
      ],
      [
        518.1428571428571,
        213.625
      ],
      [
        539.7321428571429,
        213.625
      ],
      [
        561.3214285714286,
        213.625
      ],
      [
        647.6785714285714,
        213.625
      ],
      [
        280.6607142857143,
        234.9875
      ],
      [
        302.25,
        234.9875
      ],
      [
        367.01785714285717,
        234.9875
      ],
      [
        453.375,
        234.9875
      ],
      [
        474.9642857142857,
        234.9875
      ],
      [
        496.55357142857144,
        234.9875
      ],
      [
        518.1428571428571,
        234.9875
      ],
      [
        561.3214285714286,
        234.9875
      ],
      [
        669.2678571428572,
        234.9875
      ],
      [
        280.6607142857143,
        256.35
      ],
      [
        302.25,
        256.35
      ],
      [
        345.42857142857144,
        256.35
      ],
      [
        367.01785714285717,
        256.35
      ],
      [
        496.55357142857144,
        256.35
      ],
      [
        539.7321428571429,
        256.35
      ],
      [
        345.42857142857144,
        277.71250000000003
      ],
      [
        367.01785714285717,
        277.71250000000003
      ],
      [
        388.6071428571429,
        277.71250000000003
      ],
      [
        820.3928571428572,
        277.71250000000003
      ],
      [
        345.42857142857144,
        299.075
      ],
      [
        367.01785714285717,
        299.075
      ],
      [
        820.3928571428572,
        299.075
      ],
      [
        841.9821428571429,
        299.075
      ],
      [
        798.8035714285714,
        320.4375
      ],
      [
        820.3928571428572,
        320.4375
      ],
      [
        841.9821428571429,
        320.4375
      ],
      [
        863.5714285714287,
        320.4375
      ],
      [
        496.55357142857144,
        341.8
      ],
      [
        841.9821428571429,
        341.8
      ],
      [
        885.1607142857143,
        341.8
      ],
      [
        971.5178571428572,
        341.8
      ],
      [
        496.55357142857144,
        363.1625
      ],
      [
        518.1428571428571,
        363.1625
      ],
      [
        863.5714285714287,
        363.1625
      ],
      [
        885.1607142857143,
        363.1625
      ],
      [
        949.9285714285714,
        363.1625
      ],
      [
        259.07142857142856,
        384.52500000000003
      ],
      [
        453.375,
        384.52500000000003
      ],
      [
        474.9642857142857,
        384.52500000000003
      ],
      [
        496.55357142857144,
        384.52500000000003
      ],
      [
        518.1428571428571,
        384.52500000000003
      ],
      [
        539.7321428571429,
        384.52500000000003
      ],
      [
        863.5714285714287,
        384.52500000000003
      ],
      [
        885.1607142857143,
        384.52500000000003
      ],
      [
        906.75,
        384.52500000000003
      ],
      [
        237.48214285714286,
        405.8875
      ],
      [
        259.07142857142856,
        405.8875
      ],
      [
        453.375,
        405.8875
      ],
      [
        474.9642857142857,
        405.8875
      ],
      [
        496.55357142857144,
        405.8875
      ],
      [
        518.1428571428571,
        405.8875
      ],
      [
        863.5714285714287,
        405.8875
      ],
      [
        885.1607142857143,
        405.8875
      ],
      [
        906.75,
        405.8875
      ],
      [
        237.48214285714286,
        427.25
      ],
      [
        259.07142857142856,
        427.25
      ],
      [
        453.375,
        427.25
      ],
      [
        474.9642857142857,
        427.25
      ],
      [
        496.55357142857144,
        427.25
      ],
      [
        863.5714285714287,
        427.25
      ],
      [
        885.1607142857143,
        427.25
      ],
      [
        906.75,
        427.25
      ],
      [
        237.48214285714286,
        448.6125
      ],
      [
        259.07142857142856,
        448.6125
      ],
      [
        885.1607142857143,
        448.6125
      ],
      [
        906.75,
        448.6125
      ],
      [
        237.48214285714286,
        469.975
      ],
      [
        259.07142857142856,
        469.975
      ],
      [
        777.2142857142858,
        469.975
      ],
      [
        259.07142857142856,
        491.33750000000003
      ],
      [
        280.6607142857143,
        491.33750000000003
      ],
      [
        518.1428571428571,
        491.33750000000003
      ],
      [
        734.0357142857143,
        491.33750000000003
      ],
      [
        777.2142857142858,
        491.33750000000003
      ],
      [
        798.8035714285714,
        491.33750000000003
      ],
      [
        820.3928571428572,
        491.33750000000003
      ],
      [
        841.9821428571429,
        491.33750000000003
      ],
      [
        949.9285714285714,
        491.33750000000003
      ],
      [
        734.0357142857143,
        512.7
      ],
      [
        755.625,
        512.7
      ],
      [
        777.2142857142858,
        512.7
      ],
      [
        949.9285714285714,
        512.7
      ],
      [
        734.0357142857143,
        534.0625
      ],
      [
        885.1607142857143,
        534.0625
      ],
      [
        971.5178571428572,
        534.0625
      ],
      [
        474.9642857142857,
        555.4250000000001
      ],
      [
        841.9821428571429,
        555.4250000000001
      ],
      [
        431.78571428571433,
        576.7875
      ],
      [
        453.375,
        576.7875
      ],
      [
        474.9642857142857,
        576.7875
      ],
      [
        820.3928571428572,
        576.7875
      ],
      [
        410.1964285714286,
        598.15
      ],
      [
        431.78571428571433,
        598.15
      ],
      [
        453.375,
        598.15
      ],
      [
        474.9642857142857,
        598.15
      ],
      [
        496.55357142857144,
        598.15
      ],
      [
        518.1428571428571,
        598.15
      ],
      [
        539.7321428571429,
        598.15
      ],
      [
        561.3214285714286,
        598.15
      ],
      [
        820.3928571428572,
        598.15
      ],
      [
        431.78571428571433,
        619.5125
      ],
      [
        453.375,
        619.5125
      ],
      [
        474.9642857142857,
        619.5125
      ],
