{
  "sl_no": 7,
  "match_info": {
    "center": "live_locate:place:East Hill",
    "zoom": 15,
    "rotation": 0,
    "n_inliers": 96,
    "score": 38.61,
    "scale_factor": 0.448,
    "avg_scale": 0.9937,
    "window": [
      226,
      678
    ],
    "center_latlon": [
      51.16274244590037,
      1.3810132864674074
    ],
    "anchor_latlon": [
      51.1664046943338,
      1.3899851502296
    ],
    "_inlier_pts_map": [
      [
        185.68421052631578,
        317.4
      ],
      [
        198.94736842105263,
        317.4
      ],
      [
        212.21052631578948,
        330.625
      ],
      [
        252.0,
        330.625
      ],
      [
        159.1578947368421,
        343.84999999999997
      ],
      [
        172.42105263157896,
        343.84999999999997
      ],
      [
        198.94736842105263,
        343.84999999999997
      ],
      [
        212.21052631578948,
        343.84999999999997
      ],
      [
        225.47368421052633,
        343.84999999999997
      ],
      [
        238.73684210526318,
        343.84999999999997
      ],
      [
        252.0,
        343.84999999999997
      ],
      [
        159.1578947368421,
        357.075
      ],
      [
        172.42105263157896,
        357.075
      ],
      [
        185.68421052631578,
        357.075
      ],
      [
        198.94736842105263,
        357.075
      ],
      [
        238.73684210526318,
        357.075
      ],
      [
        252.0,
        357.075
      ],
      [
        504.0,
        357.075
      ],
      [
        517.2631578947369,
        357.075
      ],
      [
        159.1578947368421,
        370.3
      ],
      [
        172.42105263157896,
        370.3
      ],
      [
        185.68421052631578,
        370.3
      ],
      [
        198.94736842105263,
        370.3
      ],
      [
        225.47368421052633,
        370.3
      ],
      [
        517.2631578947369,
        370.3
      ],
      [
        172.42105263157896,
        383.525
      ],
      [
        185.68421052631578,
        383.525
      ],
      [
        198.94736842105263,
        383.525
      ],
      [
        212.21052631578948,
        383.525
      ],
      [
        185.68421052631578,
        396.75
      ],
      [
        198.94736842105263,
        396.75
      ],
      [
        212.21052631578948,
        396.75
      ],
      [
        198.94736842105263,
        409.97499999999997
      ],
      [
        172.42105263157896,
        423.2
      ],
      [
        119.36842105263159,
        449.65
      ],
      [
        132.63157894736844,
        462.875
      ],
      [
        145.89473684210526,
        462.875
      ],
      [
        132.63157894736844,
        476.09999999999997
      ],
      [
        145.89473684210526,
        476.09999999999997
      ],
      [
        384.63157894736844,
        476.09999999999997
      ],
      [
        371.36842105263156,
        489.325
      ],
      [
        384.63157894736844,
        489.325
      ],
      [
        358.10526315789474,
        502.55
      ],
      [
        371.36842105263156,
        502.55
      ],
      [
        384.63157894736844,
        502.55
      ],
      [
        358.10526315789474,
        515.775
      ],
      [
        371.36842105263156,
        515.775
      ],
      [
        384.63157894736844,
        515.775
      ],
      [
        411.15789473684214,
        568.675
      ],
      [
        570.3157894736843,
        648.025
      ],
      [
        570.3157894736843,
        674.475
      ],
      [
        66.31578947368422,
        687.6999999999999
      ],
      [
        106.10526315789474,
        687.6999999999999
      ],
      [
        53.05263157894737,
        700.925
      ],
      [
        66.31578947368422,
        700.925
      ],
      [
        79.57894736842105,
        700.925
      ],
      [
        92.84210526315789,
        700.925
      ],
      [
        106.10526315789474,
        700.925
      ],
      [
        238.73684210526318,
        700.925
      ],
      [
        252.0,
        700.925
      ],
      [
        53.05263157894737,
        714.15
      ],
      [
        66.31578947368422,
        714.15
      ],
      [
        106.10526315789474,
        714.15
      ],
      [
        119.36842105263159,
        714.15
      ],
      [
        238.73684210526318,
        714.15
      ],
      [
        265.2631578947369,
        714.15
      ],
      [
        92.84210526315789,
        727.375
      ],
      [
        132.63157894736844,
        727.375
      ],
      [
        238.73684210526318,
        727.375
      ],
      [
        66.31578947368422,
        740.6
      ],
      [
        79.57894736842105,
        740.6
      ],
      [
        92.84210526315789,
        740.6
      ],
      [
        106.10526315789474,
        740.6
      ],
      [
        265.2631578947369,
        740.6
      ],
      [
        66.31578947368422,
        753.8249999999999
      ],
      [
        79.57894736842105,
        753.8249999999999
      ],
      [
        92.84210526315789,
        753.8249999999999
      ],
      [
        252.0,
        753.8249999999999
      ],
      [
        66.31578947368422,
        767.05
      ],
      [
        79.57894736842105,
        767.05
      ],
      [
        185.68421052631578,
        767.05
      ],
      [
        79.57894736842105,
        780.275
      ],
      [
        92.84210526315789,
        780.275
      ],
      [
        185.68421052631578,
        780.275
      ],
      [
        198.94736842105263,
        780.275
      ],
      [
        79.57894736842105,
        793.5
      ],
      [
        92.84210526315789,
        793.5
      ],
      [
        477.47368421052636,
        793.5
      ],
      [
        636.6315789473684,
        793.5
      ],
      [
        212.21052631578948,
        806.725
      ],
      [
        225.47368421052633,
        806.725
      ],
      [
        198.94736842105263,
        819.9499999999999
      ],
      [
        212.21052631578948,
        819.9499999999999
      ],
      [
        198.94736842105263,
        833.175
      ],
      [
        225.47368421052633,
        833.175
      ],
      [
        504.0,
        833.175
      ]
    ],
    "_rot_map_shape": [
      1058,
      756
    ]
  },
  "processing_time": 185.81227016448975,
  "agent_accepted": true,
  "agent_reason": "[accepted] The site was located on Kingsdown Road, St. Margaret's at Cliffe. Two candidates were tested. The first (Kingsdown Road) yielded 69 inliers with excellent scale",
  "agent_stats": {
    "position_calls": 1,
    "pdf_info": {
      "site_address": "Land at Kingsdown Road, in the Parish of St. Margaret's-at-Cliffe",
      "postcodes": [],
      "grid_refs": [
        "TR 34 SE"
      ],
      "scale": "1:10560",
      "map_pages": [
        3
      ],
      "map_page_details": [
        {
          "page": 3,
          "category": "match",
          "area_group": 0,
          "boundary_clarity": "clear",
          "detail_level": "medium",
          "caption": "Site plan showing red boundary on land at Kingsdown Road, St. Margarets at Cliffe. Scale 1:10560."
        }
      ],
      "road_names": [
        "Kingsdown Road",
        "Collingwood Road",
        "Nelson Park Road",
        "The Droveway"
      ],
      "place_names": [
        "Kingsdown Road",
        "Old Bottom Free Down",
        "Barrow Mount",
        "East Hill",
        "Bockell Hill",
        "St Margarets Free Down",
        "Oxney Bottom",
        "Free Down",
        "East Valley Farm",
        "Cliffe Place"
      ],
      "is_district_wide": false,
      "district_name": "Dover District, Kent, UK",
      "house_number_road_pairs": [],
      "parish_names": [
        "St. Margaret's-at-Cliffe"
      ],
      "admin_region": "Dover",
      "likely_town_or_city": "St. Margaret's at Cliffe",