{
  "sl_no": 247,
  "match_info": {
    "center": "live_locate:place:Princes Drive",
    "zoom": 17,
    "rotation": 0,
    "n_inliers": 26,
    "score": 11.89,
    "scale_factor": 0.425,
    "avg_scale": 0.9816,
    "window": [
      1365,
      105
    ],
    "center_latlon": [
      51.2710434926846,
      1.3839208964400598
    ],
    "anchor_latlon": [
      51.268,
      1.386
    ],
    "_inlier_pts_map": [
      [
        852.4285714285714,
        2235.375
      ],
      [
        802.2857142857143,
        2285.0499999999997
      ],
      [
        902.5714285714287,
        2285.0499999999997
      ],
      [
        802.2857142857143,
        2334.725
      ],
      [
        852.4285714285714,
        2334.725
      ],
      [
        902.5714285714287,
        2334.725
      ],
      [
        852.4285714285714,
        2384.3999999999996
      ],
      [
        902.5714285714287,
        2384.3999999999996
      ],
      [
        501.42857142857144,
        2682.45
      ],
      [
        651.8571428571429,
        2682.45
      ],
      [
        702.0,
        2682.45
      ],
      [
        752.1428571428572,
        2682.45
      ],
      [
        401.14285714285717,
        2732.125
      ],
      [
        451.28571428571433,
        2732.125
      ],
      [
        501.42857142857144,
        2732.125
      ],
      [
        551.5714285714286,
        2732.125
      ],
      [
        601.7142857142858,
        2732.125
      ],
      [
        651.8571428571429,
        2732.125
      ],
      [
        702.0,
        2732.125
      ],
      [
        752.1428571428572,
        2732.125
      ],
      [
        551.5714285714286,
        2781.7999999999997
      ],
      [
        601.7142857142858,
        2781.7999999999997
      ],
      [
        702.0,
        2781.7999999999997
      ],
      [
        501.42857142857144,
        2831.475
      ],
      [
        551.5714285714286,
        2831.475
      ],
      [
        551.5714285714286,
        2881.1499999999996
      ]
    ],
    "_rot_map_shape": [
      3974,
      1404
    ]
  },
  "processing_time": 93.41999077796936,
  "agent_accepted": true,
  "agent_reason": "[accepted] The map is a 1:2500 OS-based site plan covering a large area of the Sandwich Bay Estate in Kent. I performed three match attempts. The first two (at the interse",
  "agent_stats": {
    "position_calls": 1,
    "pdf_info": {
      "site_address": "Land at Sandwich Bay in the Parish of Worth, Dover, Kent",
      "postcodes": [],
      "grid_refs": [
        "TR 3556",
        "TR 3557",
        "TR 3558",
        "TR 3559",
        "TR 3656",
        "TR 3657",
        "TR 3658"
      ],
      "scale": "1:2500",
      "map_pages": [
        6
      ],
      "map_page_details": [
        {
          "page": 6,
          "category": "match",
          "area_group": 0,
          "boundary_clarity": "clear",
          "detail_level": "medium",
          "caption": "OS-based site plan showing red boundary and hatching at Sandwich Bay, Worth. Scale 1:2500."
        }
      ],
      "road_names": [
        "Princes Drive",
        "Waldershare Avenue",
        "Cambridge Avenue"
      ],
      "place_names": [
        "Sandwich Bay",
        "Sandwich Bay Estate",
        "Sandwich Bay/Pegwell Bay site of special scientific interest",
        "Sandwich Bay Bird Observatory",
        "Dickson's Corner"
      ],
      "is_district_wide": false,
      "district_name": "Dover District, Kent, UK",
      "house_number_road_pairs": [],
      "parish_names": [
        "Worth"
      ],
      "admin_region": "Dover",
      "likely_town_or_city": "Sandwich Bay",
      "visible_map_labels": [
        "Sandwich Bay Estate",
        "Waldershare Avenue",
        "Cambridge Avenue",
        "Dickson's Corner",
        "Sand and Mud",
        "The Elms",
        "Sandwich Bay"
      ],
      "adjacency_hints": [
        "Waldershare Avenue",
        "Cambridge Avenue",
        "Dickson's Corner",
        "Princes Drive"
      ]
    },
    "reader_request_tokens": 6622,
    "reader_response_tokens": 402,
    "outcome_status": "accepted",
    "outcome_reasoning": "The map is a 1:2500 OS-based site plan covering a large area of the Sandwich Bay Estate in Kent. I performed three match attempts. The first two (at the intersection of Waldershare/Cambridge Avenues and the general Estate center) yielded 18 and 21 inliers respectively. The third attempt, centered near Princes Drive, yielded 26 inliers (WEAK but the best available). All attempts showed perfect road name agreement (3/3 roads: Princes Drive, Waldershare Avenue, Cambridge Avenue) and excellent scale consistency (~0.96). The low inlier count is likely due to the large amount of hatching and the sparse coastal features. Given the consistent scale and road agreement across all attempts, I have committed the best match (candidate 2) to extract the boundary.",
    "rotation_checked": false,
    "tool_calls": {
      "propose_centers": 3,
      "match_at": 3,
      "commit_match": 1,
      "final_result": 1
    },
    "total_tool_calls": 8,
    "n_turns": 17,
    "validator_retries": 0,
    "worker_request_tokens": 42537,
    "worker_response_tokens": 626,
    "request_tokens": 49159,
    "response_tokens": 1028,
    "total_tokens": 50187,
    "critic": {
      "n_rejections": 0,
      "iterations": [
        {
          "iter_idx": 0,
          "action": "approve",
          "chosen_candidate_id": 2,
          "reasoning": "The committed candidate (2) shows excellent visual correspondence between the planning map and the OS tile. The diagonal railway line passing to the east of the site is perfectly aligned, and the irregular southern and eastern boundaries of the red polygon match the field boundaries and woodland edges shown on the OS map at z17. Scale consistency (0.96) and road name agreement (1.0) are both very strong.",
          "wall_s": 2.6,
          "llm_error": null
        }
      ],
      "tokens": {
        "request": 5183,
        "response": 114
      }
    }
  },
  "valid_ground_truth": true,
  "valid_prediction": true,
  "validation_error": null,
  "iou": 0.8508799090309219,
  "precision": 0.8738966663195404,
  "recall": 0.9699754485472646,
  "f1_score": 0.9194328652868502,
  "positioning_error_m": 9.073670679910588,
  "worker_first_iou": 0.8508799090309219,
  "worker_first_metrics": {
    "valid_ground_truth": true,
    "valid_prediction": true,
    "validation_error": null,
    "iou": 0.8508799090309219,
    "precision": 0.8738966663195404,
    "recall": 0.9699754485472646,
    "f1_score": 0.9194328652868502,
    "positioning_error_m": 9.073670679910588
  }
}