{
  "sl_no": 23,
  "match_info": {
    "center": "live_locate:place:Bergh Apton",
    "zoom": 16,
    "rotation": 0,
    "n_inliers": 21,
    "score": 7.25,
    "scale_factor": 0.875,
    "avg_scale": 1.0172,
    "window": [
      470,
      2115
    ],
    "center_latlon": [
      52.546496957616114,
      1.3850858733810867
    ],
    "anchor_latlon": [
      52.5605806819794,
      1.40195241344862
    ],
    "_inlier_pts_map": [
      [
        485.45,
        180.75
      ],
      [
        511.0,
        180.75
      ],
      [
        485.45,
        206.57142857142858
      ],
      [
        511.0,
        206.57142857142858
      ],
      [
        536.5500000000001,
        206.57142857142858
      ],
      [
        562.1,
        206.57142857142858
      ],
      [
        511.0,
        232.39285714285717
      ],
      [
        562.1,
        232.39285714285717
      ],
      [
        536.5500000000001,
        619.7142857142858
      ],
      [
        638.75,
        645.5357142857143
      ],
      [
        740.95,
        723.0
      ],
      [
        664.3000000000001,
        748.8214285714287
      ],
      [
        689.85,
        748.8214285714287
      ],
      [
        664.3000000000001,
        774.6428571428572
      ],
      [
        689.85,
        774.6428571428572
      ],
      [
        715.4,
        774.6428571428572
      ],
      [
        740.95,
        774.6428571428572
      ],
      [
        689.85,
        800.4642857142858
      ],
      [
        715.4,
        800.4642857142858
      ],
      [
        689.85,
        826.2857142857143
      ],
      [
        715.4,
        826.2857142857143
      ]
    ],
    "_rot_map_shape": [
      1446,
      2044
    ]
  },
  "processing_time": 512.0478918552399,
  "agent_accepted": true,
  "agent_reason": "[accepted] The document is an Article 4 Direction for South Norfolk District Council, covering various sites. Page 5 shows a site at Church Road, Bergh Apton (properties 7",
  "agent_stats": {
    "position_calls": 1,
    "pdf_info": {
      "site_address": "Various sites across South Norfolk District (Aldeby, Bergh Apton, Brooke, Chedgrave, Ditchingham, Gillingham, Hedenham, Loddon, Thurton, Wheatacre, Woodton)",
      "postcodes": [],
      "grid_refs": [],
      "scale": null,
      "map_pages": [
        5
      ],
      "map_page_details": [
        {
          "page": 1,
          "category": "discard",
          "area_group": -1,
          "boundary_clarity": "none",
          "detail_level": "wide",
          "caption": "Article 4 Direction text - South Norfolk District Council"
        },
        {
          "page": 2,
          "category": "discard",
          "area_group": -1,
          "boundary_clarity": "none",
          "detail_level": "wide",
          "caption": "Schedule 1 - Classes of development restricted"
        },
        {
          "page": 3,
          "category": "discard",
          "area_group": -1,
          "boundary_clarity": "none",
          "detail_level": "wide",
          "caption": "Schedule 2 - List of parishes, roads, and house numbers affected"
        },
        {
          "page": 4,
          "category": "discard",
          "area_group": -1,
          "boundary_clarity": "none",
          "detail_level": "wide",
          "caption": "Signature page - Secretary of State approval"
        },
        {
          "page": 5,
          "category": "match",
          "area_group": 0,
          "boundary_clarity": "clear",
          "detail_level": "close",
          "caption": "Map 1: Bergh Apton - Church Road (7-18) showing red boundary around properties"
        }
      ],
      "road_names": [
        "Church Road",
        "St Mary's Row",
        "Waveney Cottages",
        "Churchill Place",
        "Entrance Lane",
        "Hurst Road",
        "The Rise",
        "Hallow Hill Road",
        "Scudamore Place",
        "Thwaite Road",
        "Windmill Green",
        "Forge Grove",
        "Kenyon Row",
        "Smiths Knoll",
        "Princess Anne Terrace",
        "The Walks",
        "St Ethelberts Close",
        "Whiteways",
        "Everest Place",
        "Hilary Terrace",
        "Suckling Place",
        "Tensing Street",
        "Woodyard Square"
      ],
      "place_names": [],
      "is_district_wide": false,
      "district_name": null,
      "house_number_road_pairs": [],
      "parish_names": [],
      "admin_region": null,
      "likely_town_or_city": null,
      "visible_map_labels": [],
      "adjacency_hints": []
    },
    "outcome_status": "accepted",
    "outcome_reasoning": "The document is an Article 4 Direction for South Norfolk District Council, covering various sites. Page 5 shows a site at Church Road, Bergh Apton (properties 7-18). I used the Bergh Apton village centroid as an anchor. Although the RANSAC inliers were weak (21), the scale consistency was excellent (0.96), and it was the strongest match among the attempts. The boundary was successfully projected for the Bergh Apton site.",
    "rotation_checked": true,
    "tool_calls": {
      "submit_pdf_info": 1,
      "propose_centers": 4,
      "match_at": 3,
      "commit_match": 1,
      "final_result": 1
    },
    "total_tool_calls": 10,
    "n_turns": 21,
    "validator_retries": 0,
    "worker_request_tokens": 99479,
    "worker_response_tokens": 983,
    "request_tokens": 99479,
    "response_tokens": 983,
    "total_tokens": 100462
  },
  "valid_ground_truth": true,
  "valid_prediction": true,
  "validation_error": null,
  "iou": 0.0,
  "precision": 0.0,
  "recall": 0.0,
  "f1_score": 0.0,
  "positioning_error_m": 1493.752367759166
}