{
  "sl_no": 212,
  "match_info": {
    "center": "live_locate:intersect:Meadowcroft x Herons Way",
    "zoom": 18,
    "rotation": 0,
    "n_inliers": 250,
    "score": 108.59,
    "scale_factor": 0.73,
    "avg_scale": 1.1056,
    "window": [
      644,
      1127
    ],
    "center_latlon": [
      51.734776387437215,
      -0.3174342904176797
    ],
    "anchor_latlon": [
      51.7354,
      -0.3165
    ],
    "_inlier_pts_map": [
      [
        905.2499999999999,
        319.875
      ],
      [
        969.9107142857142,
        319.875
      ],
      [
        991.4642857142857,
        319.875
      ],
      [
        991.4642857142857,
        341.2
      ],
      [
        668.1607142857142,
        362.525
      ],
      [
        431.07142857142856,
        383.84999999999997
      ],
      [
        797.4821428571428,
        383.84999999999997
      ],
      [
        991.4642857142857,
        383.84999999999997
      ],
      [
        732.8214285714286,
        405.175
      ],
      [
        819.0357142857142,
        405.175
      ],
      [
        517.2857142857142,
        426.5
      ],
      [
        732.8214285714286,
        426.5
      ],
      [
        754.375,
        426.5
      ],
      [
        775.9285714285713,
        426.5
      ],
      [
        797.4821428571428,
        426.5
      ],
      [
        819.0357142857142,
        426.5
      ],
      [
        840.5892857142857,
        426.5
      ],
      [
        754.375,
        447.825
      ],
      [
        775.9285714285713,
        447.825
      ],
      [
        797.4821428571428,
        447.825
      ],
      [
        819.0357142857142,
        447.825
      ],
      [
        409.5178571428571,
        469.15
      ],
      [
        560.3928571428571,
        469.15
      ],
      [
        581.9464285714286,
        469.15
      ],
      [
        625.0535714285713,
        469.15
      ],
      [
        689.7142857142857,
        469.15
      ],
      [
        711.2678571428571,
        469.15
      ],
      [
        732.8214285714286,
        469.15
      ],
      [
        754.375,
        469.15
      ],
      [
        1077.6785714285713,
        469.15
      ],
      [
        409.5178571428571,
        490.47499999999997
      ],
      [
        431.07142857142856,
        490.47499999999997
      ],
      [
        538.8392857142857,
        490.47499999999997
      ],
      [
        560.3928571428571,
        490.47499999999997
      ],
      [
        711.2678571428571,
        490.47499999999997
      ],
      [
        840.5892857142857,
        490.47499999999997
      ],
      [
        1056.125,
        490.47499999999997
      ],
      [
        1077.6785714285713,
        490.47499999999997
      ],
      [
        387.96428571428567,
        511.79999999999995
      ],
      [
        409.5178571428571,
        511.79999999999995
      ],
      [
        431.07142857142856,
        511.79999999999995
      ],
      [
        452.62499999999994,
        511.79999999999995
      ],
      [
        495.73214285714283,
        511.79999999999995
      ],
      [
        538.8392857142857,
        511.79999999999995
      ],
      [
        560.3928571428571,
        511.79999999999995
      ],
      [
        581.9464285714286,
        511.79999999999995
      ],
      [
        711.2678571428571,
        511.79999999999995
      ],
      [
        732.8214285714286,
        511.79999999999995
      ],
      [
        819.0357142857142,
        511.79999999999995
      ],
      [
        840.5892857142857,
        511.79999999999995
      ],
      [
        387.96428571428567,
        533.125
      ],
      [
        409.5178571428571,
        533.125
      ],
      [
        431.07142857142856,
        533.125
      ],
      [
        452.62499999999994,
        533.125
      ],
      [
        775.9285714285713,
        533.125
      ],
      [
        387.96428571428567,
        554.4499999999999
      ],
      [
        409.5178571428571,
        554.4499999999999
      ],
      [
        431.07142857142856,
        554.4499999999999
      ],
      [
        452.62499999999994,
        554.4499999999999
      ],
      [
        775.9285714285713,
        554.4499999999999
      ],
      [
        797.4821428571428,
        554.4499999999999
      ],
      [
        387.96428571428567,
        575.775
      ],
      [
        409.5178571428571,
        575.775
      ],
      [
        431.07142857142856,
        575.775
      ],
      [
        452.62499999999994,
        575.775
      ],
      [
        474.1785714285714,
        575.775
      ],
      [
        775.9285714285713,
        575.775
      ],
      [
        797.4821428571428,
        575.775
      ],
      [
        819.0357142857142,
        575.775
      ],
      [
        1077.6785714285713,
        575.775
      ],
      [
        387.96428571428567,
        597.1
      ],
      [
        409.5178571428571,
        597.1
      ],
      [
        452.62499999999994,
        597.1
      ],
      [
        775.9285714285713,
        597.1
      ],
      [
        797.4821428571428,
        597.1
      ],
      [
        431.07142857142856,
        618.425
      ],
      [
        452.62499999999994,
        618.425
      ],
      [
        474.1785714285714,
        618.425
      ],
      [
        948.3571428571428,
        618.425
      ],
      [
        387.96428571428567,
        639.75
      ],
      [
        409.5178571428571,
        639.75
      ],
      [
        431.07142857142856,
        639.75
      ],
      [
        452.62499999999994,
        639.75
      ],
      [
        387.96428571428567,
        661.0749999999999
      ],
      [
        409.5178571428571,
        661.0749999999999
      ],
      [
        431.07142857142856,
        661.0749999999999
      ],
      [
        452.62499999999994,
        661.0749999999999
      ],
      [
        517.2857142857142,
        661.0749999999999
      ],
      [
        409.5178571428571,
        682.4
      ],
      [
        452.62499999999994,
        682.4
      ],
      [
        474.1785714285714,
        682.4
      ],
      [
        517.2857142857142,
        682.4
      ],
      [
        538.8392857142857,
        682.4
      ],
      [
        560.3928571428571,
        682.4
      ],
      [
        387.96428571428567,
        703.725
      ],
      [
        409.5178571428571,
        703.725
      ],
      [
        431.07142857142856,
        703.725
      ],
      [
        452.62499999999994,
        703.725
      ],
      [
        474.1785714285714,
        703.725
      ],
      [
        517.2857142857142,
        703.725
      ],
      [
        538.8392857142857,
        703.725
      ],
      [
        560.3928571428571,
        703.725
      ],
      [
        387.96428571428567,
        725.05
      ],
      [
        409.5178571428571,
        725.05
      ],
      [
        431.07142857142856,
        725.05
      ],
      [
        452.62499999999994,
        725.05
      ],
      [
        474.1785714285714,
        725.05
      ],
      [
        517.2857142857142,
        725.05
      ],
      [
        538.8392857142857,
        725.05
      ],
      [
        560.3928571428571,
        725.05
      ],
      [
        581.9464285714286,
        725.05
      ],
      [
        689.7142857142857,
        725.05
      ],
      [
        409.5178571428571,
        746.375
      ],
      [
        431.07142857142856,
        746.375
      ],
      [
        452.62499999999994,
        746.375
      ],
      [
        474.1785714285714,
        746.375
      ],
      [
        538.8392857142857,
        746.375
      ],
      [
        560.3928571428571,
        746.375
      ],
      [
        581.9464285714286,
        746.375
      ],
      [
        819.0357142857142,
        746.375
      ],
      [
        409.5178571428571,
