{
  "sl_no": 173,
  "match_info": {
    "center": "live_locate:intersect:Collinge Fold Lane x Alexandri",
    "zoom": 18,
    "rotation": 0,
    "n_inliers": 240,
    "score": 102.92,
    "scale_factor": 0.449,
    "avg_scale": 0.9941,
    "window": [
      820,
      656
    ],
    "center_latlon": [
      53.70945290293195,
      -2.291408510271964
    ],
    "anchor_latlon": [
      53.7087307009602,
      -2.29115387349506
    ],
    "_inlier_pts_map": [
      [
        722.8421052631579,
        186.20000000000002
      ],
      [
        615.7543859649123,
        279.3
      ],
      [
        629.140350877193,
        279.3
      ],
      [
        642.5263157894738,
        279.3
      ],
      [
        481.89473684210526,
        292.6
      ],
      [
        629.140350877193,
        292.6
      ],
      [
        642.5263157894738,
        292.6
      ],
      [
        669.2982456140351,
        292.6
      ],
      [
        642.5263157894738,
        305.90000000000003
      ],
      [
        655.9122807017544,
        305.90000000000003
      ],
      [
        669.2982456140351,
        305.90000000000003
      ],
      [
        642.5263157894738,
        319.20000000000005
      ],
      [
        655.9122807017544,
        319.20000000000005
      ],
      [
        669.2982456140351,
        319.20000000000005
      ],
      [
        642.5263157894738,
        332.5
      ],
      [
        655.9122807017544,
        332.5
      ],
      [
        669.2982456140351,
        332.5
      ],
      [
        655.9122807017544,
        345.8
      ],
      [
        414.96491228070175,
        372.40000000000003
      ],
      [
        388.1929824561404,
        385.70000000000005
      ],
      [
        428.35087719298247,
        385.70000000000005
      ],
      [
        441.7368421052632,
        385.70000000000005
      ],
      [
        655.9122807017544,
        385.70000000000005
      ],
      [
        669.2982456140351,
        385.70000000000005
      ],
      [
        682.6842105263158,
        385.70000000000005
      ],
      [
        374.8070175438597,
        399.0
      ],
      [
        388.1929824561404,
        399.0
      ],
      [
        428.35087719298247,
        399.0
      ],
      [
        441.7368421052632,
        399.0
      ],
      [
        642.5263157894738,
        399.0
      ],
      [
        655.9122807017544,
        399.0
      ],
      [
        669.2982456140351,
        399.0
      ],
      [
        682.6842105263158,
        399.0
      ],
      [
        294.49122807017545,
        412.3
      ],
      [
        307.87719298245617,
        412.3
      ],
      [
        334.64912280701753,
        412.3
      ],
      [
        348.03508771929825,
        412.3
      ],
      [
        374.8070175438597,
        412.3
      ],
      [
        388.1929824561404,
        412.3
      ],
      [
        441.7368421052632,
        412.3
      ],
      [
        455.1228070175439,
        412.3
      ],
      [
        669.2982456140351,
        412.3
      ],
      [
        682.6842105263158,
        412.3
      ],
      [
        696.0701754385965,
        412.3
      ],
      [
        294.49122807017545,
        425.6
      ],
      [
        307.87719298245617,
        425.6
      ],
      [
        321.2631578947369,
        425.6
      ],
      [
        334.64912280701753,
        425.6
      ],
      [
        348.03508771929825,
        425.6
      ],
      [
        374.8070175438597,
        425.6
      ],
      [
        388.1929824561404,
        425.6
      ],
      [
        401.57894736842104,
        425.6
      ],
      [
        655.9122807017544,
        425.6
      ],
      [
        669.2982456140351,
        425.6
      ],
      [
        682.6842105263158,
        425.6
      ],
      [
        696.0701754385965,
        425.6
      ],
      [
        281.10526315789474,
        438.90000000000003
      ],
      [
        294.49122807017545,
        438.90000000000003
      ],
      [
        307.87719298245617,
        438.90000000000003
      ],
      [
        321.2631578947369,
        438.90000000000003
      ],
      [
        334.64912280701753,
        438.90000000000003
      ],
      [
        348.03508771929825,
        438.90000000000003
      ],
      [
        642.5263157894738,
        438.90000000000003
      ],
      [
        655.9122807017544,
        438.90000000000003
      ],
      [
        669.2982456140351,
        438.90000000000003
      ],
      [
        682.6842105263158,
        438.90000000000003
      ],
      [
        696.0701754385965,
        438.90000000000003
      ],
      [
        294.49122807017545,
        452.20000000000005
      ],
      [
        307.87719298245617,
        452.20000000000005
      ],
      [
        321.2631578947369,
        452.20000000000005
      ],
      [
        334.64912280701753,
        452.20000000000005
      ],
      [
        401.57894736842104,
        452.20000000000005
      ],
      [
        642.5263157894738,
        452.20000000000005
      ],
      [
        655.9122807017544,
        452.20000000000005
      ],
      [
        669.2982456140351,
        452.20000000000005
      ],
      [
        682.6842105263158,
        452.20000000000005
      ],
      [
        696.0701754385965,
        452.20000000000005
      ],
      [
        388.1929824561404,
        465.5
      ],
      [
        401.57894736842104,
        465.5
      ],
      [
        642.5263157894738,
        465.5
      ],
      [
        655.9122807017544,
        465.5
      ],
      [
        669.2982456140351,
        465.5
      ],
      [
        682.6842105263158,
        465.5
      ],
      [
        696.0701754385965,
        465.5
      ],
      [
        669.2982456140351,
        478.8
      ],
      [
        682.6842105263158,
        478.8
      ],
      [
        696.0701754385965,
        478.8
      ],
      [
        401.57894736842104,
        492.1
      ],
      [
        414.96491228070175,
        492.1
      ],
      [
        401.57894736842104,
        505.40000000000003
      ],
      [
        414.96491228070175,
        505.40000000000003
      ],
      [
        696.0701754385965,
        571.9
      ],
      [
        629.140350877193,
        598.5
      ],
      [
        696.0701754385965,
        598.5
      ],
      [
        522.0526315789474,
        611.8000000000001
      ],
      [
        642.5263157894738,
        611.8000000000001
      ],
      [
        669.2982456140351,
        611.8000000000001
      ],
      [
        682.6842105263158,
        611.8000000000001
      ],
      [
        696.0701754385965,
        611.8000000000001
      ],
      [
        709.4561403508773,
        611.8000000000001
      ],
      [
        535.438596491228,
        625.1
      ],
      [
        548.8245614035088,
        625.1
      ],
      [
        562.2105263157895,
        625.1
      ],
      [
        615.7543859649123,
        625.1
      ],
      [
        629.140350877193,
        625.1
      ],
      [
        655.9122807017544,
        625.1
      ],
      [
        669.2982456140351,
        625.1
      ],
      [
        682.6842105263158,
        625.1
      ],
      [
        696.0701754385965,
        625.1
      ],
      [
        709.4561403508773,
        625.1
      ],
      [
        722.8421052631579,
        625.1
      ],
      [
        522.0526315789474,
        638.4000000000001
      ],
      [
        535.438596491228,
        638.4000000000001
      ],
      [
        548.8245614035088,
        638.4000000000001
      ],
      [
        562.2105263157895,
        638.4000000000001
      ],
      [
        602.3684210526316,
        638.4000000000001
      ],
      [
        615.7543859649123,
        638.4000000000001
      ],
      [
        629.140350877193,
        638.4000000000001
      ],
      [
        655.9122807017544,
