{
  "sl_no": 86,
  "match_info": {
    "center": "live_locate:postcode:CT4 6RX",
    "zoom": 17,
    "rotation": 0,
    "n_inliers": 37,
    "score": 13.22,
    "scale_factor": 0.424,
    "avg_scale": 1.0004,
    "window": [
      936,
      234
    ],
    "center_latlon": [
      51.176384086349586,
      1.2068928219823647
    ],
    "anchor_latlon": [
      51.1765985978837,
      1.19084878198434
    ],
    "_inlier_pts_map": [
      [
        526.3125,
        212.3571428571429
      ],
      [
        561.4,
        212.3571428571429
      ],
      [
        596.4875,
        212.3571428571429
      ],
      [
        561.4,
        247.75000000000003
      ],
      [
        526.3125,
        318.53571428571433
      ],
      [
        561.4,
        318.53571428571433
      ],
      [
        596.4875,
        318.53571428571433
      ],
      [
        561.4,
        353.92857142857144
      ],
      [
        421.04999999999995,
        849.4285714285716
      ],
      [
        350.875,
        884.8214285714287
      ],
      [
        385.9625,
        884.8214285714287
      ],
      [
        421.04999999999995,
        884.8214285714287
      ],
      [
        456.1375,
        884.8214285714287
      ],
      [
        491.22499999999997,
        884.8214285714287
      ],
      [
        421.04999999999995,
        1097.1785714285716
      ],
      [
        421.04999999999995,
        1132.5714285714287
      ],
      [
        982.4499999999999,
        1167.9642857142858
      ],
      [
        1403.5,
        1167.9642857142858
      ],
      [
        1438.5874999999999,
        1167.9642857142858
      ],
      [
        1473.675,
        1167.9642857142858
      ],
      [
        1614.0249999999999,
        1167.9642857142858
      ],
      [
        421.04999999999995,
        1203.357142857143
      ],
      [
        456.1375,
        1203.357142857143
      ],
      [
        596.4875,
        1203.357142857143
      ],
      [
        631.5749999999999,
        1203.357142857143
      ],
      [
        666.6625,
        1203.357142857143
      ],
      [
        1438.5874999999999,
        1203.357142857143
      ],
      [
        596.4875,
        1238.75
      ],
      [
        631.5749999999999,
        1238.75
      ],
      [
        666.6625,
        1238.75
      ],
      [
        701.75,
        1238.75
      ],
      [
        456.1375,
        1274.1428571428573
      ],
      [
        491.22499999999997,
        1274.1428571428573
      ],
      [
        526.3125,
        1274.1428571428573
      ],
      [
        456.1375,
        1309.5357142857144
      ],
      [
        526.3125,
        1309.5357142857144
      ],
      [
        561.4,
        1309.5357142857144
      ]
    ],
    "_rot_map_shape": [
      1982,
      2807
    ]
  },
  "processing_time": 191.34750318527222,
  "agent_accepted": true,
  "agent_reason": "[accepted] The site was located at Lydden Hill Race Circuit. Three attempts were made: the first two (postcode CT16 3PJ and place Lydden Hill) yielded very low inliers (11",
  "agent_stats": {
    "position_calls": 1,
    "pdf_info": {
      "site_address": "Land adjacent Lydden Circuit, Denton with Wootton, Kent",
      "postcodes": [
        "CT16 3PJ"
      ],
      "grid_refs": [
        "TR2346-47",
        "TR2446-47"
      ],
      "scale": "1:2500",
      "map_pages": [
        3
      ],
      "map_page_details": [
        {
          "page": 3,
          "category": "match",
          "area_group": 0,
          "boundary_clarity": "clear",
          "detail_level": "medium",
          "caption": "Site plan showing land adjacent to Lydden Circuit and the A2 highway, edged in black/red."
        }
      ],
      "road_names": [
        "A2 Highway",
        "Honeywood Road"
      ],
      "place_names": [
        "Lydden Circuit",
        "Denton with Wootton",
        "Fox Gate Farm",
        "Park Corner"
      ],
      "is_district_wide": false,
      "district_name": null,
      "house_number_road_pairs": [],
      "parish_names": [
        "Denton with Wootton"
      ],
      "admin_region": "Dover",
      "likely_town_or_city": "Denton with Wootton",
      "visible_map_labels": [
        "Lydden Circuit (Motor Racing)",
        "A2",
        "Fox Gate Farm",
        "Park Corner"
      ],
      "adjacency_hints": [
        "Lydden Circuit",
        "A2 Highway"
      ]
    },
    "reader_request_tokens": 5012,
    "reader_response_tokens": 304,
    "outcome_status": "accepted",
    "outcome_reasoning": "The site was located at Lydden Hill Race Circuit. Three attempts were made: the first two (postcode CT16 3PJ and place Lydden Hill) yielded very low inliers (11-13). The third attempt using the circuit's specific postcode (CT4 6RX) provided a significantly stronger match with 37 inliers and near-perfect scale consistency (0.999). Although road name agreement was low (likely due to the A2 being a major trunk road and the other road being a minor track/access road), the visual features of the race circuit and surrounding field boundaries provided a reliable match.",
    "rotation_checked": false,
    "tool_calls": {
      "propose_centers": 3,
      "match_at": 3,
      "commit_match": 1,
      "final_result": 1
    },
    "total_tool_calls": 8,
    "n_turns": 17,
    "validator_retries": 0,
    "worker_request_tokens": 42394,
    "worker_response_tokens": 635,
    "request_tokens": 47406,
    "response_tokens": 939,
    "total_tokens": 48345,
    "critic": {
      "n_rejections": 0,
      "iterations": [
        {
          "iter_idx": 0,
          "action": "approve",
          "chosen_candidate_id": 2,
          "reasoning": "Candidate 2 shows the best alignment, with 37 inliers and a scale consistency of 1.0. The projected red boundary on the OS tile correctly matches the rural field boundaries and building clusters visible in the lower right and upper left of the site on the planning map.",
          "wall_s": 4.4,
          "llm_error": null
        }
      ],
      "tokens": {
        "request": 5225,
        "response": 87
      }
    }
  },
  "valid_ground_truth": true,
  "valid_prediction": true,
  "validation_error": null,
  "iou": 0.7638375752274538,
  "precision": 0.7686292054304283,
  "recall": 0.9919046557510747,
  "f1_score": 0.8661087460152979,
  "positioning_error_m": 126.11021463149905,
  "worker_first_iou": 0.7638375752274538,
  "worker_first_metrics": {
    "valid_ground_truth": true,
    "valid_prediction": true,
    "validation_error": null,
    "iou": 0.7638375752274538,
    "precision": 0.7686292054304283,
    "recall": 0.9919046557510747,
    "f1_score": 0.8661087460152979,
    "positioning_error_m": 126.11021463149905
  }
}