{
  "sl_no": 248,
  "match_info": {
    "center": "live_locate:place:St Margaret's at Cliffe",
    "zoom": 15,
    "rotation": 0,
    "n_inliers": 53,
    "score": 19.7,
    "scale_factor": 0.448,
    "avg_scale": 1.0092,
    "window": [
      774,
      774
    ],
    "center_latlon": [
      51.14727203951168,
      1.3773135263486722
    ],
    "anchor_latlon": [
      51.1542230313134,
      1.37139805355835
    ],
    "_inlier_pts_map": [
      [
        560.3571428571428,
        148.0
      ],
      [
        560.3571428571428,
        166.5
      ],
      [
        597.7142857142857,
        166.5
      ],
      [
        597.7142857142857,
        185.0
      ],
      [
        616.3928571428571,
        185.0
      ],
      [
        597.7142857142857,
        203.5
      ],
      [
        242.82142857142856,
        333.0
      ],
      [
        261.5,
        333.0
      ],
      [
        728.4642857142857,
        333.0
      ],
      [
        298.85714285714283,
        351.5
      ],
      [
        448.2857142857142,
        351.5
      ],
      [
        466.96428571428567,
        351.5
      ],
      [
        485.6428571428571,
        351.5
      ],
      [
        728.4642857142857,
        351.5
      ],
      [
        298.85714285714283,
        370.0
      ],
      [
        466.96428571428567,
        370.0
      ],
      [
        485.6428571428571,
        370.0
      ],
      [
        597.7142857142857,
        370.0
      ],
      [
        709.7857142857142,
        370.0
      ],
      [
        728.4642857142857,
        370.0
      ],
      [
        261.5,
        388.5
      ],
      [
        298.85714285714283,
        388.5
      ],
      [
        466.96428571428567,
        388.5
      ],
      [
        485.6428571428571,
        388.5
      ],
      [
        504.32142857142856,
        388.5
      ],
      [
        709.7857142857142,
        388.5
      ],
      [
        728.4642857142857,
        388.5
      ],
      [
        448.2857142857142,
        407.0
      ],
      [
        709.7857142857142,
        407.0
      ],
      [
        280.1785714285714,
        425.5
      ],
      [
        448.2857142857142,
        425.5
      ],
      [
        261.5,
        444.0
      ],
      [
        280.1785714285714,
        444.0
      ],
      [
        410.9285714285714,
        444.0
      ],
      [
        672.4285714285713,
        444.0
      ],
      [
        672.4285714285713,
        462.5
      ],
      [
        392.24999999999994,
        499.5
      ],
      [
        392.24999999999994,
        518.0
      ],
      [
        392.24999999999994,
        536.5
      ],
      [
        373.57142857142856,
        555.0
      ],
      [
        429.60714285714283,
        555.0
      ],
      [
        354.8928571428571,
        573.5
      ],
      [
        373.57142857142856,
        573.5
      ],
      [
        448.2857142857142,
        573.5
      ],
      [
        448.2857142857142,
        592.0
      ],
      [
        392.24999999999994,
        610.5
      ],
      [
        429.60714285714283,
        610.5
      ],
      [
        410.9285714285714,
        629.0
      ],
      [
        429.60714285714283,
        629.0
      ],
      [
        261.5,
        740.0
      ],
      [
        280.1785714285714,
        740.0
      ],
      [
        709.7857142857142,
        740.0
      ],
      [
        373.57142857142856,
        758.5
      ]
    ],
    "_rot_map_shape": [
      1480,
      1046
    ]
  },
  "processing_time": 179.84005188941956,
  "agent_accepted": true,
  "agent_reason": "[accepted] The site was located at Droveway Gardens in St Margaret's at Cliffe. Two candidates were tested: the village centroid (53 inliers) and 'The Droveway' (38 inlier",
  "agent_stats": {
    "position_calls": 1,
    "pdf_info": {
      "site_address": "Land at Droveway Gardens, St. Margaret\\'s-at-Cliffe, Dover, Kent",
      "postcodes": [],
      "grid_refs": [
        "TR 34 SE",
        "TR 34 SW"
      ],
      "scale": "1:10560",
      "map_pages": [
        3
      ],
      "map_page_details": [
        {
          "page": 3,
          "category": "match",
          "area_group": 0,
          "boundary_clarity": "clear",
          "detail_level": "medium",
          "caption": "Site plan showing land at Droveway Gardens, St Margarets at Cliffe, coloured pink."
        }
      ],
      "road_names": [
        "Droveway Gardens",
        "Bay Hill",
        "Kingsdown Road",
        "Dover Road"
      ],
      "place_names": [
        "Droveway Gardens",
        "St Margaret\\'s at Cliffe",
        "Bockell Hill",
        "St Margaret\\'s Bay",
        "Signal Station",
        "Bockell",
        "St Margaret\\'s Free Down",
        "Bay Hill"
      ],
      "is_district_wide": false,
      "district_name": null,
      "house_number_road_pairs": [],
      "parish_names": [
        "St. Margaret\\'s-at-Cliffe"
      ],
      "admin_region": "Dover",
      "likely_town_or_city": "St. Margaret\\'s at Cliffe",
      "visible_map_labels": [
        "ST MARGARET\\'S AT CLIFFE",
        "Bockell Hill",
        "St Margaret\\'s Bay",
        "Signal Station",
        "Bockell",
        "St Margaret\\'s Free Down",
        "Bay Hill",
        "Kingsdown Road",
        "Dover Road"
      ],
      "adjacency_hints": [
        "Droveway Gardens"
      ]
    },
    "reader_request_tokens": 5028,
    "reader_response_tokens": 385,
    "outcome_status": "accepted",
    "outcome_reasoning": "The site was located at Droveway Gardens in St Margaret's at Cliffe. Two candidates were tested: the village centroid (53 inliers) and 'The Droveway' (38 inliers). Both showed excellent scale consistency (~0.99) and perfect road name agreement (1.0), confirming the location. I committed the first candidate as it provided the highest inlier count. The boundary is clearly marked on page 3.",
    "rotation_checked": false,
    "tool_calls": {
      "propose_centers": 2,
      "match_at": 2,
      "commit_match": 1,
      "final_result": 1
    },
    "total_tool_calls": 6,
    "n_turns": 13,
    "validator_retries": 0,
    "worker_request_tokens": 33743,
    "worker_response_tokens": 406,
    "request_tokens": 38771,
    "response_tokens": 791,
    "total_tokens": 39562,
    "critic": {
      "n_rejections": 0,
      "iterations": [
        {
          "iter_idx": 0,
          "action": "approve",
          "chosen_candidate_id": 0,
          "reasoning": "Candidate 0 shows strong alignment with a road name agreement of 1.0. The green mask on the planning map perfectly matches the red polygon's location relative to the settlement pattern of St Margaret's at Cliffe and the coastal cliff line visible on the right of the OS tile.",
          "wall_s": 2.7,
          "llm_error": null
        }
      ],
      "tokens": {
        "request": 4082,
        "response": 89
      }
    }
  },
  "valid_ground_truth": true,
  "valid_prediction": true,
  "validation_error": null,
  "iou": 0.8665434188230936,
  "precision": 0.9199862368046592,
  "recall": 0.937174201606117,
  "f1_score": 0.9285006821530403,
  "positioning_error_m": 5.252242415259462,
  "worker_first_iou": 0.8665434188230936,
  "worker_first_metrics": {
    "valid_ground_truth": true,
    "valid_prediction": true,
    "validation_error": null,
    "iou": 0.8665434188230936,
    "precision": 0.9199862368046592,
    "recall": 0.937174201606117,
    "f1_score": 0.9285006821530403,
    "positioning_error_m": 5.252242415259462
  }
}