{
  "sl_no": 113,
  "match_info": {
    "center": "live_locate:intersect:Main Street x Orchard Road",
    "zoom": 18,
    "rotation": 0,
    "n_inliers": 95,
    "score": 35.72,
    "scale_factor": 0.745,
    "avg_scale": 0.6559,
    "window": [
      948,
      474
    ],
    "center_latlon": [
      52.632466020448675,
      -0.4057902291979758
    ],
    "anchor_latlon": [
      52.63202,
      -0.40626
    ],
    "_inlier_pts_map": [
      [
        528.4285714285714,
        174.1
      ],
      [
        572.4642857142857,
        174.1
      ],
      [
        594.4821428571429,
        174.1
      ],
      [
        572.4642857142857,
        195.86249999999998
      ],
      [
        220.17857142857142,
        239.3875
      ],
      [
        198.16071428571428,
        261.15
      ],
      [
        220.17857142857142,
        261.15
      ],
      [
        286.23214285714283,
        261.15
      ],
      [
        946.7678571428571,
        261.15
      ],
      [
        968.7857142857142,
        261.15
      ],
      [
        1012.8214285714286,
        261.15
      ],
      [
        946.7678571428571,
        282.91249999999997
      ],
      [
        968.7857142857142,
        282.91249999999997
      ],
      [
        1012.8214285714286,
        282.91249999999997
      ],
      [
        1034.8392857142858,
        282.91249999999997
      ],
      [
        1012.8214285714286,
        304.675
      ],
      [
        1056.857142857143,
        304.675
      ],
      [
        572.4642857142857,
        326.4375
      ],
      [
        946.7678571428571,
        326.4375
      ],
      [
        968.7857142857142,
        326.4375
      ],
      [
        1078.875,
        326.4375
      ],
      [
        946.7678571428571,
        348.2
      ],
      [
        1034.8392857142858,
        348.2
      ],
      [
        1078.875,
        348.2
      ],
      [
        1100.892857142857,
        348.2
      ],
      [
        1078.875,
        369.9625
      ],
      [
        638.5178571428571,
        435.25
      ],
      [
        946.7678571428571,
        457.0125
      ],
      [
        880.7142857142857,
        478.775
      ],
      [
        946.7678571428571,
        478.775
      ],
      [
        1012.8214285714286,
        478.775
      ],
      [
        1034.8392857142858,
        478.775
      ],
      [
        814.6607142857142,
        522.3
      ],
      [
        836.6785714285714,
        522.3
      ],
      [
        880.7142857142857,
        522.3
      ],
      [
        946.7678571428571,
        522.3
      ],
      [
        858.6964285714286,
        544.0625
      ],
      [
        880.7142857142857,
        544.0625
      ],
      [
        946.7678571428571,
        544.0625
      ],
      [
        1012.8214285714286,
        544.0625
      ],
      [
        814.6607142857142,
        587.5875
      ],
      [
        880.7142857142857,
        587.5875
      ],
      [
        902.7321428571429,
        587.5875
      ],
      [
        946.7678571428571,
        587.5875
      ],
      [
        814.6607142857142,
        609.35
      ],
      [
        880.7142857142857,
        609.35
      ],
      [
        924.75,
        631.1125
      ],
      [
        858.6964285714286,
        652.875
      ],
      [
        924.75,
        652.875
      ],
      [
        946.7678571428571,
        652.875
      ],
      [
        968.7857142857142,
        652.875
      ],
      [
        858.6964285714286,
        718.1625
      ],
      [
        748.6071428571429,
        761.6875
      ],
      [
        770.625,
        761.6875
      ],
      [
        726.5892857142857,
        783.4499999999999
      ],
      [
        748.6071428571429,
        783.4499999999999
      ],
      [
        770.625,
        783.4499999999999
      ],
      [
        792.6428571428571,
        783.4499999999999
      ],
      [
        858.6964285714286,
        783.4499999999999
      ],
      [
        880.7142857142857,
        783.4499999999999
      ],
      [
        748.6071428571429,
        805.2125
      ],
      [
        770.625,
        805.2125
      ],
      [
        550.4464285714286,
        892.2624999999999
      ],
      [
        572.4642857142857,
        892.2624999999999
      ],
      [
        550.4464285714286,
        914.025
      ],
      [
        572.4642857142857,
        914.025
      ],
      [
        572.4642857142857,
        935.7875
      ],
      [
        528.4285714285714,
        957.55
      ],
      [
        550.4464285714286,
        957.55
      ],
      [
        550.4464285714286,
        979.3125
      ],
      [
        572.4642857142857,
        979.3125
      ],
      [
        858.6964285714286,
        1044.6
      ],
      [
        352.2857142857143,
        1066.3625
      ],
      [
        374.30357142857144,
        1066.3625
      ],
      [
        836.6785714285714,
        1088.125
      ],
      [
        308.25,
        1109.8875
      ],
      [
        352.2857142857143,
        1109.8875
      ],
      [
        286.23214285714283,
        1131.6499999999999
      ],
      [
        374.30357142857144,
        1131.6499999999999
      ],
      [
        484.3928571428571,
        1131.6499999999999
      ],
      [
        506.4107142857143,
        1131.6499999999999
      ],
      [
        286.23214285714283,
        1175.175
      ],
      [
        308.25,
        1175.175
      ],
      [
        176.14285714285714,
        1196.9375
      ],
      [
        220.17857142857142,
        1196.9375
      ],
      [
        242.19642857142856,
        1196.9375
      ],
      [
        198.16071428571428,
        1218.7
      ],
      [
        220.17857142857142,
        1218.7
      ],
      [
        242.19642857142856,
        1218.7
      ],
      [
        660.5357142857142,
        1349.2749999999999
      ],
      [
        726.5892857142857,
        1349.2749999999999
      ],
      [
        770.625,
        1349.2749999999999
      ],
      [
        792.6428571428571,
        1349.2749999999999
      ],
      [
        704.5714285714286,
        1371.0375
      ],
      [
        726.5892857142857,
        1371.0375
      ]
    ],
    "_rot_map_shape": [
      1741,
      1233
    ]
  },
  "processing_time": 216.37276315689087,
  "agent_accepted": true,
  "agent_reason": "[accepted] The site was located at Garthside, Main Street, Barnack. Two match attempts were made. Both yielded 95 inliers (OK tier) and perfect road name agreement (Main S",
  "agent_stats": {
    "position_calls": 1,
    "pdf_info": {
      "site_address": "Garthside, Main Street, Barnack, Peterborough PE9 3DN",
      "postcodes": [
        "PE9 3DN"
      ],
      "grid_refs": [],
      "scale": "NTS",
      "map_pages": [
        2
      ],
      "map_page_details": [
        {
          "page": 2,
          "category": "match",
          "area_group": 0,
          "boundary_clarity": "clear",
          "detail_level": "close",
          "caption": "Location Plan showing red boundary around Garthside, Main Street, Barnack"
        }
      ],
      "road_names": [
        "Main Street",
        "Orchard Road"
      ],
      "place_names": [
        "Barnack Conservation Area",
        "Garthside",
        "Barnack Methodist Church",
        "John the Baptist's Church",
        "Manor House",
        "Rose Cott",
        "Bramley House",
        "Orchard Cottage",
        "Cedar Ho",
        "Tower House",
        "Chapel Cottage",
        "Darnell's Cott",
        "Steeple Cott",
        "Willoughby Ho",
        "Aberfoyle",
        "Aberfeldy"
      ],
      "is_district_wide": false,
      "district_name": null,
      "house_number_road_pairs": [],
      "parish_names": [
        "Barnack"
      ],
      "admin_region": "Peterborough",
      "likely_town_or_city": "Barnack",