{
  "sl_no": 134,
  "match_info": {
    "center": "live_locate:place:Chandos Road",
    "zoom": 16,
    "rotation": 0,
    "n_inliers": 160,
    "score": 70.82,
    "scale_factor": 0.853,
    "avg_scale": 0.8137,
    "window": [
      1316,
      1128
    ],
    "center_latlon": [
      51.46835771806911,
      -2.6004431872268015
    ],
    "anchor_latlon": [
      51.4678102970417,
      -2.60588205565412
    ],
    "_inlier_pts_map": [
      [
        277.1607142857143,
        124.75
      ],
      [
        201.57142857142858,
        174.65
      ],
      [
        226.76785714285717,
        174.65
      ],
      [
        201.57142857142858,
        199.6
      ],
      [
        226.76785714285717,
        199.6
      ],
      [
        251.96428571428572,
        199.6
      ],
      [
        629.9107142857143,
        199.6
      ],
      [
        655.1071428571429,
        199.6
      ],
      [
        176.375,
        224.54999999999998
      ],
      [
        201.57142857142858,
        224.54999999999998
      ],
      [
        226.76785714285717,
        224.54999999999998
      ],
      [
        251.96428571428572,
        224.54999999999998
      ],
      [
        604.7142857142858,
        224.54999999999998
      ],
      [
        629.9107142857143,
        224.54999999999998
      ],
      [
        655.1071428571429,
        224.54999999999998
      ],
      [
        755.8928571428572,
        224.54999999999998
      ],
      [
        176.375,
        249.5
      ],
      [
        201.57142857142858,
        249.5
      ],
      [
        226.76785714285717,
        249.5
      ],
      [
        251.96428571428572,
        249.5
      ],
      [
        277.1607142857143,
        249.5
      ],
      [
        352.75,
        249.5
      ],
      [
        655.1071428571429,
        249.5
      ],
      [
        705.5,
        249.5
      ],
      [
        755.8928571428572,
        249.5
      ],
      [
        226.76785714285717,
        274.45
      ],
      [
        251.96428571428572,
        274.45
      ],
      [
        277.1607142857143,
        274.45
      ],
      [
        730.6964285714287,
        274.45
      ],
      [
        680.3035714285714,
        299.4
      ],
      [
        226.76785714285717,
        324.34999999999997
      ],
      [
        251.96428571428572,
        324.34999999999997
      ],
      [
        277.1607142857143,
        324.34999999999997
      ],
      [
        302.3571428571429,
        324.34999999999997
      ],
      [
        352.75,
        324.34999999999997
      ],
      [
        655.1071428571429,
        324.34999999999997
      ],
      [
        680.3035714285714,
        324.34999999999997
      ],
      [
        806.2857142857143,
        324.34999999999997
      ],
      [
        176.375,
        349.3
      ],
      [
        201.57142857142858,
        349.3
      ],
      [
        226.76785714285717,
        349.3
      ],
      [
        251.96428571428572,
        349.3
      ],
      [
        277.1607142857143,
        349.3
      ],
      [
        302.3571428571429,
        349.3
      ],
      [
        352.75,
        349.3
      ],
      [
        503.92857142857144,
        349.3
      ],
      [
        529.125,
        349.3
      ],
      [
        554.3214285714286,
        349.3
      ],
      [
        655.1071428571429,
        349.3
      ],
      [
        151.17857142857144,
        374.25
      ],
      [
        176.375,
        374.25
      ],
      [
        201.57142857142858,
        374.25
      ],
      [
        226.76785714285717,
        374.25
      ],
      [
        251.96428571428572,
        374.25
      ],
      [
        277.1607142857143,
        374.25
      ],
      [
        302.3571428571429,
        374.25
      ],
      [
        478.7321428571429,
        374.25
      ],
      [
        503.92857142857144,
        374.25
      ],
      [
        554.3214285714286,
        374.25
      ],
      [
        655.1071428571429,
        374.25
      ],
      [
        1007.8571428571429,
        374.25
      ],
      [
        1033.0535714285716,
        374.25
      ],
      [
        251.96428571428572,
        399.2
      ],
      [
        277.1607142857143,
        399.2
      ],
      [
        503.92857142857144,
        399.2
      ],
      [
        1007.8571428571429,
        399.2
      ],
      [
        982.6607142857143,
        424.15
      ],
      [
        680.3035714285714,
        449.09999999999997
      ],
      [
        881.875,
        449.09999999999997
      ],
      [
        907.0714285714287,
        449.09999999999997
      ],
      [
        680.3035714285714,
        474.05
      ],
      [
        403.14285714285717,
        499.0
      ],
      [
        907.0714285714287,
        499.0
      ],
      [
        881.875,
        523.9499999999999
      ],
      [
        907.0714285714287,
        523.9499999999999
      ],
      [
        251.96428571428572,
        548.9
      ],
      [
        629.9107142857143,
        573.85
      ],
      [
        680.3035714285714,
        573.85
      ],
      [
        856.6785714285714,
        573.85
      ],
      [
        655.1071428571429,
        598.8
      ],
      [
        680.3035714285714,
        598.8
      ],
      [
        705.5,
        598.8
      ],
      [
        806.2857142857143,
        598.8
      ],
      [
        831.4821428571429,
        598.8
      ],
      [
        629.9107142857143,
        623.75
      ],
      [
        655.1071428571429,
        623.75
      ],
      [
        478.7321428571429,
        648.6999999999999
      ],
      [
        529.125,
        648.6999999999999
      ],
      [
        680.3035714285714,
        698.6
      ],
      [
        655.1071428571429,
        723.55
      ],
      [
        151.17857142857144,
        773.4499999999999
      ],
      [
        277.1607142857143,
        773.4499999999999
      ],
      [
        302.3571428571429,
        773.4499999999999
      ],
      [
        125.98214285714286,
        798.4
      ],
      [
        151.17857142857144,
        798.4
      ],
      [
        277.1607142857143,
        798.4
      ],
      [
        1108.642857142857,
        798.4
      ],
      [
        1209.4285714285716,
        798.4
      ],
      [
        680.3035714285714,
        823.35
      ],
      [
        1234.625,
        823.35
      ],
      [
        655.1071428571429,
        848.3
      ],
      [
        680.3035714285714,
        848.3
      ],
      [
        881.875,
        848.3
      ],
      [
        655.1071428571429,
        873.25
      ],
      [
        680.3035714285714,
        873.25
      ],
      [
        1007.8571428571429,
        873.25
      ],
      [
        1083.4464285714287,
        873.25
      ],
      [
        176.375,
        898.1999999999999
      ],
      [
        831.4821428571429,
        898.1999999999999
      ],
      [
        856.6785714285714,
        898.1999999999999
      ],
      [
        982.6607142857143,
        898.1999999999999
      ],
      [
        1007.8571428571429,
        898.1999999999999
      ],
      [
        1033.0535714285716,
        898.1999999999999
      ],
      [
        1083.4464285714287,
        898.1999999999999
      ],
      [
        1108.642857142857,
        898.1999999999999
      ],
      [
        1133.8392857142858,
        898.1999999999999
      ],
      [
        1184.232142857143,
        898.1999999999999
      ],
      [
        1234.625,
        898.1999999999999
      ],
      [
        1259.8214285714287,
        898.1999999999999
      ],
      [
        831.4821428571429,
        923.15
      ],
      [
        856.6785714285714,
        923.15
      ],
      [
        1058.25,
        923.15
      ],
      [
        1083.4464285714287,
        923.15
      ],
      [
        1133.8392857142858,
        923.15
