{
  "sl_no": 196,
  "match_info": {
    "center": "live_locate:place:Burgoynes Farm Close",
    "zoom": 18,
    "rotation": 0,
    "n_inliers": 85,
    "score": 39.61,
    "scale_factor": 0.738,
    "avg_scale": 0.9082,
    "window": [
      636,
      318
    ],
    "center_latlon": [
      52.24990154452803,
      0.11787167126138343
    ],
    "anchor_latlon": [
      52.248519440974,
      0.118069188039847
    ],
    "_inlier_pts_map": [
      [
        936.7857142857142,
        863.0
      ],
      [
        871.4285714285713,
        884.5749999999999
      ],
      [
        893.2142857142857,
        884.5749999999999
      ],
      [
        915.0,
        884.5749999999999
      ],
      [
        936.7857142857142,
        884.5749999999999
      ],
      [
        697.1428571428571,
        906.15
      ],
      [
        522.8571428571429,
        927.725
      ],
      [
        697.1428571428571,
        927.725
      ],
      [
        718.9285714285714,
        927.725
      ],
      [
        631.7857142857142,
        949.3
      ],
      [
        588.2142857142857,
        970.875
      ],
      [
        631.7857142857142,
        1078.75
      ],
      [
        326.7857142857143,
        1100.325
      ],
      [
        348.57142857142856,
        1100.325
      ],
      [
        631.7857142857142,
        1100.325
      ],
      [
        653.5714285714286,
        1100.325
      ],
      [
        326.7857142857143,
        1121.8999999999999
      ],
      [
        348.57142857142856,
        1121.8999999999999
      ],
      [
        631.7857142857142,
        1121.8999999999999
      ],
      [
        653.5714285714286,
        1121.8999999999999
      ],
      [
        305.0,
        1143.475
      ],
      [
        326.7857142857143,
        1143.475
      ],
      [
        348.57142857142856,
        1143.475
      ],
      [
        370.35714285714283,
        1143.475
      ],
      [
        697.1428571428571,
        1186.625
      ],
      [
        740.7142857142857,
        1186.625
      ],
      [
        762.5,
        1186.625
      ],
      [
        457.5,
        1208.2
      ],
      [
        522.8571428571429,
        1208.2
      ],
      [
        740.7142857142857,
        1208.2
      ],
      [
        762.5,
        1208.2
      ],
      [
        784.2857142857142,
        1208.2
      ],
      [
        806.0714285714286,
        1208.2
      ],
      [
        457.5,
        1229.7749999999999
      ],
      [
        479.2857142857143,
        1229.7749999999999
      ],
      [
        501.07142857142856,
        1229.7749999999999
      ],
      [
        718.9285714285714,
        1229.7749999999999
      ],
      [
        740.7142857142857,
        1229.7749999999999
      ],
      [
        762.5,
        1229.7749999999999
      ],
      [
        784.2857142857142,
        1229.7749999999999
      ],
      [
        239.64285714285714,
        1251.35
      ],
      [
        435.71428571428567,
        1251.35
      ],
      [
        457.5,
        1251.35
      ],
      [
        479.2857142857143,
        1251.35
      ],
      [
        501.07142857142856,
        1251.35
      ],
      [
        718.9285714285714,
        1251.35
      ],
      [
        740.7142857142857,
        1251.35
      ],
      [
        326.7857142857143,
        1272.925
      ],
      [
        457.5,
        1272.925
      ],
      [
        479.2857142857143,
        1272.925
      ],
      [
        501.07142857142856,
        1272.925
      ],
      [
        522.8571428571429,
        1272.925
      ],
      [
        588.2142857142857,
        1272.925
      ],
      [
        697.1428571428571,
        1272.925
      ],
      [
        958.5714285714286,
        1272.925
      ],
      [
        326.7857142857143,
        1294.5
      ],
      [
        348.57142857142856,
        1294.5
      ],
      [
        457.5,
        1294.5
      ],
      [
        479.2857142857143,
        1294.5
      ],
      [
        501.07142857142856,
        1294.5
      ],
      [
        522.8571428571429,
        1294.5
      ],
      [
        697.1428571428571,
        1294.5
      ],
      [
        936.7857142857142,
        1294.5
      ],
      [
        958.5714285714286,
        1294.5
      ],
      [
        435.71428571428567,
        1316.075
      ],
      [
        457.5,
        1316.075
      ],
      [
        479.2857142857143,
        1316.075
      ],
      [
        501.07142857142856,
        1316.075
      ],
      [
        522.8571428571429,
        1316.075
      ],
      [
        392.1428571428571,
        1337.6499999999999
      ],
      [
        413.9285714285714,
        1337.6499999999999
      ],
      [
        435.71428571428567,
        1337.6499999999999
      ],
      [
        457.5,
        1337.6499999999999
      ],
      [
        479.2857142857143,
        1337.6499999999999
      ],
      [
        501.07142857142856,
        1337.6499999999999
      ],
      [
        522.8571428571429,
        1337.6499999999999
      ],
      [
        544.6428571428571,
        1337.6499999999999
      ],
      [
        435.71428571428567,
        1359.225
      ],
      [
        457.5,
        1359.225
      ],
      [
        479.2857142857143,
        1359.225
      ],
      [
        501.07142857142856,
        1359.225
      ],
      [
        522.8571428571429,
        1359.225
      ],
      [
        479.2857142857143,
        1380.8
      ],
      [
        501.07142857142856,
        1380.8
      ],
      [
        501.07142857142856,
        1402.375
      ]
    ],
    "_rot_map_shape": [
      1726,
      1220
    ]
  },
  "processing_time": 240.23449897766113,
  "agent_accepted": true,
  "agent_reason": "[accepted] The site was located at Clay Close Lane, Impington. Two candidates were tested: the first at Clay Close Lane (77 inliers) and the second at Burgoynes Farm Close",
  "agent_stats": {
    "position_calls": 1,
    "pdf_info": {
      "site_address": "Land at Clay Close Lane, Impington, Cambridge",
      "postcodes": [
        "CB3 6EA",
        "CB2 2DF"
      ],
      "grid_refs": [],
      "scale": null,
      "map_pages": [
        4
      ],
      "map_page_details": [
        {
          "page": 4,
          "category": "match",
          "area_group": 0,
          "boundary_clarity": "clear",
          "detail_level": "close",
          "caption": "Site plan showing land at Clay Close Lane edged with a thick black line, including Allotment Gardens."
        }
      ],
      "road_names": [
        "Clay Close Lane",
        "Park Close",
        "Burgoynes Road"
      ],
      "place_names": [
        "Allotment Gardens",
        "Burgoynes House",
        "Old Orchard",
        "St Andrew's Church",
        "Malton Cottage",
        "Brackendale",
        "The Gables",
        "Cambridge Green Belt",
        "Impington Conservation Area"
      ],
      "is_district_wide": false,
      "district_name": null,
      "house_number_road_pairs": [],
      "parish_names": [
        "Impington",
        "Histon and Impington"
      ],
      "admin_region": "South Cambridgeshire",
      "likely_town_or_city": "Impington",
      "visible_map_labels": [
        "Allotment Gardens",
        "CLAY CLOSE LANE",
        "PARK CLOSEBURGOYNES ROAD",
        "Burgoynes House",
        "Old Orchard",
        "St Andrew's Church",
        "Malton Cottage",
        "Brackendale",
        "The Gables",
        "CONSERVATION AREA",
        "GREEN BELT",
        "SITE"
      ],
      "adjacency_hints": [
        "Impington Conservation Area"
      ]
    },
    "reader_request_tokens": 5544,
    "reader_response_tokens": 376,
    "outcome_status": "accepted",