{
  "sl_no": 16,
  "match_info": {
    "center": "live_locate:place:Tacolneston offset",
    "zoom": 19,
    "rotation": 0,
    "n_inliers": 53,
    "score": 23.71,
    "scale_factor": 0.402,
    "avg_scale": 0.799,
    "window": [
      2124,
      708
    ],
    "center_latlon": [
      52.509601170461416,
      1.156923123662807
    ],
    "anchor_latlon": [
      52.508,
      1.156
    ],
    "_inlier_pts_map": [
      [
        557.2857142857143,
        375.6
      ],
      [
        225.2857142857143,
        492.975
      ],
      [
        225.2857142857143,
        504.71250000000003
      ],
      [
        237.14285714285717,
        504.71250000000003
      ],
      [
        249.0,
        504.71250000000003
      ],
      [
        225.2857142857143,
        516.45
      ],
      [
        237.14285714285717,
        516.45
      ],
      [
        249.0,
        516.45
      ],
      [
        260.8571428571429,
        516.45
      ],
      [
        249.0,
        528.1875
      ],
      [
        59.28571428571429,
        786.4125
      ],
      [
        71.14285714285714,
        786.4125
      ],
      [
        94.85714285714286,
        786.4125
      ],
      [
        23.714285714285715,
        798.1500000000001
      ],
      [
        35.57142857142857,
        798.1500000000001
      ],
      [
        47.42857142857143,
        798.1500000000001
      ],
      [
        59.28571428571429,
        798.1500000000001
      ],
      [
        71.14285714285714,
        798.1500000000001
      ],
      [
        23.714285714285715,
        809.8875
      ],
      [
        35.57142857142857,
        809.8875
      ],
      [
        47.42857142857143,
        809.8875
      ],
      [
        59.28571428571429,
        809.8875
      ],
      [
        71.14285714285714,
        809.8875
      ],
      [
        59.28571428571429,
        821.625
      ],
      [
        71.14285714285714,
        821.625
      ],
      [
        47.42857142857143,
        845.1
      ],
      [
        59.28571428571429,
        845.1
      ],
      [
        71.14285714285714,
        845.1
      ],
      [
        35.57142857142857,
        856.8375000000001
      ],
      [
        47.42857142857143,
        856.8375000000001
      ],
      [
        59.28571428571429,
        856.8375000000001
      ],
      [
        71.14285714285714,
        856.8375000000001
      ],
      [
        35.57142857142857,
        868.575
      ],
      [
        47.42857142857143,
        868.575
      ],
      [
        59.28571428571429,
        868.575
      ],
      [
        71.14285714285714,
        868.575
      ],
      [
        83.0,
        868.575
      ],
      [
        23.714285714285715,
        880.3125
      ],
      [
        35.57142857142857,
        880.3125
      ],
      [
        47.42857142857143,
        880.3125
      ],
      [
        59.28571428571429,
        880.3125
      ],
      [
        71.14285714285714,
        880.3125
      ],
      [
        83.0,
        880.3125
      ],
      [
        35.57142857142857,
        892.0500000000001
      ],
      [
        47.42857142857143,
        892.0500000000001
      ],
      [
        59.28571428571429,
        892.0500000000001
      ],
      [
        71.14285714285714,
        892.0500000000001
      ],
      [
        83.0,
        892.0500000000001
      ],
      [
        35.57142857142857,
        903.7875
      ],
      [
        47.42857142857143,
        903.7875
      ],
      [
        59.28571428571429,
        903.7875
      ],
      [
        71.14285714285714,
        903.7875
      ],
      [
        83.0,
        903.7875
      ]
    ],
    "_rot_map_shape": [
      939,
      664
    ]
  },
  "processing_time": 148.13770389556885,
  "agent_accepted": true,
  "agent_reason": "[accepted] a",
  "agent_stats": {
    "position_calls": 1,
    "pdf_info": {
      "site_address": "126, 128, 130, 132 and 134 Norwich Road, Tacolneston, Norfolk",
      "postcodes": [
        "NR15 2XE"
      ],
      "grid_refs": [],
      "scale": "1:500",
      "map_pages": [
        2
      ],
      "map_page_details": [
        {
          "page": 2,
          "category": "match",
          "area_group": 0,
          "boundary_clarity": "clear",
          "detail_level": "close",
          "caption": "Site plan at 1:500 showing red boundary around 126-134 Norwich Road next to The Pelican PH."
        }
      ],
      "road_names": [
        "Norwich Road"
      ],
      "place_names": [
        "Tacolneston",
        "The Pelican (PH)"
      ],
      "is_district_wide": false,
      "district_name": null,
      "house_number_road_pairs": [
        "126-134 Norwich Road"
      ],
      "parish_names": [],
      "admin_region": "South Norfolk",
      "likely_town_or_city": "Tacolneston",
      "visible_map_labels": [
        "126",
        "134",
        "The Pelican (PH)",
        "Pond",
        "Shelter",
        "53.3m"
      ],
      "adjacency_hints": [
        "The Pelican (PH)",
        "Pond"
      ]
    },
    "reader_request_tokens": 4474,
    "reader_response_tokens": 310,
    "locate_n_calls": 3,
    "locate_request_tokens": 66145,
    "locate_response_tokens": 900,
    "locate_calls": [
      {
        "request_tokens": 14410,
        "response_tokens": 330,
        "n_messages": 11,
        "generation_id": "gen-1779680268-qZ6qKRXBv6zUBMejom0f"
      },
      {
        "request_tokens": 21800,
        "response_tokens": 300,
        "n_messages": 24,
        "generation_id": "gen-1779680314-94b01NOhcAXmKSya4fTL"
      },
      {
        "request_tokens": 29935,
        "response_tokens": 270,
        "n_messages": 38,
        "generation_id": "gen-1779680355-ur2pHbWGuBnChUsDRA4n"
      }
    ],
    "outcome_status": "accepted",
    "outcome_reasoning": "a",
    "rotation_checked": false,
    "tool_calls": {
      "propose_centers": 3,
      "match_at": 3,
      "commit_match": 1,
      "final_result": 2
    },
    "total_tool_calls": 9,
    "n_turns": 20,
    "validator_retries": 0,
    "worker_request_tokens": 41880,
    "worker_response_tokens": 529,
    "request_tokens": 112499,
    "response_tokens": 1739,
    "total_tokens": 114238,
    "critic": {
      "n_rejections": 1,
      "iterations": [
        {
          "iter_idx": 0,
          "action": "retry_locate",
          "chosen_candidate_id": 1,
          "reasoning": "None of the candidates show a visual match. The planning map depicts a property next to 'The Pelican (PH)' and a pond, but the OS renders across all candidates show residential housing estates with entirely different building footprints and road layouts. For example, candidate 1 places the polygon inside a cul-de-sac that does not exist on the source map.",
          "wall_s": 2.4,
          "llm_error": null,
          "geojson_changed": false
        }
      ],
      "tokens": {
        "request": 5225,
        "response": 104
      }
    }
  },
  "valid_ground_truth": true,
  "valid_prediction": true,
  "validation_error": null,
  "iou": 0.0,
  "precision": 0.0,
  "recall": 0.0,
  "f1_score": 0.0,
  "positioning_error_m": 294.9401869334962,
  "worker_first_iou": 0.0,
  "worker_first_metrics": {
    "valid_ground_truth": true,
    "valid_prediction": true,
    "validation_error": null,
    "iou": 0.0,
    "precision": 0.0,
    "recall": 0.0,
    "f1_score": 0.0,
    "positioning_error_m": 294.9401869334962
  }
}