{
  "sl_no": 7,
  "match_info": {
    "center": "live_locate:intersect:Kingsdown Road x The Droveway",
    "zoom": 16,
    "rotation": 0,
    "n_inliers": 65,
    "score": 31.77,
    "scale_factor": 0.848,
    "avg_scale": 1.0473,
    "window": [
      540,
      135
    ],
    "center_latlon": [
      51.16272331883059,
      1.3809710869854257
    ],
    "anchor_latlon": [
      51.1605,
      1.3815
    ],
    "_inlier_pts_map": [
      [
        477.3333333333333,
        601.2
      ],
      [
        326.5964912280702,
        626.25
      ],
      [
        351.719298245614,
        626.25
      ],
      [
        376.8421052631579,
        626.25
      ],
      [
        401.96491228070175,
        626.25
      ],
      [
        427.0877192982456,
        626.25
      ],
      [
        301.4736842105263,
        651.3000000000001
      ],
      [
        326.5964912280702,
        651.3000000000001
      ],
      [
        351.719298245614,
        651.3000000000001
      ],
      [
        376.8421052631579,
        651.3000000000001
      ],
      [
        401.96491228070175,
        651.3000000000001
      ],
      [
        427.0877192982456,
        651.3000000000001
      ],
      [
        452.2105263157895,
        651.3000000000001
      ],
      [
        477.3333333333333,
        651.3000000000001
      ],
      [
        301.4736842105263,
        676.35
      ],
      [
        326.5964912280702,
        676.35
      ],
      [
        351.719298245614,
        676.35
      ],
      [
        376.8421052631579,
        676.35
      ],
      [
        401.96491228070175,
        676.35
      ],
      [
        427.0877192982456,
        676.35
      ],
      [
        452.2105263157895,
        676.35
      ],
      [
        477.3333333333333,
        676.35
      ],
      [
        276.35087719298247,
        701.4
      ],
      [
        301.4736842105263,
        701.4
      ],
      [
        326.5964912280702,
        701.4
      ],
      [
        351.719298245614,
        701.4
      ],
      [
        376.8421052631579,
        701.4
      ],
      [
        401.96491228070175,
        701.4
      ],
      [
        427.0877192982456,
        701.4
      ],
      [
        276.35087719298247,
        726.45
      ],
      [
        301.4736842105263,
        726.45
      ],
      [
        326.5964912280702,
        726.45
      ],
      [
        351.719298245614,
        726.45
      ],
      [
        376.8421052631579,
        726.45
      ],
      [
        401.96491228070175,
        726.45
      ],
      [
        251.2280701754386,
        751.5
      ],
      [
        351.719298245614,
        751.5
      ],
      [
        376.8421052631579,
        751.5
      ],
      [
        401.96491228070175,
        751.5
      ],
      [
        351.719298245614,
        851.7
      ],
      [
        703.438596491228,
        926.85
      ],
      [
        728.561403508772,
        926.85
      ],
      [
        678.3157894736842,
        951.9
      ],
      [
        703.438596491228,
        951.9
      ],
      [
        728.561403508772,
        951.9
      ],
      [
        653.1929824561404,
        976.95
      ],
      [
        678.3157894736842,
        976.95
      ],
      [
        703.438596491228,
        976.95
      ],
      [
        728.561403508772,
        976.95
      ],
      [
        653.1929824561404,
        1002.0
      ],
      [
        678.3157894736842,
        1002.0
      ],
      [
        703.438596491228,
        1002.0
      ],
      [
        728.561403508772,
        1002.0
      ],
      [
        1105.4035087719299,
        1202.4
      ],
      [
        1080.280701754386,
        1227.45
      ],
      [
        125.6140350877193,
        1327.65
      ],
      [
        200.98245614035088,
        1327.65
      ],
      [
        150.73684210526315,
        1352.7
      ],
      [
        175.859649122807,
        1352.7
      ],
      [
        200.98245614035088,
        1352.7
      ],
      [
        226.10526315789474,
        1352.7
      ],
      [
        200.98245614035088,
        1377.75
      ],
      [
        175.859649122807,
        1402.8
      ],
      [
        477.3333333333333,
        1427.8500000000001
      ],
      [
        1180.7719298245613,
        1477.95
      ]
    ],
    "_rot_map_shape": [
      2004,
      1432
    ]
  },
  "processing_time": 215.21215200424194,
  "agent_accepted": true,
  "agent_reason": "[accepted] The site was identified as a large plot of land in St. Margaret's at Cliffe, bounded by Kingsdown Road, The Droveway, and Old Bottom Free Down. Two match attemp",
  "agent_stats": {
    "position_calls": 1,
    "pdf_info": {
      "site_address": "Land at Kingsdown Road, St. Margaret's at Cliffe, Dover District, Kent",
      "postcodes": [],
      "grid_refs": [],
      "scale": null,
      "map_pages": [
        3
      ],
      "map_page_details": [
        {
          "page": 1,
          "category": "discard",
          "area_group": -1,
          "boundary_clarity": "none",
          "detail_level": "wide",
          "caption": "Text of Article 4 Direction No. 1, 1974, regarding land at Kingsdown Road."
        },
        {
          "page": 2,
          "category": "discard",
          "area_group": -1,
          "boundary_clarity": "none",
          "detail_level": "wide",
          "caption": "Confirmation signatures from the Department of the Environment."
        },
        {
          "page": 3,
          "category": "match",
          "area_group": 0,
          "boundary_clarity": "clear",
          "detail_level": "medium",
          "caption": "Site plan showing red boundary on land at Kingsdown Road, St. Margaret's at Cliffe."
        }
      ],
      "road_names": [
        "Kingsdown Road",
        "Collingwood Road",
        "Nelson Park Road",
        "The Droveway"
      ],
      "place_names": [
        "St. Margaret's at Cliffe",
        "Kingsdown Road",
        "Old Bottom Free Down",
        "Barrow Mount",
        "East Hill",
        "Bockell Hill",
        "Free Down",
        "Oxney Bottom",
        "Dover District"
      ],
      "is_district_wide": false,
      "district_name": null,
      "house_number_road_pairs": [],
      "parish_names": [],
      "admin_region": null,
      "likely_town_or_city": null,
      "visible_map_labels": [],
      "adjacency_hints": []
    },
    "outcome_status": "accepted",
    "outcome_reasoning": "The site was identified as a large plot of land in St. Margaret's at Cliffe, bounded by Kingsdown Road, The Droveway, and Old Bottom Free Down. Two match attempts were made near the intersection of these roads. Both yielded 65 inliers with perfect road name agreement (4/4 roads found) and high scale consistency (0.91). This indicates a very reliable match against the Ordnance Survey data. The boundary was clearly drawn on page 3 and has been successfully projected.",
    "rotation_checked": false,
    "tool_calls": {
      "submit_pdf_info": 1,
      "propose_centers": 2,
      "match_at": 2,
      "commit_match": 1,
      "final_result": 1
    },
    "total_tool_calls": 7,
    "n_turns": 15,
    "validator_retries": 0,
    "worker_request_tokens": 60616,
    "worker_response_tokens": 692,
    "request_tokens": 60616,
    "response_tokens": 692,
    "total_tokens": 61308
  },
  "valid_ground_truth": true,
  "valid_prediction": true,
  "validation_error": null,
  "iou": 0.8842497347486673,
  "precision": 0.9482973390899746,
  "recall": 0.9290393585114182,
  "f1_score": 0.9385695732809833,
  "positioning_error_m": 9.389254645650006
}