{
  "sl_no": 265,
  "match_info": {
    "center": "live_locate:intersect:Ebstree Road x Seisdon Road",
    "zoom": 15,
    "rotation": 0,
    "n_inliers": 17,
    "score": 5.85,
    "scale_factor": 1.093,
    "avg_scale": 0.9767,
    "window": [
      411,
      137
    ],
    "center_latlon": [
      52.56562653026319,
      -2.252899378757945
    ],
    "anchor_latlon": [
      52.5505147479022,
      -2.2396066267564
    ],
    "_inlier_pts_map": [
      [
        1581.3818181818183,
        64.975
      ],
      [
        1614.3272727272727,
        64.975
      ],
      [
        1647.2727272727273,
        64.975
      ],
      [
        1581.3818181818183,
        97.46249999999999
      ],
      [
        1614.3272727272727,
        97.46249999999999
      ],
      [
        1581.3818181818183,
        129.95
      ],
      [
        1680.2181818181818,
        129.95
      ],
      [
        1581.3818181818183,
        162.4375
      ],
      [
        1614.3272727272727,
        162.4375
      ],
      [
        1647.2727272727273,
        162.4375
      ],
      [
        1680.2181818181818,
        194.92499999999998
      ],
      [
        1614.3272727272727,
        1721.8374999999999
      ],
      [
        1647.2727272727273,
        1721.8374999999999
      ],
      [
        1581.3818181818183,
        1754.3249999999998
      ],
      [
        1614.3272727272727,
        1754.3249999999998
      ],
      [
        1647.2727272727273,
        1754.3249999999998
      ],
      [
        1647.2727272727273,
        1786.8124999999998
      ]
    ],
    "_rot_map_shape": [
      2599,
      1812
    ]
  },
  "processing_time": 613.9950022697449,
  "agent_accepted": true,
  "agent_reason": "[accepted] The document is an Article 4 Direction for 'Greenacres', Ebstree Road, Seisdon. Page 4 contains a clear site plan at 1:1250 scale showing a red boundary around ",
  "agent_stats": {
    "position_calls": 1,
    "pdf_info": {
      "site_address": "Greenacres, Ebstree Road, Seisdon, Staffordshire",
      "postcodes": [
        "WV8 1PX"
      ],
      "grid_refs": [],
      "scale": null,
      "map_pages": [
        4
      ],
      "map_page_details": [
        {
          "page": 1,
          "category": "discard",
          "area_group": -1,
          "boundary_clarity": "none",
          "detail_level": "wide",
          "caption": "Cover letter from Government Office for the West Midlands"
        },
        {
          "page": 2,
          "category": "discard",
          "area_group": -1,
          "boundary_clarity": "none",
          "detail_level": "wide",
          "caption": "Article 4 Direction text - Recitals and Directs That section"
        },
        {
          "page": 3,
          "category": "discard",
          "area_group": -1,
          "boundary_clarity": "none",
          "detail_level": "wide",
          "caption": "Article 4 Direction text - Schedules and Seal section"
        },
        {
          "page": 4,
          "category": "match",
          "area_group": 0,
          "boundary_clarity": "clear",
          "detail_level": "close",
          "caption": "Site plan showing Greenacres, Ebstree Road, Seisdon with red boundary around curtilage of dwelling"
        }
      ],
      "road_names": [
        "Ebstree Road"
      ],
      "place_names": [
        "Greenacres",
        "Seisdon",
        "South Staffordshire"
      ],
      "is_district_wide": false,
      "district_name": null,
      "house_number_road_pairs": [],
      "parish_names": [],
      "admin_region": null,
      "likely_town_or_city": "Seisdon",
      "visible_map_labels": [
        "Greenacres",
        "EBSTREE ROAD",
        "Proposed Swimming Pool",
        "Curtilage of dwelling",
        "Existing garage/Boat Shed"
      ],
      "adjacency_hints": []
    },
    "outcome_status": "accepted",
    "outcome_reasoning": "The document is an Article 4 Direction for 'Greenacres', Ebstree Road, Seisdon. Page 4 contains a clear site plan at 1:1250 scale showing a red boundary around the property curtilage. I located the site using the intersection of Ebstree Road and Seisdon Road. Although the n_inliers (17) was low, the scale consistency (0.95) and road name agreement (1.0) were very high, and the visual location on Ebstree Road matches the site address and map labels perfectly. I have committed this match.",
    "rotation_checked": false,
    "tool_calls": {
      "submit_pdf_info": 1,
      "propose_centers": 1,
      "match_at": 1,
      "commit_match": 1,
      "final_result": 1
    },
    "total_tool_calls": 5,
    "n_turns": 11,
    "validator_retries": 1,
    "worker_request_tokens": 44484,
    "worker_response_tokens": 526,
    "request_tokens": 44484,
    "response_tokens": 526,
    "total_tokens": 45010
  },
  "valid_ground_truth": true,
  "valid_prediction": true,
  "validation_error": null,
  "iou": 0.0,
  "precision": 0.0,
  "recall": 0.0,
  "f1_score": 0.0,
  "positioning_error_m": 2217.9101123617775
}