{
  "sl_no": 29,
  "match_info": {
    "center": "live_locate:place:Old Watton Road",
    "zoom": 17,
    "rotation": 0,
    "n_inliers": 38,
    "score": 18.22,
    "scale_factor": 0.438,
    "avg_scale": 0.9713,
    "window": [
      504,
      504
    ],
    "center_latlon": [
      52.62915069285521,
      1.2204998254487407
    ],
    "anchor_latlon": [
      52.6267,
      1.22328
    ],
    "_inlier_pts_map": [
      [
        193.92857142857144,
        294.1125
      ],
      [
        206.85714285714286,
        294.1125
      ],
      [
        219.78571428571428,
        294.1125
      ],
      [
        245.64285714285714,
        294.1125
      ],
      [
        168.07142857142858,
        306.9
      ],
      [
        181.0,
        306.9
      ],
      [
        193.92857142857144,
        306.9
      ],
      [
        206.85714285714286,
        306.9
      ],
      [
        219.78571428571428,
        306.9
      ],
      [
        232.71428571428572,
        306.9
      ],
      [
        25.857142857142858,
        319.6875
      ],
      [
        155.14285714285714,
        319.6875
      ],
      [
        168.07142857142858,
        319.6875
      ],
      [
        181.0,
        319.6875
      ],
      [
        193.92857142857144,
        319.6875
      ],
      [
        206.85714285714286,
        319.6875
      ],
      [
        219.78571428571428,
        319.6875
      ],
      [
        232.71428571428572,
        319.6875
      ],
      [
        25.857142857142858,
        332.47499999999997
      ],
      [
        38.785714285714285,
        332.47499999999997
      ],
      [
        142.21428571428572,
        332.47499999999997
      ],
      [
        155.14285714285714,
        332.47499999999997
      ],
      [
        168.07142857142858,
        332.47499999999997
      ],
      [
        181.0,
        332.47499999999997
      ],
      [
        219.78571428571428,
        332.47499999999997
      ],
      [
        25.857142857142858,
        345.2625
      ],
      [
        38.785714285714285,
        345.2625
      ],
      [
        142.21428571428572,
        345.2625
      ],
      [
        155.14285714285714,
        345.2625
      ],
      [
        168.07142857142858,
        345.2625
      ],
      [
        25.857142857142858,
        358.05
      ],
      [
        38.785714285714285,
        358.05
      ],
      [
        51.714285714285715,
        358.05
      ],
      [
        168.07142857142858,
        358.05
      ],
      [
        181.0,
        358.05
      ],
      [
        25.857142857142858,
        370.8375
      ],
      [
        38.785714285714285,
        370.8375
      ],
      [
        51.714285714285715,
        370.8375
      ]
    ],
    "_rot_map_shape": [
      1023,
      724
    ]
  },
  "processing_time": 283.80680084228516,
  "agent_accepted": true,
  "agent_reason": "[accepted] a",
  "agent_stats": {
    "position_calls": 1,
    "pdf_info": {
      "site_address": "Colney Hall and surrounding land including O.S. parcel numbers 0731, 9812 and pt. 3100, Colney, South Norfolk",
      "postcodes": [],
      "grid_refs": [],
      "scale": "1:2500",
      "map_pages": [
        3
      ],
      "map_page_details": [
        {
          "page": 3,
          "category": "match",
          "area_group": 0,
          "boundary_clarity": "clear",
          "detail_level": "close",
          "caption": "Site plan showing Colney Hall and surrounding land edged in red."
        }
      ],
      "road_names": [],
      "place_names": [
        "Colney Hall",
        "South Norfolk",
        "Norfolk"
      ],
      "is_district_wide": false,
      "district_name": null,
      "house_number_road_pairs": [],
      "parish_names": [
        "Colney"
      ],
      "admin_region": "South Norfolk",
      "likely_town_or_city": "Colney",
      "visible_map_labels": [
        "Colney Hall",
        "0731",
        "3100",
        "9908",
        "0005",
        "7200"
      ],
      "adjacency_hints": []
    },
    "reader_request_tokens": 5006,
    "reader_response_tokens": 271,
    "locate_n_calls": 3,
    "locate_request_tokens": 92143,
    "locate_response_tokens": 936,
    "locate_calls": [
      {
        "request_tokens": 24826,
        "response_tokens": 277,
        "n_messages": 19,
        "generation_id": "gen-1779682692-W6V0JS2QdTDdLvX8W6JI"
      },
      {
        "request_tokens": 28357,
        "response_tokens": 314,
        "n_messages": 36,
        "generation_id": "gen-1779682786-16ZvOb6bZ9aMyjyIex75"
      },
      {
        "request_tokens": 38960,
        "response_tokens": 345,
        "n_messages": 52,
        "generation_id": "gen-1779682879-v5eotzPK4QN85ZSRVc4D"
      }
    ],
    "outcome_status": "accepted",
    "outcome_reasoning": "a",
    "rotation_checked": false,
    "tool_calls": {
      "propose_centers": 3,
      "match_at": 3,
      "commit_match": 1,
      "final_result": 2
    },
    "total_tool_calls": 9,
    "n_turns": 20,
    "validator_retries": 0,
    "worker_request_tokens": 41408,
    "worker_response_tokens": 535,
    "request_tokens": 138557,
    "response_tokens": 1742,
    "total_tokens": 140299,
    "critic": {
      "n_rejections": 1,
      "iterations": [
        {
          "iter_idx": 0,
          "action": "retry_locate",
          "chosen_candidate_id": 2,
          "reasoning": "None of the candidates show any correspondence between the planning map features and the OS tile. The planning map shows a large rural area with a few buildings, while all candidates project the boundary over dense residential cul-de-sacs or industrial blocks that do not exist on the source map. n_inliers is low (<40) across all attempts, indicating no reliable match was found.",
          "wall_s": 2.8,
          "llm_error": null,
          "geojson_changed": false
        }
      ],
      "tokens": {
        "request": 5228,
        "response": 110
      }
    }
  },
  "valid_ground_truth": true,
  "valid_prediction": true,
  "validation_error": null,
  "iou": 0.0,
  "precision": 0.0,
  "recall": 0.0,
  "f1_score": 0.0,
  "positioning_error_m": 956.1848337374677,
  "worker_first_iou": 0.0,
  "worker_first_metrics": {
    "valid_ground_truth": true,
    "valid_prediction": true,
    "validation_error": null,
    "iou": 0.0,
    "precision": 0.0,
    "recall": 0.0,
    "f1_score": 0.0,
    "positioning_error_m": 956.1848337374677
  }
}