{
  "sl_no": 9005,
  "match_info": {
    "center": "live_locate:place:Childwick Green",
    "zoom": 16,
    "rotation": 0,
    "n_inliers": 235,
    "score": 111.93,
    "scale_factor": 0.86,
    "avg_scale": 0.9508,
    "window": [
      930,
      1116
    ],
    "center_latlon": [
      51.7853376405192,
      -0.34955798758019796
    ],
    "anchor_latlon": [
      51.788,
      -0.345
    ],
    "_inlier_pts_map": [
      [
        355.25,
        201.0
      ],
      [
        888.125,
        201.0
      ],
      [
        355.25,
        226.125
      ],
      [
        558.25,
        226.125
      ],
      [
        609.0,
        226.125
      ],
      [
        634.375,
        226.125
      ],
      [
        685.125,
        226.125
      ],
      [
        735.875,
        226.125
      ],
      [
        761.25,
        226.125
      ],
      [
        786.625,
        226.125
      ],
      [
        812.0,
        226.125
      ],
      [
        837.375,
        226.125
      ],
      [
        862.75,
        226.125
      ],
      [
        888.125,
        226.125
      ],
      [
        913.5,
        226.125
      ],
      [
        938.875,
        226.125
      ],
      [
        507.5,
        251.25
      ],
      [
        583.625,
        251.25
      ],
      [
        609.0,
        251.25
      ],
      [
        634.375,
        251.25
      ],
      [
        659.75,
        251.25
      ],
      [
        735.875,
        251.25
      ],
      [
        761.25,
        251.25
      ],
      [
        786.625,
        251.25
      ],
      [
        812.0,
        251.25
      ],
      [
        837.375,
        251.25
      ],
      [
        862.75,
        251.25
      ],
      [
        888.125,
        251.25
      ],
      [
        913.5,
        251.25
      ],
      [
        964.25,
        251.25
      ],
      [
        583.625,
        276.375
      ],
      [
        609.0,
        276.375
      ],
      [
        634.375,
        276.375
      ],
      [
        659.75,
        276.375
      ],
      [
        685.125,
        276.375
      ],
      [
        761.25,
        276.375
      ],
      [
        786.625,
        276.375
      ],
      [
        812.0,
        276.375
      ],
      [
        837.375,
        276.375
      ],
      [
        862.75,
        276.375
      ],
      [
        888.125,
        276.375
      ],
      [
        913.5,
        276.375
      ],
      [
        938.875,
        276.375
      ],
      [
        964.25,
        276.375
      ],
      [
        989.625,
        276.375
      ],
      [
        558.25,
        301.5
      ],
      [
        583.625,
        301.5
      ],
      [
        609.0,
        301.5
      ],
      [
        634.375,
        301.5
      ],
      [
        735.875,
        301.5
      ],
      [
        989.625,
        301.5
      ],
      [
        558.25,
        326.625
      ],
      [
        609.0,
        326.625
      ],
      [
        710.5,
        326.625
      ],
      [
        735.875,
        326.625
      ],
      [
        761.25,
        326.625
      ],
      [
        989.625,
        326.625
      ],
      [
        1015.0,
        326.625
      ],
      [
        1065.75,
        326.625
      ],
      [
        761.25,
        351.75
      ],
      [
        812.0,
        351.75
      ],
      [
        938.875,
        351.75
      ],
      [
        964.25,
        351.75
      ],
      [
        989.625,
        351.75
      ],
      [
        1040.375,
        351.75
      ],
      [
        1065.75,
        351.75
      ],
      [
        761.25,
        376.875
      ],
      [
        786.625,
        376.875
      ],
      [
        812.0,
        376.875
      ],
      [
        837.375,
        376.875
      ],
      [
        964.25,
        376.875
      ],
      [
        1015.0,
        376.875
      ],
      [
        1040.375,
        376.875
      ],
      [
        1065.75,
        376.875
      ],
      [
        1091.125,
        376.875
      ],
      [
        761.25,
        402.0
      ],
      [
        786.625,
        402.0
      ],
      [
        812.0,
        402.0
      ],
      [
        837.375,
        402.0
      ],
      [
        1015.0,
        402.0
      ],
      [
        1040.375,
        402.0
      ],
      [
        1065.75,
        402.0
      ],
      [
        1091.125,
        402.0
      ],
      [
        1116.5,
        402.0
      ],
      [
        761.25,
        427.125
      ],
      [
        786.625,
        427.125
      ],
      [
        812.0,
        427.125
      ],
      [
        989.625,
        427.125
      ],
      [
        1015.0,
        427.125
      ],
      [
        1040.375,
        427.125
      ],
      [
        1065.75,
        427.125
      ],
      [
        1091.125,
        427.125
      ],
      [
        1116.5,
        427.125
      ],
      [
        1141.875,
        427.125
      ],
      [
        761.25,
        452.25
      ],
      [
        786.625,
        452.25
      ],
      [
        812.0,
        452.25
      ],
      [
        1015.0,
        452.25
      ],
      [
        1040.375,
        452.25
      ],
      [
        1065.75,
        452.25
      ],
      [
        1091.125,
        452.25
      ],
      [
        1116.5,
        452.25
      ],
      [
        1141.875,
        452.25
      ],
      [
        329.875,
        477.375
      ],
      [
        761.25,
        477.375
      ],
      [
        786.625,
        477.375
      ],
      [
        812.0,
        477.375
      ],
      [
        1015.0,
        477.375
      ],
      [
        1040.375,
        477.375
      ],
      [
        1065.75,
        477.375
      ],
      [
        1091.125,
        477.375
      ],
      [
        1116.5,
        477.375
      ],
      [
        786.625,
        502.5
      ],
      [
        812.0,
        502.5
      ],
      [
        1040.375,
        502.5
      ],
      [
        1065.75,
        502.5
      ],
      [
        1091.125,
        502.5
      ],
      [
        355.25,
        527.625
      ],
      [
        1040.375,
        527.625
      ],
      [
        1065.75,
        527.625
      ],
      [
        1091.125,
        527.625
      ],
      [
        583.625,
        552.75
      ],
      [
        558.25,
        577.875
      ],
      [
        583.625,
        577.875
      ],
      [
        609.0,
        577.875
      ],
      [
        558.25,
        603.0
      ],
      [
        583.625,
        603.0
      ],
      [
        609.0,
        603.0
      ],
      [
        634.375,
        603.0
      ],
      [
        659.75,
        603.0
      ],
      [
        964.25,
        603.0
      ],
      [
        507.5,
        628.125
      ],
      [
        532.875,
        628.125
      ],
      [
        558.25,
        628.125
      ],
      [
        583.625,
        628.125
      ],
      [
        609.0,
        628.125
      ],
      [
        634.375,
        628.125
      ],
      [
        659.75,
        628.125
      ],
      [
        685.125,
        628.125
      ],
      [
        507.5,
        653.25
      ],
      [
        532.875,
        653.25
      ],
      [
        558.25,
        653.25
      ],
      [
        583.625,
        653.25
      ],
      [
        609.0,
        653.25
      ],
      [
        634.375,
        653.25
      ],
      [
        659.75,
        653.25
      ],
      [
        431.375,
        678.375
      ],
      [
        482.125,
        678.375
      ],
      [
        507.5,
        678.375
      ],
      [
        532.875,
        678.375
      ],
      [
        558.25,
        678.375
      ],
      [
        583.625,
        678.375
      ],
      [
        609.0,
        678.375
      ],
      [
        634.375,
        678.375
      ],
      [
        659.75,
        678.375
      ],
