{
  "sl_no": 31,
  "match_info": {
    "center": "live_locate:intersect:Watton Road x Little Melton La",
    "zoom": 16,
    "rotation": 0,
    "n_inliers": 161,
    "score": 75.87,
    "scale_factor": 0.876,
    "avg_scale": 1.0436,
    "window": [
      528,
      924
    ],
    "center_latlon": [
      52.62182612512435,
      1.2054146888430068
    ],
    "anchor_latlon": [
      52.6235,
      1.2125
    ],
    "_inlier_pts_map": [
      [
        1008.4285714285714,
        409.4
      ],
      [
        1034.2857142857142,
        409.4
      ],
      [
        1034.2857142857142,
        434.98749999999995
      ],
      [
        1060.142857142857,
        434.98749999999995
      ],
      [
        1034.2857142857142,
        460.575
      ],
      [
        1370.4285714285716,
        537.3375
      ],
      [
        1370.4285714285716,
        588.5124999999999
      ],
      [
        1344.5714285714287,
        614.0999999999999
      ],
      [
        1370.4285714285716,
        614.0999999999999
      ],
      [
        1060.142857142857,
        639.6875
      ],
      [
        1086.0,
        639.6875
      ],
      [
        1292.857142857143,
        639.6875
      ],
      [
        1318.7142857142858,
        639.6875
      ],
      [
        1344.5714285714287,
        639.6875
      ],
      [
        1370.4285714285716,
        639.6875
      ],
      [
        1086.0,
        665.275
      ],
      [
        1137.7142857142858,
        665.275
      ],
      [
        1163.5714285714287,
        665.275
      ],
      [
        1292.857142857143,
        665.275
      ],
      [
        1318.7142857142858,
        665.275
      ],
      [
        1344.5714285714287,
        665.275
      ],
      [
        1370.4285714285716,
        665.275
      ],
      [
        1111.857142857143,
        690.8625
      ],
      [
        1137.7142857142858,
        690.8625
      ],
      [
        1189.4285714285716,
        690.8625
      ],
      [
        1215.2857142857142,
        690.8625
      ],
      [
        1267.0,
        690.8625
      ],
      [
        1292.857142857143,
        690.8625
      ],
      [
        1318.7142857142858,
        690.8625
      ],
      [
        1344.5714285714287,
        690.8625
      ],
      [
        1370.4285714285716,
        690.8625
      ],
      [
        1215.2857142857142,
        716.4499999999999
      ],
      [
        1241.142857142857,
        716.4499999999999
      ],
      [
        1267.0,
        716.4499999999999
      ],
      [
        1292.857142857143,
        716.4499999999999
      ],
      [
        1318.7142857142858,
        716.4499999999999
      ],
      [
        1344.5714285714287,
        716.4499999999999
      ],
      [
        1370.4285714285716,
        716.4499999999999
      ],
      [
        672.2857142857143,
        742.0374999999999
      ],
      [
        698.1428571428571,
        742.0374999999999
      ],
      [
        1189.4285714285716,
        742.0374999999999
      ],
      [
        1215.2857142857142,
        742.0374999999999
      ],
      [
        1241.142857142857,
        742.0374999999999
      ],
      [
        1267.0,
        742.0374999999999
      ],
      [
        1292.857142857143,
        742.0374999999999
      ],
      [
        1318.7142857142858,
        742.0374999999999
      ],
      [
        1344.5714285714287,
        742.0374999999999
      ],
      [
        646.4285714285714,
        767.625
      ],
      [
        672.2857142857143,
        767.625
      ],
      [
        698.1428571428571,
        767.625
      ],
      [
        801.5714285714286,
        767.625
      ],
      [
        1189.4285714285716,
        767.625
      ],
      [
        1215.2857142857142,
        767.625
      ],
      [
        1241.142857142857,
        767.625
      ],
      [
        1267.0,
        767.625
      ],
      [
        1292.857142857143,
        767.625
      ],
      [
        1318.7142857142858,
        767.625
      ],
      [
        1344.5714285714287,
        767.625
      ],
      [
        646.4285714285714,
        793.2125
      ],
      [
        801.5714285714286,
        793.2125
      ],
      [
        827.4285714285714,
        793.2125
      ],
      [
        1137.7142857142858,
        793.2125
      ],
      [
        1189.4285714285716,
        793.2125
      ],
      [
        1215.2857142857142,
        793.2125
      ],
      [
        1241.142857142857,
        793.2125
      ],
      [
        1111.857142857143,
        818.8
      ],
      [
        1137.7142857142858,
        818.8
      ],
      [
        1189.4285714285716,
        818.8
      ],
      [
        1215.2857142857142,
        818.8
      ],
      [
        1215.2857142857142,
        844.3874999999999
      ],
      [
        1163.5714285714287,
        869.9749999999999
      ],
      [
        1137.7142857142858,
        895.5625
      ],
      [
        1163.5714285714287,
        895.5625
      ],
      [
        232.71428571428572,
        921.15
      ],
      [
        258.57142857142856,
        921.15
      ],
      [
        232.71428571428572,
        946.7375
      ],
      [
        258.57142857142856,
        946.7375
      ],
      [
        387.8571428571429,
        972.3249999999999
      ],
      [
        413.7142857142857,
        972.3249999999999
      ],
      [
        387.8571428571429,
        1125.85
      ],
      [
        465.42857142857144,
        1202.6125
      ],
      [
        413.7142857142857,
        1253.7875
      ],
      [
        439.57142857142856,
        1253.7875
      ],
      [
        413.7142857142857,
        1279.375
      ],
      [
        439.57142857142856,
        1279.375
      ],
      [
        465.42857142857144,
        1304.9624999999999
      ],
      [
        491.2857142857143,
        1304.9624999999999
      ],
      [
        284.42857142857144,
        1432.8999999999999
      ],
      [
        258.57142857142856,
        1458.4875
      ],
      [
        284.42857142857144,
        1458.4875
      ],
      [
        232.71428571428572,
        1484.0749999999998
      ],
      [
        258.57142857142856,
        1484.0749999999998
      ],
      [
        284.42857142857144,
        1484.0749999999998
      ],
      [
        206.85714285714286,
        1509.6625
      ],
      [
        232.71428571428572,
        1509.6625
      ],
      [
        258.57142857142856,
        1509.6625
      ],
      [
        284.42857142857144,
        1509.6625
      ],
      [
        362.0,
        1509.6625
      ],
      [
        258.57142857142856,
        1535.25
      ],
      [
        284.42857142857144,
        1535.25
      ],
      [
        310.2857142857143,
        1535.25
      ],
      [
        336.14285714285717,
        1535.25
      ],
      [
        594.7142857142858,
        1535.25
      ],
      [
        206.85714285714286,
        1560.8374999999999
      ],
      [
        258.57142857142856,
        1560.8374999999999
      ],
      [
        284.42857142857144,
        1560.8374999999999
      ],
      [
        310.2857142857143,
        1560.8374999999999
      ],
      [
        336.14285714285717,
        1560.8374999999999
      ],
      [
        284.42857142857144,
        1586.425
      ],
      [
        310.2857142857143,
        1586.425
      ],
      [
        336.14285714285717,
        1612.0124999999998
      ],
      [
        310.2857142857143,
        1637.6
      ],
      [
        336.14285714285717,
        1637.6
      ],
      [
        362.0,
        1663.1875
      ],
      [
        1370.4285714285716,
        1663.1875
      ],
      [
        387.8571428571429,
        1688.7749999999999
      ],
      [
        465.42857142857144,
        1791.125
      ],
      [
        465.42857142857144,
        1816.7124999999999
      ],
      [
        491.2857142857143,
