{
  "sl_no": 222,
  "match_info": {
    "center": "live_locate:place:Bardwell Road",
    "zoom": 19,
    "rotation": 0,
    "n_inliers": 106,
    "score": 43.07,
    "scale_factor": 0.859,
    "avg_scale": 1.1951,
    "window": [
      1305,
      783
    ],
    "center_latlon": [
      51.748210711992506,
      -0.3382753037221278
    ],
    "anchor_latlon": [
      51.7481499175116,
      -0.338836459287626
    ],
    "_inlier_pts_map": [
      [
        350.0,
        75.15517241379311
      ],
      [
        375.0,
        75.15517241379311
      ],
      [
        300.0,
        100.20689655172414
      ],
      [
        325.0,
        100.20689655172414
      ],
      [
        350.0,
        100.20689655172414
      ],
      [
        375.0,
        100.20689655172414
      ],
      [
        325.0,
        125.25862068965517
      ],
      [
        350.0,
        125.25862068965517
      ],
      [
        1025.0,
        150.31034482758622
      ],
      [
        375.0,
        175.36206896551724
      ],
      [
        400.0,
        175.36206896551724
      ],
      [
        1000.0,
        175.36206896551724
      ],
      [
        1025.0,
        175.36206896551724
      ],
      [
        1050.0,
        175.36206896551724
      ],
      [
        300.0,
        200.41379310344828
      ],
      [
        325.0,
        200.41379310344828
      ],
      [
        350.0,
        200.41379310344828
      ],
      [
        375.0,
        200.41379310344828
      ],
      [
        400.0,
        200.41379310344828
      ],
      [
        975.0,
        200.41379310344828
      ],
      [
        1000.0,
        200.41379310344828
      ],
      [
        1025.0,
        200.41379310344828
      ],
      [
        1625.0,
        200.41379310344828
      ],
      [
        1650.0,
        200.41379310344828
      ],
      [
        1675.0,
        200.41379310344828
      ],
      [
        300.0,
        225.46551724137933
      ],
      [
        775.0,
        225.46551724137933
      ],
      [
        1000.0,
        225.46551724137933
      ],
      [
        1025.0,
        225.46551724137933
      ],
      [
        1550.0,
        225.46551724137933
      ],
      [
        1600.0,
        225.46551724137933
      ],
      [
        1625.0,
        225.46551724137933
      ],
      [
        1650.0,
        225.46551724137933
      ],
      [
        1675.0,
        225.46551724137933
      ],
      [
        625.0,
        250.51724137931035
      ],
      [
        725.0,
        250.51724137931035
      ],
      [
        750.0,
        250.51724137931035
      ],
      [
        775.0,
        250.51724137931035
      ],
      [
        1600.0,
        250.51724137931035
      ],
      [
        1625.0,
        250.51724137931035
      ],
      [
        725.0,
        275.5689655172414
      ],
      [
        750.0,
        275.5689655172414
      ],
      [
        375.0,
        300.62068965517244
      ],
      [
        725.0,
        300.62068965517244
      ],
      [
        750.0,
        300.62068965517244
      ],
      [
        775.0,
        300.62068965517244
      ],
      [
        250.0,
        325.6724137931035
      ],
      [
        375.0,
        325.6724137931035
      ],
      [
        400.0,
        325.6724137931035
      ],
      [
        700.0,
        325.6724137931035
      ],
      [
        725.0,
        325.6724137931035
      ],
      [
        750.0,
        325.6724137931035
      ],
      [
        775.0,
        325.6724137931035
      ],
      [
        800.0,
        325.6724137931035
      ],
      [
        825.0,
        325.6724137931035
      ],
      [
        875.0,
        325.6724137931035
      ],
      [
        250.0,
        350.7241379310345
      ],
      [
        275.0,
        350.7241379310345
      ],
      [
        375.0,
        350.7241379310345
      ],
      [
        400.0,
        350.7241379310345
      ],
      [
        750.0,
        350.7241379310345
      ],
      [
        775.0,
        350.7241379310345
      ],
      [
        800.0,
        350.7241379310345
      ],
      [
        825.0,
        350.7241379310345
      ],
      [
        350.0,
        375.7758620689655
      ],
      [
        375.0,
        375.7758620689655
      ],
      [
        400.0,
        375.7758620689655
      ],
      [
        775.0,
        375.7758620689655
      ],
      [
        800.0,
        375.7758620689655
      ],
      [
        200.0,
        400.82758620689657
      ],
      [
        800.0,
        400.82758620689657
      ],
      [
        1575.0,
        400.82758620689657
      ],
      [
        200.0,
        450.93103448275866
      ],
      [
        225.0,
        450.93103448275866
      ],
      [
        200.0,
        475.98275862068965
      ],
      [
        225.0,
        475.98275862068965
      ],
      [
        1575.0,
        475.98275862068965
      ],
      [
        175.0,
        501.0344827586207
      ],
      [
        1575.0,
        501.0344827586207
      ],
      [
        1575.0,
        526.0862068965517
      ],
      [
        300.0,
        551.1379310344828
      ],
      [
        525.0,
        551.1379310344828
      ],
      [
        550.0,
        551.1379310344828
      ],
      [
        300.0,
        576.1896551724138
      ],
      [
        425.0,
        576.1896551724138
      ],
      [
        525.0,
        576.1896551724138
      ],
      [
        250.0,
        651.344827586207
      ],
      [
        175.0,
        676.3965517241379
      ],
      [
        125.0,
        701.448275862069
      ],
      [
        150.0,
        701.448275862069
      ],
      [
        175.0,
        701.448275862069
      ],
      [
        250.0,
        701.448275862069
      ],
      [
        275.0,
        701.448275862069
      ],
      [
        125.0,
        726.5
      ],
      [
        150.0,
        726.5
      ],
      [
        175.0,
        726.5
      ],
      [
        225.0,
        726.5
      ],
      [
        250.0,
        726.5
      ],
      [
        300.0,
        726.5
      ],
      [
        325.0,
        726.5
      ],
      [
        300.0,
        751.551724137931
      ],
      [
        325.0,
        751.551724137931
      ],
      [
        350.0,
        751.551724137931
      ],
      [
        725.0,
        751.551724137931
      ],
      [
        750.0,
        776.6034482758621
      ],
      [
        850.0,
        776.6034482758621
      ]
    ],
    "_rot_map_shape": [
      1453,
      2000
    ]
  },
  "processing_time": 214.79809617996216,
  "agent_accepted": true,
  "agent_reason": "[accepted] The Article 4 Direction map for Sopwell Lane / Albert Street was successfully geolocated. Two candidates were tested: the first (Sopwell Lane) yielded 95 inlier",
  "agent_stats": {
    "position_calls": 1,
    "pdf_info": {
      "site_address": "Sopwell Lane / Albert Street Article 4 Direction area, St Albans",
      "postcodes": [],
      "grid_refs": [],
      "scale": null,
      "map_pages": [
        4
      ],
      "map_page_details": [
        {
          "page": 1,
          "category": "discard",
          "area_group": -1,
          "boundary_clarity": "none",
          "detail_level": "medium",
          "caption": "Historical 1898 O.S. map excerpt for context"
        },
        {
          "page": 4,
          "category": "match",
          "area_group": 0,
          "boundary_clarity": "clear",
          "detail_level": "close",
          "caption": "Detailed Article 4 Direction map showing boundary and affected properties in Sopwell Lane/Albert Street area"
        }
      ],