{
  "sl_no": 9005,
  "match_info": {
    "center": "live_locate:place:Childwick Green",
    "zoom": 16,
    "rotation": 0,
    "n_inliers": 240,
    "score": 109.57,
    "scale_factor": 0.86,
    "avg_scale": 0.9531,
    "window": [
      1190,
      1190
    ],
    "center_latlon": [
      51.785359567643766,
      -0.34950972030034677
    ],
    "anchor_latlon": [
      51.788,
      -0.341
    ],
    "_inlier_pts_map": [
      [
        355.25,
        226.125
      ],
      [
        532.875,
        226.125
      ],
      [
        558.25,
        226.125
      ],
      [
        609.0,
        226.125
      ],
      [
        659.75,
        226.125
      ],
      [
        735.875,
        226.125
      ],
      [
        761.25,
        226.125
      ],
      [
        786.625,
        226.125
      ],
      [
        812.0,
        226.125
      ],
      [
        913.5,
        226.125
      ],
      [
        964.25,
        226.125
      ],
      [
        558.25,
        251.25
      ],
      [
        583.625,
        251.25
      ],
      [
        609.0,
        251.25
      ],
      [
        634.375,
        251.25
      ],
      [
        659.75,
        251.25
      ],
      [
        735.875,
        251.25
      ],
      [
        761.25,
        251.25
      ],
      [
        786.625,
        251.25
      ],
      [
        812.0,
        251.25
      ],
      [
        964.25,
        251.25
      ],
      [
        380.625,
        276.375
      ],
      [
        406.0,
        276.375
      ],
      [
        456.75,
        276.375
      ],
      [
        558.25,
        276.375
      ],
      [
        583.625,
        276.375
      ],
      [
        609.0,
        276.375
      ],
      [
        634.375,
        276.375
      ],
      [
        659.75,
        276.375
      ],
      [
        735.875,
        276.375
      ],
      [
        761.25,
        276.375
      ],
      [
        786.625,
        276.375
      ],
      [
        812.0,
        276.375
      ],
      [
        837.375,
        276.375
      ],
      [
        558.25,
        301.5
      ],
      [
        583.625,
        301.5
      ],
      [
        609.0,
        301.5
      ],
      [
        634.375,
        301.5
      ],
      [
        735.875,
        301.5
      ],
      [
        964.25,
        301.5
      ],
      [
        989.625,
        301.5
      ],
      [
        456.75,
        326.625
      ],
      [
        507.5,
        326.625
      ],
      [
        532.875,
        326.625
      ],
      [
        558.25,
        326.625
      ],
      [
        609.0,
        326.625
      ],
      [
        735.875,
        326.625
      ],
      [
        989.625,
        326.625
      ],
      [
        1015.0,
        326.625
      ],
      [
        1065.75,
        326.625
      ],
      [
        482.125,
        351.75
      ],
      [
        710.5,
        351.75
      ],
      [
        812.0,
        351.75
      ],
      [
        964.25,
        351.75
      ],
      [
        989.625,
        351.75
      ],
      [
        1015.0,
        351.75
      ],
      [
        1040.375,
        351.75
      ],
      [
        1065.75,
        351.75
      ],
      [
        786.625,
        376.875
      ],
      [
        812.0,
        376.875
      ],
      [
        1015.0,
        376.875
      ],
      [
        1040.375,
        376.875
      ],
      [
        1065.75,
        376.875
      ],
      [
        1091.125,
        376.875
      ],
      [
        812.0,
        402.0
      ],
      [
        837.375,
        402.0
      ],
      [
        1091.125,
        402.0
      ],
      [
        1116.5,
        402.0
      ],
      [
        761.25,
        427.125
      ],
      [
        989.625,
        427.125
      ],
      [
        1015.0,
        427.125
      ],
      [
        1040.375,
        427.125
      ],
      [
        1065.75,
        427.125
      ],
      [
        1091.125,
        427.125
      ],
      [
        1116.5,
        427.125
      ],
      [
        1141.875,
        427.125
      ],
      [
        761.25,
        452.25
      ],
      [
        786.625,
        452.25
      ],
      [
        1015.0,
        452.25
      ],
      [
        1040.375,
        452.25
      ],
      [
        1065.75,
        452.25
      ],
      [
        1091.125,
        452.25
      ],
      [
        1116.5,
        452.25
      ],
      [
        1141.875,
        452.25
      ],
      [
        761.25,
        477.375
      ],
      [
        786.625,
        477.375
      ],
      [
        1040.375,
        477.375
      ],
      [
        1065.75,
        477.375
      ],
      [
        1091.125,
        477.375
      ],
      [
        1116.5,
        477.375
      ],
      [
        1141.875,
        477.375
      ],
      [
        1040.375,
        502.5
      ],
      [
        1065.75,
        502.5
      ],
      [
        355.25,
        527.625
      ],
      [
        380.625,
        527.625
      ],
      [
        1091.125,
        527.625
      ],
      [
        1116.5,
        527.625
      ],
      [
        329.875,
        552.75
      ],
      [
        583.625,
        552.75
      ],
      [
        1091.125,
        552.75
      ],
      [
        558.25,
        577.875
      ],
      [
        583.625,
        577.875
      ],
      [
        609.0,
        577.875
      ],
      [
        888.125,
        577.875
      ],
      [
        431.375,
        603.0
      ],
      [
        456.75,
        603.0
      ],
      [
        507.5,
        603.0
      ],
      [
        532.875,
        603.0
      ],
      [
        583.625,
        603.0
      ],
      [
        609.0,
        603.0
      ],
      [
        634.375,
        603.0
      ],
      [
        888.125,
        603.0
      ],
      [
        406.0,
        628.125
      ],
      [
        431.375,
        628.125
      ],
      [
        507.5,
        628.125
      ],
      [
        532.875,
        628.125
      ],
      [
        558.25,
        628.125
      ],
      [
        583.625,
        628.125
      ],
      [
        634.375,
        628.125
      ],
      [
        913.5,
        628.125
      ],
      [
        431.375,
        653.25
      ],
      [
        507.5,
        653.25
      ],
      [
        532.875,
        653.25
      ],
      [
        558.25,
        653.25
      ],
      [
        583.625,
        653.25
      ],
      [
        609.0,
        653.25
      ],
      [
        406.0,
        678.375
      ],
      [
        431.375,
        678.375
      ],
      [
        482.125,
        678.375
      ],
      [
        507.5,
        678.375
      ],
      [
        532.875,
        678.375
      ],
      [
        558.25,
        678.375
      ],
      [
        583.625,
        678.375
      ],
      [
        609.0,
        678.375
      ],
      [
        634.375,
        678.375
      ],
      [
        558.25,
        703.5
      ],
      [
        583.625,
        703.5
      ],
      [
        609.0,
        703.5
      ],
      [
        558.25,
        728.625
      ],
      [
        583.625,
        728.625
      ],
      [
        609.0,
        728.625
      ],
      [
        532.875,
        753.75
      ],
      [
        558.25,
        753.75
      ],
      [
        583.625,
        753.75
      ],
      [
        609.0,
        753.75
      ],
      [
        634.375,
        753.75
      ],
      [
        532.875,
        778.875
      ],
      [
        558.25,
        778.875
      ],
      [
        583.625,
        778.875
      ],
      [
        609.0,
        778.875
      ],
      [
        532.875,
        804.0
      ],
      [
        558.25,
        804.0
      ],
      [
        583.625,
        804.0
      ],
      [
        355.25,
        829.125
      ],
      [
        380.625,
        829.125
      ],
