{
  "sl_no": 208,
  "match_info": {
    "center": "live_locate:place:Cunningham Avenue",
    "zoom": 18,
    "rotation": 0,
    "n_inliers": 29,
    "score": 11.25,
    "scale_factor": 0.859,
    "avg_scale": 0.916,
    "window": [
      558,
      1302
    ],
    "center_latlon": [
      51.744762143549,
      -0.32224580299379113
    ],
    "anchor_latlon": [
      51.744095268905,
      -0.323688934302901
    ],
    "_inlier_pts_map": [
      [
        376.5,
        507.14285714285717
      ],
      [
        401.6,
        507.14285714285717
      ],
      [
        376.5,
        532.5
      ],
      [
        401.6,
        532.5
      ],
      [
        451.8,
        532.5
      ],
      [
        502.0,
        532.5
      ],
      [
        376.5,
        557.8571428571429
      ],
      [
        401.6,
        557.8571428571429
      ],
      [
        426.70000000000005,
        557.8571428571429
      ],
      [
        451.8,
        557.8571428571429
      ],
      [
        476.90000000000003,
        557.8571428571429
      ],
      [
        502.0,
        557.8571428571429
      ],
      [
        376.5,
        583.2142857142858
      ],
      [
        401.6,
        583.2142857142858
      ],
      [
        351.40000000000003,
        760.7142857142858
      ],
      [
        351.40000000000003,
        786.0714285714286
      ],
      [
        376.5,
        786.0714285714286
      ],
      [
        401.6,
        786.0714285714286
      ],
      [
        351.40000000000003,
        811.4285714285714
      ],
      [
        376.5,
        811.4285714285714
      ],
      [
        401.6,
        811.4285714285714
      ],
      [
        376.5,
        836.7857142857143
      ],
      [
        401.6,
        836.7857142857143
      ],
      [
        426.70000000000005,
        836.7857142857143
      ],
      [
        376.5,
        862.1428571428571
      ],
      [
        401.6,
        862.1428571428571
      ],
      [
        426.70000000000005,
        862.1428571428571
      ],
      [
        401.6,
        887.5
      ],
      [
        401.6,
        912.8571428571429
      ]
    ],
    "_rot_map_shape": [
      1420,
      2008
    ]
  },
  "processing_time": 190.70517420768738,
  "agent_accepted": true,
  "agent_reason": "[accepted] The map shows an Article 4 Direction area covering properties along Cunningham Avenue in St Albans. Two match attempts were made. The first attempt at Cunningha",
  "agent_stats": {
    "position_calls": 1,
    "pdf_info": {
      "site_address": "Cunningham Avenue Article 4 Direction area, St Albans",
      "postcodes": [],
      "grid_refs": [],
      "scale": null,
      "map_pages": [
        1
      ],
      "map_page_details": [
        {
          "page": 1,
          "category": "match",
          "area_group": 0,
          "boundary_clarity": "clear",
          "detail_level": "close",
          "caption": "Cunningham Avenue Article 4 Direction map showing hatched boundary over residential properties."
        }
      ],
      "road_names": [
        "Cunningham Avenue"
      ],
      "place_names": [
        "Cunningham Avenue Conservation Area",
        "St Albans City & District Council"
      ],
      "is_district_wide": false,
      "district_name": "St Albans City and District Council, UK",
      "house_number_road_pairs": [],
      "parish_names": [],
      "admin_region": "St Albans",
      "likely_town_or_city": "St Albans",
      "visible_map_labels": [
        "Cunningham Avenue",
        "St Albans City & District Council"
      ],
      "adjacency_hints": []
    },
    "reader_request_tokens": 5012,
    "reader_response_tokens": 230,
    "outcome_status": "accepted",
    "outcome_reasoning": "The map shows an Article 4 Direction area covering properties along Cunningham Avenue in St Albans. Two match attempts were made. The first attempt at Cunningham Avenue (51.744, -0.324) yielded 29 inliers with strong road name agreement (1.0) and good scale consistency (0.84). The second attempt at Cunningham Hill Road yielded 26 inliers. Although the inlier count is in the 'WEAK' range (25-49), the high road name agreement and consistent scale across both attempts confirm the location is correct. I have committed the first candidate as it had the highest inlier count.",
    "rotation_checked": false,
    "tool_calls": {
      "propose_centers": 2,
      "match_at": 2,
      "commit_match": 1,
      "final_result": 1
    },
    "total_tool_calls": 6,
    "n_turns": 13,
    "validator_retries": 0,
    "worker_request_tokens": 30353,
    "worker_response_tokens": 447,
    "request_tokens": 35365,
    "response_tokens": 677,
    "total_tokens": 36042,
    "critic": {
      "n_rejections": 0,
      "iterations": [
        {
          "iter_idx": 0,
          "action": "approve",
          "chosen_candidate_id": 0,
          "reasoning": "The committed candidate 0 shows strong visual alignment with the road layout of Cunningham Avenue and the railway line to its west. The projected boundary correctly encapsulates the row of residential properties along the avenue, matching the green hatched area on the planning map, and both candidates agree on the location.",
          "wall_s": 2.3,
          "llm_error": null
        }
      ],
      "tokens": {
        "request": 4061,
        "response": 86
      }
    }
  },
  "valid_ground_truth": true,
  "valid_prediction": true,
  "validation_error": null,
  "iou": 0.8470659017204634,
  "precision": 0.8698330154762947,
  "recall": 0.9700264310145716,
  "f1_score": 0.9172016016662624,
  "positioning_error_m": 9.74036020063705,
  "worker_first_iou": 0.8470659017204634,
  "worker_first_metrics": {
    "valid_ground_truth": true,
    "valid_prediction": true,
    "validation_error": null,
    "iou": 0.8470659017204634,
    "precision": 0.8698330154762947,
    "recall": 0.9700264310145716,
    "f1_score": 0.9172016016662624,
    "positioning_error_m": 9.74036020063705
  }
}