{
  "sl_no": 31,
  "match_info": {
    "center": "live_locate:intersect:Watton Road x Little Melton La",
    "zoom": 16,
    "rotation": 0,
    "n_inliers": 178,
    "score": 90.9,
    "scale_factor": 0.876,
    "avg_scale": 1.043,
    "window": [
      528,
      660
    ],
    "center_latlon": [
      52.62184348955614,
      1.2054049669555127
    ],
    "anchor_latlon": [
      52.6217,
      1.2115
    ],
    "_inlier_pts_map": [
      [
        1008.4285714285714,
        409.4
      ],
      [
        1034.2857142857142,
        409.4
      ],
      [
        1034.2857142857142,
        434.98749999999995
      ],
      [
        1086.0,
        434.98749999999995
      ],
      [
        1034.2857142857142,
        460.575
      ],
      [
        1060.142857142857,
        460.575
      ],
      [
        1086.0,
        460.575
      ],
      [
        1034.2857142857142,
        486.16249999999997
      ],
      [
        1060.142857142857,
        486.16249999999997
      ],
      [
        1060.142857142857,
        511.75
      ],
      [
        1370.4285714285716,
        588.5124999999999
      ],
      [
        1060.142857142857,
        614.0999999999999
      ],
      [
        1086.0,
        614.0999999999999
      ],
      [
        1318.7142857142858,
        614.0999999999999
      ],
      [
        1344.5714285714287,
        614.0999999999999
      ],
      [
        1370.4285714285716,
        614.0999999999999
      ],
      [
        1060.142857142857,
        639.6875
      ],
      [
        1137.7142857142858,
        639.6875
      ],
      [
        1292.857142857143,
        639.6875
      ],
      [
        1318.7142857142858,
        639.6875
      ],
      [
        1344.5714285714287,
        639.6875
      ],
      [
        1370.4285714285716,
        639.6875
      ],
      [
        1086.0,
        665.275
      ],
      [
        1137.7142857142858,
        665.275
      ],
      [
        1163.5714285714287,
        665.275
      ],
      [
        1241.142857142857,
        665.275
      ],
      [
        1267.0,
        665.275
      ],
      [
        1292.857142857143,
        665.275
      ],
      [
        1318.7142857142858,
        665.275
      ],
      [
        1344.5714285714287,
        665.275
      ],
      [
        1370.4285714285716,
        665.275
      ],
      [
        1137.7142857142858,
        690.8625
      ],
      [
        1189.4285714285716,
        690.8625
      ],
      [
        1215.2857142857142,
        690.8625
      ],
      [
        1241.142857142857,
        690.8625
      ],
      [
        1267.0,
        690.8625
      ],
      [
        1292.857142857143,
        690.8625
      ],
      [
        1318.7142857142858,
        690.8625
      ],
      [
        1344.5714285714287,
        690.8625
      ],
      [
        1370.4285714285716,
        690.8625
      ],
      [
        1137.7142857142858,
        716.4499999999999
      ],
      [
        1163.5714285714287,
        716.4499999999999
      ],
      [
        1189.4285714285716,
        716.4499999999999
      ],
      [
        1215.2857142857142,
        716.4499999999999
      ],
      [
        1241.142857142857,
        716.4499999999999
      ],
      [
        1267.0,
        716.4499999999999
      ],
      [
        1292.857142857143,
        716.4499999999999
      ],
      [
        1318.7142857142858,
        716.4499999999999
      ],
      [
        1344.5714285714287,
        716.4499999999999
      ],
      [
        1370.4285714285716,
        716.4499999999999
      ],
      [
        1163.5714285714287,
        742.0374999999999
      ],
      [
        1189.4285714285716,
        742.0374999999999
      ],
      [
        1215.2857142857142,
        742.0374999999999
      ],
      [
        1241.142857142857,
        742.0374999999999
      ],
      [
        1267.0,
        742.0374999999999
      ],
      [
        1292.857142857143,
        742.0374999999999
      ],
      [
        1318.7142857142858,
        742.0374999999999
      ],
      [
        1344.5714285714287,
        742.0374999999999
      ],
      [
        1189.4285714285716,
        767.625
      ],
      [
        1215.2857142857142,
        767.625
      ],
      [
        1241.142857142857,
        767.625
      ],
      [
        1267.0,
        767.625
      ],
      [
        1318.7142857142858,
        767.625
      ],
      [
        1137.7142857142858,
        793.2125
      ],
      [
        1189.4285714285716,
        793.2125
      ],
      [
        1215.2857142857142,
        793.2125
      ],
      [
        879.1428571428571,
        818.8
      ],
      [
        1111.857142857143,
        818.8
      ],
      [
        1137.7142857142858,
        818.8
      ],
      [
        1189.4285714285716,
        818.8
      ],
      [
        801.5714285714286,
        844.3874999999999
      ],
      [
        1111.857142857143,
        869.9749999999999
      ],
      [
        206.85714285714286,
        895.5625
      ],
      [
        232.71428571428572,
        895.5625
      ],
      [
        258.57142857142856,
        895.5625
      ],
      [
        232.71428571428572,
        921.15
      ],
      [
        258.57142857142856,
        921.15
      ],
      [
        387.8571428571429,
        972.3249999999999
      ],
      [
        258.57142857142856,
        997.9124999999999
      ],
      [
        258.57142857142856,
        1023.5
      ],
      [
        362.0,
        1023.5
      ],
      [
        465.42857142857144,
        1202.6125
      ],
      [
        491.2857142857143,
        1202.6125
      ],
      [
        465.42857142857144,
        1228.1999999999998
      ],
      [
        465.42857142857144,
        1279.375
      ],
      [
        465.42857142857144,
        1304.9624999999999
      ],
      [
        491.2857142857143,
        1304.9624999999999
      ],
      [
        232.71428571428572,
        1381.725
      ],
      [
        258.57142857142856,
        1407.3125
      ],
      [
        284.42857142857144,
        1407.3125
      ],
      [
        206.85714285714286,
        1458.4875
      ],
      [
        232.71428571428572,
        1458.4875
      ],
      [
        258.57142857142856,
        1458.4875
      ],
      [
        284.42857142857144,
        1458.4875
      ],
      [
        206.85714285714286,
        1484.0749999999998
      ],
      [
        232.71428571428572,
        1484.0749999999998
      ],
      [
        258.57142857142856,
        1484.0749999999998
      ],
      [
        284.42857142857144,
        1484.0749999999998
      ],
      [
        206.85714285714286,
        1509.6625
      ],
      [
        232.71428571428572,
        1509.6625
      ],
      [
        258.57142857142856,
        1509.6625
      ],
      [
        284.42857142857144,
        1509.6625
      ],
      [
        310.2857142857143,
        1509.6625
      ],
      [
        310.2857142857143,
        1535.25
      ],
      [
        336.14285714285717,
        1535.25
      ],
      [
        206.85714285714286,
        1560.8374999999999
      ],
      [
        310.2857142857143,
        1560.8374999999999
      ],
      [
        336.14285714285717,
        1560.8374999999999
      ],
      [
        362.0,
        1560.8374999999999
      ],
      [
        284.42857142857144,
        1586.425
      ],
      [
        387.8571428571429,
        1586.425
      ],
      [
        232.71428571428572,
        1612.0124999999998
      ],
      [
        310.2857142857143,
        1612.0124999999998
      ],
      [
        413.7142857142857,
        1612.0124999999998
      ],
      [
        310.2857142857143,
        1637.6
      ],
      [
        336.14285714285717,
        1637.6
      ],
      [
        1370.4285714285716,
        1663.1875
      ],
      [
        387.8571428571429,
        1688.7749999999999
      ],
