{
  "sl_no": 260,
  "match_info": {
    "center": "live_locate:place:Saredon Road",
    "zoom": 16,
    "rotation": 0,
    "n_inliers": 25,
    "score": 13.35,
    "scale_factor": 0.877,
    "avg_scale": 0.9687,
    "window": [
      408,
      136
    ],
    "center_latlon": [
      52.66025447193392,
      -2.0329157403631086
    ],
    "anchor_latlon": [
      52.6620613060656,
      -2.0424497593878
    ],
    "_inlier_pts_map": [
      [
        72.45,
        951.7857142857142
      ],
      [
        108.67500000000001,
        951.7857142857142
      ],
      [
        181.125,
        951.7857142857142
      ],
      [
        108.67500000000001,
        988.3928571428571
      ],
      [
        144.9,
        988.3928571428571
      ],
      [
        181.125,
        988.3928571428571
      ],
      [
        217.35000000000002,
        988.3928571428571
      ],
      [
        72.45,
        1025.0
      ],
      [
        108.67500000000001,
        1025.0
      ],
      [
        144.9,
        1025.0
      ],
      [
        181.125,
        1025.0
      ],
      [
        217.35000000000002,
        1025.0
      ],
      [
        108.67500000000001,
        1061.6071428571427
      ],
      [
        144.9,
        1061.6071428571427
      ],
      [
        181.125,
        1061.6071428571427
      ],
      [
        217.35000000000002,
        1061.6071428571427
      ],
      [
        253.57500000000002,
        1061.6071428571427
      ],
      [
        144.9,
        1098.2142857142856
      ],
      [
        181.125,
        1098.2142857142856
      ],
      [
        217.35000000000002,
        1098.2142857142856
      ],
      [
        144.9,
        1134.8214285714284
      ],
      [
        181.125,
        1134.8214285714284
      ],
      [
        144.9,
        1171.4285714285713
      ],
      [
        181.125,
        1171.4285714285713
      ],
      [
        181.125,
        1208.0357142857142
      ]
    ],
    "_rot_map_shape": [
      2050,
      2898
    ]
  },
  "processing_time": 441.4631359577179,
  "agent_accepted": true,
  "agent_reason": "[accepted] The planning boundary for Blacklees Farm, Saredon, was identified on page 2. Multiple attempts were made to locate the site using place names like 'Great Saredo",
  "agent_stats": {
    "position_calls": 1,
    "pdf_info": {
      "site_address": "Blacklees Farm, Saredon",
      "postcodes": [],
      "grid_refs": [],
      "scale": null,
      "map_pages": [
        2
      ],
      "map_page_details": [
        {
          "page": 1,
          "category": "discard",
          "area_group": -1,
          "boundary_clarity": "none",
          "detail_level": "wide",
          "caption": "Article 4 Direction text document for South Staffordshire District Council."
        },
        {
          "page": 2,
          "category": "match",
          "area_group": 0,
          "boundary_clarity": "clear",
          "detail_level": "medium",
          "caption": "Site plan showing red boundary around Blacklees Farm, Saredon."
        }
      ],
      "road_names": [],
      "place_names": [
        "Blacklees Farm",
        "Saredon",
        "Holly Bush Farm",
        "Tile Works",
        "Cannock Wood"
      ],
      "is_district_wide": false,
      "district_name": null,
      "house_number_road_pairs": [],
      "parish_names": [],
      "admin_region": null,
      "likely_town_or_city": null,
      "visible_map_labels": [],
      "adjacency_hints": []
    },
    "outcome_status": "accepted",
    "outcome_reasoning": "The planning boundary for Blacklees Farm, Saredon, was identified on page 2. Multiple attempts were made to locate the site using place names like 'Great Saredon', 'Campian's Wood', and 'Saredon Road'. The best match was found at (52.662, -2.042) with 25 inliers and a high scale consistency of 0.94. This location correctly aligns with the road layout and landmarks (Campian's Wood, Tile Works) shown on the map. The boundary was successfully projected and committed.",
    "rotation_checked": false,
    "tool_calls": {
      "submit_pdf_info": 1,
      "propose_centers": 4,
      "match_at": 4,
      "commit_match": 1,
      "final_result": 1
    },
    "total_tool_calls": 11,
    "n_turns": 23,
    "validator_retries": 0,
    "worker_request_tokens": 96412,
    "worker_response_tokens": 891,
    "request_tokens": 96412,
    "response_tokens": 891,
    "total_tokens": 97303
  },
  "valid_ground_truth": true,
  "valid_prediction": true,
  "validation_error": null,
  "iou": 0.07027229211248609,
  "precision": 0.07464333717575791,
  "recall": 0.5454594763444592,
  "f1_score": 0.13131666143348145,
  "positioning_error_m": 981.3735115523424
}