{
  "sl_no": 194,
  "match_info": {
    "center": "live_locate:place:Hilda's Wood",
    "zoom": 18,
    "rotation": 0,
    "n_inliers": 147,
    "score": 61.57,
    "scale_factor": 0.866,
    "avg_scale": 0.9812,
    "window": [
      708,
      944
    ],
    "center_latlon": [
      52.11562366346966,
      0.24440838094417927
    ],
    "anchor_latlon": [
      52.114538,
      0.248263
    ],
    "_inlier_pts_map": [
      [
        153.42857142857144,
        202.5
      ],
      [
        306.8571428571429,
        202.5
      ],
      [
        332.42857142857144,
        202.5
      ],
      [
        255.71428571428572,
        227.8125
      ],
      [
        281.2857142857143,
        227.8125
      ],
      [
        306.8571428571429,
        227.8125
      ],
      [
        179.0,
        253.125
      ],
      [
        204.57142857142858,
        253.125
      ],
      [
        230.14285714285717,
        253.125
      ],
      [
        255.71428571428572,
        253.125
      ],
      [
        153.42857142857144,
        278.4375
      ],
      [
        179.0,
        278.4375
      ],
      [
        204.57142857142858,
        278.4375
      ],
      [
        230.14285714285717,
        278.4375
      ],
      [
        179.0,
        303.75
      ],
      [
        204.57142857142858,
        303.75
      ],
      [
        230.14285714285717,
        303.75
      ],
      [
        306.8571428571429,
        455.625
      ],
      [
        332.42857142857144,
        455.625
      ],
      [
        306.8571428571429,
        480.9375
      ],
      [
        332.42857142857144,
        480.9375
      ],
      [
        358.0,
        480.9375
      ],
      [
        281.2857142857143,
        506.25
      ],
      [
        306.8571428571429,
        506.25
      ],
      [
        306.8571428571429,
        531.5625
      ],
      [
        1176.2857142857144,
        531.5625
      ],
      [
        306.8571428571429,
        556.875
      ],
      [
        332.42857142857144,
        582.1875
      ],
      [
        358.0,
        582.1875
      ],
      [
        383.5714285714286,
        607.5
      ],
      [
        409.14285714285717,
        632.8125
      ],
      [
        409.14285714285717,
        658.125
      ],
      [
        434.7142857142857,
        658.125
      ],
      [
        409.14285714285717,
        683.4375
      ],
      [
        434.7142857142857,
        683.4375
      ],
      [
        434.7142857142857,
        708.75
      ],
      [
        460.28571428571433,
        708.75
      ],
      [
        485.8571428571429,
        708.75
      ],
      [
        409.14285714285717,
        734.0625
      ],
      [
        434.7142857142857,
        734.0625
      ],
      [
        460.28571428571433,
        734.0625
      ],
      [
        460.28571428571433,
        759.375
      ],
      [
        792.7142857142858,
        1139.0625
      ],
      [
        792.7142857142858,
        1164.375
      ],
      [
        792.7142857142858,
        1189.6875
      ],
      [
        818.2857142857143,
        1189.6875
      ],
      [
        971.7142857142858,
        1240.3125
      ],
      [
        1227.4285714285716,
        1240.3125
      ],
      [
        946.1428571428572,
        1265.625
      ],
      [
        971.7142857142858,
        1265.625
      ],
      [
        997.2857142857143,
        1265.625
      ],
      [
        1176.2857142857144,
        1265.625
      ],
      [
        1201.857142857143,
        1265.625
      ],
      [
        946.1428571428572,
        1290.9375
      ],
      [
        971.7142857142858,
        1290.9375
      ],
      [
        997.2857142857143,
        1290.9375
      ],
      [
        920.5714285714287,
        1316.25
      ],
      [
        946.1428571428572,
        1316.25
      ],
      [
        971.7142857142858,
        1316.25
      ],
      [
        997.2857142857143,
        1316.25
      ],
      [
        1022.8571428571429,
        1316.25
      ],
      [
        869.4285714285714,
        1341.5625
      ],
      [
        895.0,
        1341.5625
      ],
      [
        920.5714285714287,
        1341.5625
      ],
      [
        946.1428571428572,
        1341.5625
      ],
      [
        971.7142857142858,
        1341.5625
      ],
      [
        997.2857142857143,
        1341.5625
      ],
      [
        1022.8571428571429,
        1341.5625
      ],
      [
        1048.4285714285716,
        1341.5625
      ],
      [
        1074.0,
        1341.5625
      ],
      [
        895.0,
        1366.875
      ],
      [
        920.5714285714287,
        1366.875
      ],
      [
        946.1428571428572,
        1366.875
      ],
      [
        971.7142857142858,
        1366.875
      ],
      [
        997.2857142857143,
        1366.875
      ],
      [
        1022.8571428571429,
        1366.875
      ],
      [
        1048.4285714285716,
        1366.875
      ],
      [
        920.5714285714287,
        1392.1875
      ],
      [
        946.1428571428572,
        1392.1875
      ],
      [
        971.7142857142858,
        1392.1875
      ],
      [
        997.2857142857143,
        1392.1875
      ],
      [
        1022.8571428571429,
        1392.1875
      ],
      [
        1048.4285714285716,
        1392.1875
      ],
      [
        1074.0,
        1392.1875
      ],
      [
        946.1428571428572,
        1417.5
      ],
      [
        971.7142857142858,
        1417.5
      ],
      [
        997.2857142857143,
        1417.5
      ],
      [
        1022.8571428571429,
        1417.5
      ],
      [
        1048.4285714285716,
        1417.5
      ],
      [
        1074.0,
        1417.5
      ],
      [
        818.2857142857143,
        1442.8125
      ],
      [
        997.2857142857143,
        1442.8125
      ],
      [
        843.8571428571429,
        1468.125
      ],
      [
        869.4285714285714,
        1468.125
      ],
      [
        895.0,
        1468.125
      ],
      [
        920.5714285714287,
        1468.125
      ],
      [
        946.1428571428572,
        1468.125
      ],
      [
        1022.8571428571429,
        1468.125
      ],
      [
        818.2857142857143,
        1493.4375
      ],
      [
        843.8571428571429,
        1493.4375
      ],
      [
        869.4285714285714,
        1493.4375
      ],
      [
        895.0,
        1493.4375
      ],
      [
        818.2857142857143,
        1518.75
      ],
      [
        843.8571428571429,
        1518.75
      ],
      [
        869.4285714285714,
        1518.75
      ],
      [
        818.2857142857143,
        1544.0625
      ],
      [
        843.8571428571429,
        1544.0625
      ],
      [
        869.4285714285714,
        1544.0625
      ],
      [
        843.8571428571429,
        1569.375
      ],
      [
        869.4285714285714,
        1569.375
      ],
      [
        843.8571428571429,
        1594.6875
      ],
      [
        869.4285714285714,
        1594.6875
      ],
      [
        895.0,
        1594.6875
      ],
      [
        1099.5714285714287,
        1645.3125
      ],
      [
        1125.142857142857,
        1645.3125
      ],
      [
        1099.5714285714287,
        1670.625
      ],
      [
        1125.142857142857,
        1670.625
      ],
      [
        1150.7142857142858,
        1670.625
      ],
      [
        1201.857142857143,
        1670.625
      ],
      [
        1227.4285714285716,
        1670.625
      ],
      [
        1253.0,
        1670.625
      ],
      [
        1278.5714285714287,
        1670.625
      ],
      [
        1125.142857142857,
        1695.9375
      ],
      [
        1150.7142857142858,
        1695.9375
      ],
      [
        1176.2857142857144,
        1695.9375
      ],
      [
        1201.857142857143,
        1695.9375
      ],
      [
        1253.0,
