{
  "sl_no": 8,
  "match_info": {
    "center": "live_locate:place:Folkestone Road",
    "zoom": 17,
    "rotation": 0,
    "n_inliers": 26,
    "score": 10.64,
    "scale_factor": 0.423,
    "avg_scale": 0.9688,
    "window": [
      1848,
      1056
    ],
    "center_latlon": [
      51.11845548752399,
      1.2939893479750708
    ],
    "anchor_latlon": [
      51.1171613451649,
      1.27722933623018
    ],
    "_inlier_pts_map": [
      [
        396.0,
        675.0
      ],
      [
        420.75,
        675.0
      ],
      [
        470.25,
        675.0
      ],
      [
        495.0,
        675.0
      ],
      [
        420.75,
        700.0
      ],
      [
        445.5,
        700.0
      ],
      [
        470.25,
        700.0
      ],
      [
        495.0,
        700.0
      ],
      [
        420.75,
        725.0
      ],
      [
        445.5,
        725.0
      ],
      [
        495.0,
        775.0
      ],
      [
        519.75,
        775.0
      ],
      [
        544.5,
        775.0
      ],
      [
        544.5,
        800.0
      ],
      [
        519.75,
        825.0
      ],
      [
        544.5,
        825.0
      ],
      [
        569.25,
        825.0
      ],
      [
        594.0,
        825.0
      ],
      [
        519.75,
        850.0
      ],
      [
        544.5,
        850.0
      ],
      [
        569.25,
        850.0
      ],
      [
        594.0,
        850.0
      ],
      [
        544.5,
        875.0
      ],
      [
        569.25,
        875.0
      ],
      [
        594.0,
        875.0
      ],
      [
        618.75,
        875.0
      ]
    ],
    "_rot_map_shape": [
      1400,
      1980
    ]
  },
  "processing_time": 328.88640308380127,
  "agent_accepted": true,
  "agent_reason": "[accepted] The site was located northwest of the A20 Folkestone Road in Dover, near Broomfield Wood and Hougham Lodge. Multiple candidates were tested based on place names",
  "agent_stats": {
    "position_calls": 1,
    "pdf_info": {
      "site_address": "Land Northwest of the A20 Folkestone Road, Hougham Without Parish, Dover",
      "postcodes": [
        "CT16 3PG"
      ],
      "grid_refs": [
        "TR 2839",
        "TR 2840"
      ],
      "scale": "1:2500",
      "map_pages": [
        5
      ],
      "map_page_details": [
        {
          "page": 5,
          "category": "match",
          "area_group": 0,
          "boundary_clarity": "clear",
          "detail_level": "medium",
          "caption": "Site plan showing land northwest of A20 Folkestone Road with red boundary line."
        }
      ],
      "road_names": [
        "A20 Folkestone Road"
      ],
      "place_names": [
        "Broomfield Wood",
        "Hougham Lodge",
        "The Plough",
        "Gorse Park"
      ],
      "is_district_wide": false,
      "district_name": null,
      "house_number_road_pairs": [],
      "parish_names": [
        "Hougham Without"
      ],
      "admin_region": "Dover",
      "likely_town_or_city": "Dover",
      "visible_map_labels": [
        "FOLKESTONE ROAD (A20)",
        "Broomfield Wood",
        "Hougham Lodge",
        "The Plough (P.H.)",
        "Gorse Park"
      ],
      "adjacency_hints": [
        "A20 Folkestone Road"
      ]
    },
    "reader_request_tokens": 6076,
    "reader_response_tokens": 308,
    "outcome_status": "accepted",
    "outcome_reasoning": "The site was located northwest of the A20 Folkestone Road in Dover, near Broomfield Wood and Hougham Lodge. Multiple candidates were tested based on place names and grid references (TR 2839, TR 2840). The best match was achieved at the Folkestone Road candidate (candidate_id 1) with 26 inliers and a high scale consistency of 0.94. While the inlier count is in the 'WEAK' range, it was the strongest result obtained across multiple attempts in this rural area with sparse cartographic features. The road name agreement was strong (1.0), confirming the location along the A20. The boundary was successfully extracted and projected.",
    "rotation_checked": false,
    "tool_calls": {
      "propose_centers": 5,
      "match_at": 4,
      "commit_match": 1,
      "final_result": 1
    },
    "total_tool_calls": 11,
    "n_turns": 23,
    "validator_retries": 1,
    "worker_request_tokens": 60324,
    "worker_response_tokens": 704,
    "request_tokens": 66400,
    "response_tokens": 1012,
    "total_tokens": 67412,
    "critic": {
      "n_rejections": 0,
      "iterations": [
        {
          "iter_idx": 0,
          "action": "approve",
          "chosen_candidate_id": 1,
          "reasoning": "Candidate 1 shows the best visual alignment, correctly placing the site boundary along the edge of the residential street pattern shown in the OS tile. The scale_consistency of 0.94 is high, and n_inliers is the highest among presented options, confirming a reliable match.",
          "wall_s": 3.0,
          "llm_error": null
        }
      ],
      "tokens": {
        "request": 5212,
        "response": 88
      }
    }
  },
  "valid_ground_truth": true,
  "valid_prediction": true,
  "validation_error": null,
  "iou": 0.0,
  "precision": 0.0,
  "recall": 0.0,
  "f1_score": 0.0,
  "positioning_error_m": 1976.1355702338826,
  "worker_first_iou": 0.0,
  "worker_first_metrics": {
    "valid_ground_truth": true,
    "valid_prediction": true,
    "validation_error": null,
    "iou": 0.0,
    "precision": 0.0,
    "recall": 0.0,
    "f1_score": 0.0,
    "positioning_error_m": 1976.1355702338826
  }
}