{
  "sl_no": 112,
  "match_info": {
    "center": "live_locate:postcode:PE5 7AE",
    "zoom": 19,
    "rotation": 0,
    "n_inliers": 236,
    "score": 115.84,
    "scale_factor": 0.875,
    "avg_scale": 1.1439,
    "window": [
      774,
      2064
    ],
    "center_latlon": [
      52.57572908897614,
      -0.3526335204917359
    ],
    "anchor_latlon": [
      52.5772315031323,
      -0.351402471185426
    ],
    "_inlier_pts_map": [
      [
        439.26785714285717,
        255.75
      ],
      [
        465.1071428571429,
        255.75
      ],
      [
        490.9464285714286,
        255.75
      ],
      [
        516.7857142857143,
        255.75
      ],
      [
        439.26785714285717,
        281.325
      ],
      [
        465.1071428571429,
        281.325
      ],
      [
        490.9464285714286,
        281.325
      ],
      [
        516.7857142857143,
        281.325
      ],
      [
        465.1071428571429,
        306.9
      ],
      [
        490.9464285714286,
        306.9
      ],
      [
        516.7857142857143,
        306.9
      ],
      [
        1007.7321428571429,
        383.625
      ],
      [
        723.5,
        409.2
      ],
      [
        671.8214285714286,
        434.775
      ],
      [
        697.6607142857143,
        434.775
      ],
      [
        1007.7321428571429,
        434.775
      ],
      [
        1033.5714285714287,
        434.775
      ],
      [
        645.9821428571429,
        460.34999999999997
      ],
      [
        671.8214285714286,
        460.34999999999997
      ],
      [
        697.6607142857143,
        460.34999999999997
      ],
      [
        465.1071428571429,
        485.925
      ],
      [
        542.625,
        485.925
      ],
      [
        645.9821428571429,
        485.925
      ],
      [
        671.8214285714286,
        485.925
      ],
      [
        697.6607142857143,
        485.925
      ],
      [
        1111.0892857142858,
        485.925
      ],
      [
        465.1071428571429,
        511.5
      ],
      [
        490.9464285714286,
        511.5
      ],
      [
        516.7857142857143,
        511.5
      ],
      [
        542.625,
        511.5
      ],
      [
        645.9821428571429,
        511.5
      ],
      [
        671.8214285714286,
        511.5
      ],
      [
        465.1071428571429,
        537.0749999999999
      ],
      [
        490.9464285714286,
        537.0749999999999
      ],
      [
        516.7857142857143,
        537.0749999999999
      ],
      [
        542.625,
        537.0749999999999
      ],
      [
        1059.4107142857142,
        537.0749999999999
      ],
      [
        465.1071428571429,
        562.65
      ],
      [
        490.9464285714286,
        562.65
      ],
      [
        516.7857142857143,
        562.65
      ],
      [
        542.625,
        562.65
      ],
      [
        1059.4107142857142,
        562.65
      ],
      [
        490.9464285714286,
        588.225
      ],
      [
        1059.4107142857142,
        588.225
      ],
      [
        1085.25,
        588.225
      ],
      [
        490.9464285714286,
        613.8
      ],
      [
        516.7857142857143,
        613.8
      ],
      [
        490.9464285714286,
        639.375
      ],
      [
        516.7857142857143,
        639.375
      ],
      [
        490.9464285714286,
        664.9499999999999
      ],
      [
        671.8214285714286,
        664.9499999999999
      ],
      [
        671.8214285714286,
        690.525
      ],
      [
        697.6607142857143,
        690.525
      ],
      [
        671.8214285714286,
        716.1
      ],
      [
        361.75,
        920.6999999999999
      ],
      [
        1007.7321428571429,
        920.6999999999999
      ],
      [
        1033.5714285714287,
        920.6999999999999
      ],
      [
        387.5892857142857,
        946.275
      ],
      [
        413.42857142857144,
        946.275
      ],
      [
        465.1071428571429,
        946.275
      ],
      [
        490.9464285714286,
        946.275
      ],
      [
        542.625,
        946.275
      ],
      [
        568.4642857142858,
        946.275
      ],
      [
        594.3035714285714,
        946.275
      ],
      [
        981.8928571428572,
        946.275
      ],
      [
        335.9107142857143,
        971.85
      ],
      [
        361.75,
        971.85
      ],
      [
        387.5892857142857,
        971.85
      ],
      [
        413.42857142857144,
        971.85
      ],
      [
        490.9464285714286,
        971.85
      ],
      [
        516.7857142857143,
        971.85
      ],
      [
        542.625,
        971.85
      ],
      [
        568.4642857142858,
        971.85
      ],
      [
        594.3035714285714,
        971.85
      ],
      [
        981.8928571428572,
        971.85
      ],
      [
        284.2321428571429,
        997.425
      ],
      [
        310.07142857142856,
        997.425
      ],
      [
        335.9107142857143,
        997.425
      ],
      [
        361.75,
        997.425
      ],
      [
        387.5892857142857,
        997.425
      ],
      [
        413.42857142857144,
        997.425
      ],
      [
        490.9464285714286,
        997.425
      ],
      [
        516.7857142857143,
        997.425
      ],
      [
        542.625,
        997.425
      ],
      [
        284.2321428571429,
        1023.0
      ],
      [
        310.07142857142856,
        1023.0
      ],
      [
        335.9107142857143,
        1023.0
      ],
      [
        361.75,
        1023.0
      ],
      [
        387.5892857142857,
        1023.0
      ],
      [
        413.42857142857144,
        1023.0
      ],
      [
        439.26785714285717,
        1023.0
      ],
      [
        490.9464285714286,
        1023.0
      ],
      [
        542.625,
        1023.0
      ],
      [
        335.9107142857143,
        1048.575
      ],
      [
        387.5892857142857,
        1048.575
      ],
      [
        413.42857142857144,
        1048.575
      ],
      [
        439.26785714285717,
        1048.575
      ],
      [
        465.1071428571429,
        1048.575
      ],
      [
        542.625,
        1048.575
      ],
      [
        956.0535714285714,
        1048.575
      ],
      [
        749.3392857142858,
        1074.1499999999999
      ],
      [
        775.1785714285714,
        1074.1499999999999
      ],
      [
        801.0178571428572,
        1074.1499999999999
      ],
      [
        749.3392857142858,
        1099.725
      ],
      [
        775.1785714285714,
        1099.725
      ],
      [
        801.0178571428572,
        1099.725
      ],
      [
        826.8571428571429,
        1099.725
      ],
      [
        749.3392857142858,
        1125.3
      ],
      [
        775.1785714285714,
        1125.3
      ],
      [
        801.0178571428572,
        1125.3
      ],
      [
        826.8571428571429,
        1125.3
      ],
      [
        775.1785714285714,
        1150.875
      ],
      [
        801.0178571428572,
        1150.875
      ],
      [
        826.8571428571429,
        1150.875
      ],
      [
        568.4642857142858,
        1176.45
      ],
      [
        645.9821428571429,
        1176.45
      ],
      [
        801.0178571428572,
        1176.45
      ],
      [
        387.5892857142857,
        1202.0249999999999
      ],
      [
        697.6607142857143,
        1304.325
      ],
      [
        723.5,
        1304.325
      ],
      [
        749.3392857142858,
        1304.325
      ],
      [
        387.5892857142857,
        1329.8999999999999
      ],
      [
        413.42857142857144,
        1329.8999999999999
      ],
      [
        697.6607142857143,
        1329.8999999999999
      ],
      [
        723.5,
        1329.8999999999999
      ],
      [
        749.3392857142858,
