{
  "sl_no": 227,
  "match_info": {
    "center": "live_locate:grid_ref:SY 9287",
    "zoom": 17,
    "rotation": 0,
    "n_inliers": 158,
    "score": 71.71,
    "scale_factor": 0.839,
    "avg_scale": 0.7099,
    "window": [
      970,
      1164
    ],
    "center_latlon": [
      50.68707739397591,
      -2.1136264817217523
    ],
    "anchor_latlon": [
      50.6860035191737,
      -2.10989295829466
    ],
    "_inlier_pts_map": [
      [
        1769.0625,
        210.21428571428572
      ],
      [
        1907.8125,
        210.21428571428572
      ],
      [
        1005.9375,
        245.25
      ],
      [
        1630.3125,
        245.25
      ],
      [
        1630.3125,
        280.2857142857143
      ],
      [
        1873.125,
        315.32142857142856
      ],
      [
        1873.125,
        350.35714285714283
      ],
      [
        2428.125,
        350.35714285714283
      ],
      [
        2462.8125,
        350.35714285714283
      ],
      [
        2497.5,
        350.35714285714283
      ],
      [
        1838.4375,
        385.3928571428571
      ],
      [
        2358.75,
        385.3928571428571
      ],
      [
        2428.125,
        385.3928571428571
      ],
      [
        2462.8125,
        385.3928571428571
      ],
      [
        1873.125,
        420.42857142857144
      ],
      [
        1769.0625,
        455.4642857142857
      ],
      [
        1838.4375,
        455.4642857142857
      ],
      [
        1873.125,
        455.4642857142857
      ],
      [
        2358.75,
        455.4642857142857
      ],
      [
        1595.625,
        490.5
      ],
      [
        1630.3125,
        490.5
      ],
      [
        1734.375,
        490.5
      ],
      [
        1769.0625,
        490.5
      ],
      [
        1630.3125,
        525.5357142857142
      ],
      [
        1838.4375,
        525.5357142857142
      ],
      [
        1387.5,
        560.5714285714286
      ],
      [
        1526.25,
        560.5714285714286
      ],
      [
        1595.625,
        560.5714285714286
      ],
      [
        1665.0,
        560.5714285714286
      ],
      [
        1734.375,
        560.5714285714286
      ],
      [
        1769.0625,
        560.5714285714286
      ],
      [
        1838.4375,
        560.5714285714286
      ],
      [
        1873.125,
        560.5714285714286
      ],
      [
        1387.5,
        595.6071428571429
      ],
      [
        1526.25,
        595.6071428571429
      ],
      [
        1560.9375,
        595.6071428571429
      ],
      [
        1630.3125,
        595.6071428571429
      ],
      [
        1734.375,
        595.6071428571429
      ],
      [
        1769.0625,
        595.6071428571429
      ],
      [
        1387.5,
        630.6428571428571
      ],
      [
        1422.1875,
        630.6428571428571
      ],
      [
        1491.5625,
        630.6428571428571
      ],
      [
        1526.25,
        665.6785714285714
      ],
      [
        1110.0,
        700.7142857142857
      ],
      [
        1144.6875,
        700.7142857142857
      ],
      [
        1387.5,
        700.7142857142857
      ],
      [
        1422.1875,
        700.7142857142857
      ],
      [
        1526.25,
        700.7142857142857
      ],
      [
        1769.0625,
        700.7142857142857
      ],
      [
        1005.9375,
        735.75
      ],
      [
        1040.625,
        735.75
      ],
      [
        1075.3125,
        735.75
      ],
      [
        1144.6875,
        735.75
      ],
      [
        1179.375,
        735.75
      ],
      [
        1214.0625,
        735.75
      ],
      [
        1387.5,
        735.75
      ],
      [
        1422.1875,
        735.75
      ],
      [
        1526.25,
        735.75
      ],
      [
        2462.8125,
        735.75
      ],
      [
        1040.625,
        770.7857142857142
      ],
      [
        1144.6875,
        805.8214285714286
      ],
      [
        1179.375,
        805.8214285714286
      ],
      [
        1283.4375,
        805.8214285714286
      ],
      [
        1352.8125,
        805.8214285714286
      ],
      [
        1387.5,
        805.8214285714286
      ],
      [
        1491.5625,
        805.8214285714286
      ],
      [
        1040.625,
        840.8571428571429
      ],
      [
        1144.6875,
        840.8571428571429
      ],
      [
        1179.375,
        840.8571428571429
      ],
      [
        1352.8125,
        840.8571428571429
      ],
      [
        1387.5,
        840.8571428571429
      ],
      [
        1734.375,
        840.8571428571429
      ],
      [
        1838.4375,
        840.8571428571429
      ],
      [
        1734.375,
        875.8928571428571
      ],
      [
        1283.4375,
        910.9285714285714
      ],
      [
        1595.625,
        945.9642857142857
      ],
      [
        2115.9375,
        945.9642857142857
      ],
      [
        2185.3125,
        945.9642857142857
      ],
      [
        2254.6875,
        945.9642857142857
      ],
      [
        2324.0625,
        945.9642857142857
      ],
      [
        2254.6875,
        981.0
      ],
      [
        1040.625,
        1051.0714285714284
      ],
      [
        1248.75,
        1051.0714285714284
      ],
      [
        1283.4375,
        1051.0714285714284
      ],
      [
        2497.5,
        1051.0714285714284
      ],
      [
        1040.625,
        1086.107142857143
      ],
      [
        1110.0,
        1086.107142857143
      ],
      [
        1248.75,
        1086.107142857143
      ],
      [
        2497.5,
        1086.107142857143
      ],
      [
        1075.3125,
        1156.1785714285713
      ],
      [
        2220.0,
        1156.1785714285713
      ],
      [
        1144.6875,
        1191.2142857142858
      ],
      [
        1248.75,
        1191.2142857142858
      ],
      [
        1283.4375,
        1191.2142857142858
      ],
      [
        1352.8125,
        1191.2142857142858
      ],
      [
        1734.375,
        1191.2142857142858
      ],
      [
        2358.75,
        1191.2142857142858
      ],
      [
        1283.4375,
        1226.25
      ],
      [
        1318.125,
        1226.25
      ],
      [
        1387.5,
        1261.2857142857142
      ],
      [
        1144.6875,
        1296.3214285714284
      ],
      [
        1352.8125,
        1296.3214285714284
      ],
      [
        2220.0,
        1296.3214285714284
      ],
      [
        1110.0,
        1331.357142857143
      ],
      [
        1144.6875,
        1331.357142857143
      ],
      [
        1248.75,
        1331.357142857143
      ],
      [
        1248.75,
        1366.392857142857
      ],
      [
        1283.4375,
        1401.4285714285713
      ],
      [
        1144.6875,
        1436.4642857142858
      ],
      [
        1179.375,
        1436.4642857142858
      ],
      [
        1214.0625,
        1436.4642857142858
      ],
      [
        1283.4375,
        1436.4642857142858
      ],
      [
        1491.5625,
        1436.4642857142858
      ],
      [
        1803.75,
        1436.4642857142858
      ],
      [
        1144.6875,
        1471.5
      ],
      [
        1179.375,
        1471.5
      ],
      [
        1248.75,
        1471.5
      ],
      [
        1283.4375,
        1471.5
      ],
      [
        1630.3125,
        1471.5
      ],
      [
        1769.0625,
        1471.5
      ],
      [
        1352.8125,
        1506.5357142857142
      ],
      [
        1838.4375,
        1506.5357142857142
      ],
      [
        1214.0625,
        1541.5714285714284
      ],
      [
        1283.4375,
        1541.5714285714284
      ],
      [
        1734.375,
        1541.5714285714284
      ],
      [
        1769.0625,
        1541.5714285714284
      ],
      [
        1838.4375,
        1541.5714285714284
      ],
      [
        2185.3125,
