{
  "sl_no": 202,
  "match_info": {
    "center": "live_locate:place:Dunstable Road",
    "zoom": 18,
    "rotation": 0,
    "n_inliers": 84,
    "score": 32.25,
    "scale_factor": 0.688,
    "avg_scale": 1.0193,
    "window": [
      2448,
      2176
    ],
    "center_latlon": [
      51.807056956452364,
      -0.3988215699688453
    ],
    "anchor_latlon": [
      51.8107464527646,
      -0.404701487582276
    ],
    "_inlier_pts_map": [
      [
        243.21428571428572,
        140.26250000000002
      ],
      [
        263.48214285714283,
        140.26250000000002
      ],
      [
        243.21428571428572,
        160.3
      ],
      [
        263.48214285714283,
        160.3
      ],
      [
        202.67857142857142,
        180.3375
      ],
      [
        222.94642857142856,
        180.3375
      ],
      [
        243.21428571428572,
        180.3375
      ],
      [
        263.48214285714283,
        180.3375
      ],
      [
        222.94642857142856,
        200.375
      ],
      [
        243.21428571428572,
        200.375
      ],
      [
        263.48214285714283,
        200.375
      ],
      [
        182.41071428571428,
        220.41250000000002
      ],
      [
        202.67857142857142,
        220.41250000000002
      ],
      [
        222.94642857142856,
        220.41250000000002
      ],
      [
        243.21428571428572,
        220.41250000000002
      ],
      [
        263.48214285714283,
        220.41250000000002
      ],
      [
        283.75,
        220.41250000000002
      ],
      [
        222.94642857142856,
        240.45000000000002
      ],
      [
        243.21428571428572,
        240.45000000000002
      ],
      [
        263.48214285714283,
        240.45000000000002
      ],
      [
        202.67857142857142,
        260.4875
      ],
      [
        222.94642857142856,
        260.4875
      ],
      [
        243.21428571428572,
        260.4875
      ],
      [
        486.42857142857144,
        280.52500000000003
      ],
      [
        506.69642857142856,
        280.52500000000003
      ],
      [
        466.1607142857143,
        300.5625
      ],
      [
        486.42857142857144,
        300.5625
      ],
      [
        506.69642857142856,
        300.5625
      ],
      [
        526.9642857142857,
        300.5625
      ],
      [
        567.5,
        300.5625
      ],
      [
        486.42857142857144,
        320.6
      ],
      [
        506.69642857142856,
        320.6
      ],
      [
        526.9642857142857,
        320.6
      ],
      [
        567.5,
        320.6
      ],
      [
        587.7678571428571,
        320.6
      ],
      [
        608.0357142857142,
        320.6
      ],
      [
        486.42857142857144,
        340.63750000000005
      ],
      [
        506.69642857142856,
        340.63750000000005
      ],
      [
        526.9642857142857,
        340.63750000000005
      ],
      [
        547.2321428571429,
        340.63750000000005
      ],
      [
        567.5,
        340.63750000000005
      ],
      [
        506.69642857142856,
        360.675
      ],
      [
        526.9642857142857,
        360.675
      ],
      [
        526.9642857142857,
        380.71250000000003
      ],
      [
        526.9642857142857,
        420.7875
      ],
      [
        547.2321428571429,
        420.7875
      ],
      [
        486.42857142857144,
        460.8625
      ],
      [
        506.69642857142856,
        460.8625
      ],
      [
        486.42857142857144,
        480.90000000000003
      ],
      [
        466.1607142857143,
        500.93750000000006
      ],
      [
        466.1607142857143,
        520.975
      ],
      [
        932.3214285714286,
        601.125
      ],
      [
        993.125,
        621.1625
      ],
      [
        932.3214285714286,
        641.2
      ],
      [
        952.5892857142857,
        641.2
      ],
      [
        972.8571428571429,
        641.2
      ],
      [
        993.125,
        641.2
      ],
      [
        952.5892857142857,
        661.2375000000001
      ],
      [
        972.8571428571429,
        661.2375000000001
      ],
      [
        993.125,
        661.2375000000001
      ],
      [
        932.3214285714286,
        681.2750000000001
      ],
      [
        952.5892857142857,
        681.2750000000001
      ],
      [
        972.8571428571429,
        681.2750000000001
      ],
      [
        912.0535714285714,
        701.3125
      ],
      [
        932.3214285714286,
        701.3125
      ],
      [
        952.5892857142857,
        701.3125
      ],
      [
        972.8571428571429,
        701.3125
      ],
      [
        891.7857142857142,
        721.35
      ],
      [
        912.0535714285714,
        721.35
      ],
      [
        932.3214285714286,
        721.35
      ],
      [
        952.5892857142857,
        721.35
      ],
      [
        932.3214285714286,
        741.3875
      ],
      [
        952.5892857142857,
        741.3875
      ],
      [
        871.5178571428571,
        761.4250000000001
      ],
      [
        891.7857142857142,
        761.4250000000001
      ],
      [
        912.0535714285714,
        761.4250000000001
      ],
      [
        932.3214285714286,
        761.4250000000001
      ],
      [
        952.5892857142857,
        761.4250000000001
      ],
      [
        912.0535714285714,
        781.4625000000001
      ],
      [
        932.3214285714286,
        781.4625000000001
      ],
      [
        182.41071428571428,
        1041.95
      ],
      [
        202.67857142857142,
        1061.9875000000002
      ],
      [
        222.94642857142856,
        1061.9875000000002
      ],
      [
        243.21428571428572,
        1061.9875000000002
      ]
    ],
    "_rot_map_shape": [
      1603,
      1135
    ]
  },
  "processing_time": 158.18811011314392,
  "agent_accepted": true,
  "agent_reason": "[accepted] The site was located on Dunstable Road in Redbourn. Two candidates were tested: the first (based on Dunstable Road) yielded 84 inliers with excellent scale cons",
  "agent_stats": {
    "position_calls": 1,
    "pdf_info": {
      "site_address": "Bylands Meadow at the rear of Bylands House, Dunstable Road, Redbourn",
      "postcodes": [],
      "grid_refs": [],
      "scale": "1:2000",
      "map_pages": [
        2
      ],
      "map_page_details": [
        {
          "page": 2,
          "category": "match",
          "area_group": 0,
          "boundary_clarity": "clear",
          "detail_level": "close",
          "caption": "Site plan of Bylands Meadow, Redbourn showing hatched boundary at 1:2000 scale."
        }
      ],
      "road_names": [
        "Dunstable Road"
      ],
      "place_names": [
        "Bylands Meadow",
        "Bylands House",
        "Redbourn"
      ],
      "is_district_wide": false,
      "district_name": null,
      "house_number_road_pairs": [],
      "parish_names": [],
      "admin_region": "St Albans",
      "likely_town_or_city": "Redbourn",
      "visible_map_labels": [
        "Bylands House",
        "Pump House (disused)",
        "El Sub Sta"
      ],
      "adjacency_hints": [
        "Bylands House"
      ]
    },
    "reader_request_tokens": 4480,
    "reader_response_tokens": 256,
    "outcome_status": "accepted",
    "outcome_reasoning": "The site was located on Dunstable Road in Redbourn. Two candidates were tested: the first (based on Dunstable Road) yielded 84 inliers with excellent scale consistency (0.96) and perfect road name agreement. The second (postcode AL3 7PR) yielded 65 inliers. Following the protocol for 'OK' tier matches (50-99 inliers), I tested a second candidate and then committed the one with the highest n_inliers. The match is spatially consistent with the provided map of Bylands Meadow.",
    "rotation_checked": false,
    "tool_calls": {
      "propose_centers": 2,
      "match_at": 2,