{
  "sl_no": 198,
  "match_info": {
    "center": "live_locate:intersect:Ragged Hall Lane x Stanley Ave",
    "zoom": 17,
    "rotation": 0,
    "n_inliers": 156,
    "score": 71.87,
    "scale_factor": 0.429,
    "avg_scale": 1.0021,
    "window": [
      595,
      595
    ],
    "center_latlon": [
      51.734755742864046,
      -0.3598948454765605
    ],
    "anchor_latlon": [
      51.7336237375593,
      -0.360309657275624
    ],
    "_inlier_pts_map": [
      [
        353.0,
        397.2
      ],
      [
        315.17857142857144,
        409.6125
      ],
      [
        353.0,
        409.6125
      ],
      [
        340.39285714285717,
        422.025
      ],
      [
        315.17857142857144,
        434.4375
      ],
      [
        327.7857142857143,
        434.4375
      ],
      [
        264.75,
        446.84999999999997
      ],
      [
        277.3571428571429,
        446.84999999999997
      ],
      [
        289.9642857142857,
        446.84999999999997
      ],
      [
        302.57142857142856,
        446.84999999999997
      ],
      [
        315.17857142857144,
        446.84999999999997
      ],
      [
        289.9642857142857,
        459.2625
      ],
      [
        302.57142857142856,
        459.2625
      ],
      [
        327.7857142857143,
        471.675
      ],
      [
        554.7142857142858,
        570.975
      ],
      [
        554.7142857142858,
        583.3874999999999
      ],
      [
        567.3214285714286,
        583.3874999999999
      ],
      [
        579.9285714285714,
        583.3874999999999
      ],
      [
        592.5357142857143,
        583.3874999999999
      ],
      [
        554.7142857142858,
        595.8
      ],
      [
        50.42857142857143,
        645.4499999999999
      ],
      [
        63.03571428571429,
        645.4499999999999
      ],
      [
        75.64285714285714,
        645.4499999999999
      ],
      [
        100.85714285714286,
        645.4499999999999
      ],
      [
        466.4642857142857,
        645.4499999999999
      ],
      [
        37.82142857142857,
        657.8625
      ],
      [
        50.42857142857143,
        657.8625
      ],
      [
        63.03571428571429,
        657.8625
      ],
      [
        75.64285714285714,
        657.8625
      ],
      [
        289.9642857142857,
        657.8625
      ],
      [
        302.57142857142856,
        657.8625
      ],
      [
        453.8571428571429,
        657.8625
      ],
      [
        50.42857142857143,
        670.275
      ],
      [
        63.03571428571429,
        670.275
      ],
      [
        126.07142857142858,
        670.275
      ],
      [
        138.67857142857144,
        670.275
      ],
      [
        151.28571428571428,
        670.275
      ],
      [
        315.17857142857144,
        670.275
      ],
      [
        453.8571428571429,
        670.275
      ],
      [
        50.42857142857143,
        682.6875
      ],
      [
        63.03571428571429,
        682.6875
      ],
      [
        100.85714285714286,
        682.6875
      ],
      [
        126.07142857142858,
        682.6875
      ],
      [
        138.67857142857144,
        682.6875
      ],
      [
        151.28571428571428,
        682.6875
      ],
      [
        163.89285714285714,
        682.6875
      ],
      [
        252.14285714285717,
        682.6875
      ],
      [
        264.75,
        682.6875
      ],
      [
        277.3571428571429,
        682.6875
      ],
      [
        289.9642857142857,
        682.6875
      ],
      [
        37.82142857142857,
        695.1
      ],
      [
        50.42857142857143,
        695.1
      ],
      [
        63.03571428571429,
        695.1
      ],
      [
        75.64285714285714,
        695.1
      ],
      [
        138.67857142857144,
        695.1
      ],
      [
        151.28571428571428,
        695.1
      ],
      [
        163.89285714285714,
        695.1
      ],
      [
        176.5,
        695.1
      ],
      [
        252.14285714285717,
        695.1
      ],
      [
        264.75,
        695.1
      ],
      [
        277.3571428571429,
        695.1
      ],
      [
        289.9642857142857,
        695.1
      ],
      [
        302.57142857142856,
        695.1
      ],
      [
        315.17857142857144,
        695.1
      ],
      [
        327.7857142857143,
        695.1
      ],
      [
        37.82142857142857,
        707.5124999999999
      ],
      [
        50.42857142857143,
        707.5124999999999
      ],
      [
        63.03571428571429,
        707.5124999999999
      ],
      [
        75.64285714285714,
        707.5124999999999
      ],
      [
        88.25,
        707.5124999999999
      ],
      [
        126.07142857142858,
        707.5124999999999
      ],
      [
        138.67857142857144,
        707.5124999999999
      ],
      [
        151.28571428571428,
        707.5124999999999
      ],
      [
        163.89285714285714,
        707.5124999999999
      ],
      [
        252.14285714285717,
        707.5124999999999
      ],
      [
        264.75,
        707.5124999999999
      ],
      [
        277.3571428571429,
        707.5124999999999
      ],
      [
        289.9642857142857,
        707.5124999999999
      ],
      [
        302.57142857142856,
        707.5124999999999
      ],
      [
        315.17857142857144,
        707.5124999999999
      ],
      [
        327.7857142857143,
        707.5124999999999
      ],
      [
        50.42857142857143,
        719.925
      ],
      [
        63.03571428571429,
        719.925
      ],
      [
        75.64285714285714,
        719.925
      ],
      [
        88.25,
        719.925
      ],
      [
        100.85714285714286,
        719.925
      ],
      [
        138.67857142857144,
        719.925
      ],
      [
        151.28571428571428,
        719.925
      ],
      [
        163.89285714285714,
        719.925
      ],
      [
        189.10714285714286,
        719.925
      ],
      [
        201.71428571428572,
        719.925
      ],
      [
        277.3571428571429,
        719.925
      ],
      [
        289.9642857142857,
        719.925
      ],
      [
        302.57142857142856,
        719.925
      ],
      [
        315.17857142857144,
        719.925
      ],
      [
        50.42857142857143,
        732.3375
      ],
      [
        63.03571428571429,
        732.3375
      ],
      [
        75.64285714285714,
        732.3375
      ],
      [
        88.25,
        732.3375
      ],
      [
        277.3571428571429,
        732.3375
      ],
      [
        289.9642857142857,
        732.3375
      ],
      [
        302.57142857142856,
        732.3375
      ],
      [
        63.03571428571429,
        744.75
      ],
      [
        126.07142857142858,
        744.75
      ],
      [
        138.67857142857144,
        744.75
      ],
      [
        151.28571428571428,
        744.75
      ],
      [
        163.89285714285714,
        744.75
      ],
      [
        63.03571428571429,
        757.1625
      ],
      [
        75.64285714285714,
        757.1625
      ],
      [
        88.25,
        757.1625
      ],
      [
        113.46428571428572,
        757.1625
      ],
      [
        126.07142857142858,
        757.1625
      ],
      [
        138.67857142857144,
        757.1625
      ],
      [
        151.28571428571428,
        757.1625
      ],
      [
        176.5,
        757.1625
      ],
      [
        50.42857142857143,
        769.5749999999999
      ],
      [
        63.03571428571429,
        769.5749999999999
      ],
      [
        75.64285714285714,
        769.5749999999999
      ],
      [
        88.25,
        769.5749999999999
      ],
      [
        113.46428571428572,
        769.5749999999999
      ],
      [
        126.07142857142858,
        769.5749999999999
      ],
      [
