{
  "sl_no": 78,
  "match_info": {
    "center": "live_locate:place:Princes Drive",
    "zoom": 17,
    "rotation": 0,
    "n_inliers": 35,
    "score": 15.05,
    "scale_factor": 0.425,
    "avg_scale": 0.9918,
    "window": [
      1470,
      105
    ],
    "center_latlon": [
      51.27093037143918,
      1.3835707586296735
    ],
    "anchor_latlon": [
      51.2728347569935,
      1.38446855936119
    ],
    "_inlier_pts_map": [
      [
        802.2857142857143,
        2136.025
      ],
      [
        852.4285714285714,
        2136.025
      ],
      [
        702.0,
        2185.7
      ],
      [
        752.1428571428572,
        2185.7
      ],
      [
        802.2857142857143,
        2185.7
      ],
      [
        852.4285714285714,
        2185.7
      ],
      [
        752.1428571428572,
        2235.375
      ],
      [
        802.2857142857143,
        2235.375
      ],
      [
        852.4285714285714,
        2235.375
      ],
      [
        852.4285714285714,
        2285.0499999999997
      ],
      [
        802.2857142857143,
        2632.7749999999996
      ],
      [
        802.2857142857143,
        2682.45
      ],
      [
        852.4285714285714,
        2682.45
      ],
      [
        1103.142857142857,
        2682.45
      ],
      [
        1153.2857142857144,
        2682.45
      ],
      [
        1002.8571428571429,
        2732.125
      ],
      [
        1053.0,
        2732.125
      ],
      [
        1103.142857142857,
        2732.125
      ],
      [
        1203.4285714285716,
        2732.125
      ],
      [
        551.5714285714286,
        2781.7999999999997
      ],
      [
        752.1428571428572,
        2781.7999999999997
      ],
      [
        1002.8571428571429,
        2781.7999999999997
      ],
      [
        1053.0,
        2781.7999999999997
      ],
      [
        1103.142857142857,
        2781.7999999999997
      ],
      [
        1153.2857142857144,
        2781.7999999999997
      ],
      [
        1203.4285714285716,
        2781.7999999999997
      ],
      [
        1053.0,
        2831.475
      ],
      [
        1153.2857142857144,
        2831.475
      ],
      [
        1203.4285714285716,
        2831.475
      ],
      [
        1153.2857142857144,
        2881.1499999999996
      ],
      [
        1203.4285714285716,
        2881.1499999999996
      ],
      [
        1103.142857142857,
        3079.85
      ],
      [
        1153.2857142857144,
        3079.85
      ],
      [
        1203.4285714285716,
        3079.85
      ],
      [
        1103.142857142857,
        3129.5249999999996
      ]
    ],
    "_rot_map_shape": [
      3974,
      1404
    ]
  },
  "processing_time": 134.2669699192047,
  "agent_accepted": true,
  "agent_reason": "[accepted] The planning boundary covers a large coastal area at Sandwich Bay, including parts of the Sandwich Bay Estate and land adjacent to Princes Golf Club. I performe",
  "agent_stats": {
    "position_calls": 1,
    "pdf_info": {
      "site_address": "Land at Sandwich Bay in the Parish of Worth, Dover, Kent",
      "postcodes": [],
      "grid_refs": [
        "TR 3556",
        "TR 3557",
        "TR 3558",
        "TR 3559",
        "TR 3656",
        "TR 3657",
        "TR 3658"
      ],
      "scale": "1:2500",
      "map_pages": [
        6
      ],
      "map_page_details": [
        {
          "page": 6,
          "category": "match",
          "area_group": 0,
          "boundary_clarity": "clear",
          "detail_level": "medium",
          "caption": "Site plan at 1:2500 showing land at Sandwich Bay outlined in red and stippled."
        }
      ],
      "road_names": [
        "Princes Drive",
        "Cambridge Avenue"
      ],
      "place_names": [
        "Sandwich Bay Estate",
        "Princes Golf Club",
        "Sandwich Bay Bird Observatory"
      ],
      "is_district_wide": false,
      "district_name": "Dover District, Kent, UK",
      "house_number_road_pairs": [],
      "parish_names": [
        "Worth"
      ],
      "admin_region": "Dover",
      "likely_town_or_city": "Sandwich Bay",
      "visible_map_labels": [
        "Sandwich Bay Estate",
        "Princes Drive",
        "Cambridge Avenue",
        "Sandwich Bay Bird Observatory",
        "Princes Golf Club"
      ],
      "adjacency_hints": [
        "Princes Golf Club",
        "Cambridge Avenue",
        "Princes Drive"
      ]
    },
    "outcome_status": "accepted",
    "outcome_reasoning": "The planning boundary covers a large coastal area at Sandwich Bay, including parts of the Sandwich Bay Estate and land adjacent to Princes Golf Club. I performed three match attempts. While the RANSAC inlier counts were relatively low (peak 35), this is expected given the sparse, rural/coastal nature of the site (golf courses and dunes) which lacks dense urban feature points. However, all attempts showed near-perfect scale consistency (0.98) and 100% road name agreement (Princes Drive and Cambridge Avenue). I committed the candidate with the highest inlier count (35), which correctly aligns the map with the coastal road network and the Sandwich Bay Bird Observatory area.",
    "rotation_checked": false,
    "tool_calls": {
      "submit_pdf_info": 1,
      "propose_centers": 3,
      "match_at": 3,
      "commit_match": 1,
      "final_result": 1
    },
    "total_tool_calls": 9,
    "n_turns": 19,
    "validator_retries": 0,
    "worker_request_tokens": 82864,
    "worker_response_tokens": 961,
    "request_tokens": 82864,
    "response_tokens": 961,
    "total_tokens": 83825
  },
  "valid_ground_truth": true,
  "valid_prediction": true,
  "validation_error": null,
  "iou": 0.21332088893459977,
  "precision": 0.2753272047029805,
  "recall": 0.4864448854207246,
  "f1_score": 0.3516314453662917,
  "positioning_error_m": 563.4381775350441
}