{
  "sl_no": 123,
  "match_info": {
    "center": "live_locate:grid_ref:4857014860",
    "zoom": 17,
    "rotation": 0,
    "n_inliers": 163,
    "score": 72.39,
    "scale_factor": 0.425,
    "avg_scale": 0.9852,
    "window": [
      595,
      714
    ],
    "center_latlon": [
      51.22968390262407,
      -0.7731976096011692
    ],
    "anchor_latlon": [
      51.2304,
      -0.7732
    ],
    "_inlier_pts_map": [
      [
        363.0178571428571,
        24.8
      ],
      [
        375.5357142857143,
        24.8
      ],
      [
        388.0535714285714,
        24.8
      ],
      [
        363.0178571428571,
        37.2
      ],
      [
        388.0535714285714,
        37.2
      ],
      [
        588.3392857142857,
        37.2
      ],
      [
        575.8214285714286,
        49.6
      ],
      [
        563.3035714285714,
        62.0
      ],
      [
        575.8214285714286,
        62.0
      ],
      [
        613.375,
        62.0
      ],
      [
        563.3035714285714,
        74.4
      ],
      [
        575.8214285714286,
        74.4
      ],
      [
        613.375,
        74.4
      ],
      [
        563.3035714285714,
        86.8
      ],
      [
        613.375,
        86.8
      ],
      [
        575.8214285714286,
        111.60000000000001
      ],
      [
        588.3392857142857,
        111.60000000000001
      ],
      [
        75.10714285714286,
        458.8
      ],
      [
        75.10714285714286,
        471.2
      ],
      [
        87.625,
        471.2
      ],
      [
        75.10714285714286,
        483.6
      ],
      [
        87.625,
        483.6
      ],
      [
        100.14285714285714,
        483.6
      ],
      [
        112.66071428571428,
        483.6
      ],
      [
        125.17857142857142,
        483.6
      ],
      [
        175.25,
        483.6
      ],
      [
        75.10714285714286,
        496.0
      ],
      [
        87.625,
        496.0
      ],
      [
        100.14285714285714,
        496.0
      ],
      [
        112.66071428571428,
        496.0
      ],
      [
        125.17857142857142,
        496.0
      ],
      [
        137.69642857142856,
        496.0
      ],
      [
        150.21428571428572,
        496.0
      ],
      [
        75.10714285714286,
        508.40000000000003
      ],
      [
        87.625,
        508.40000000000003
      ],
      [
        100.14285714285714,
        508.40000000000003
      ],
      [
        112.66071428571428,
        508.40000000000003
      ],
      [
        125.17857142857142,
        508.40000000000003
      ],
      [
        137.69642857142856,
        508.40000000000003
      ],
      [
        150.21428571428572,
        508.40000000000003
      ],
      [
        162.73214285714286,
        508.40000000000003
      ],
      [
        75.10714285714286,
        520.8000000000001
      ],
      [
        87.625,
        520.8000000000001
      ],
      [
        100.14285714285714,
        520.8000000000001
      ],
      [
        112.66071428571428,
        520.8000000000001
      ],
      [
        125.17857142857142,
        520.8000000000001
      ],
      [
        137.69642857142856,
        520.8000000000001
      ],
      [
        150.21428571428572,
        520.8000000000001
      ],
      [
        162.73214285714286,
        520.8000000000001
      ],
      [
        175.25,
        520.8000000000001
      ],
      [
        75.10714285714286,
        533.2
      ],
      [
        87.625,
        533.2
      ],
      [
        100.14285714285714,
        533.2
      ],
      [
        112.66071428571428,
        533.2
      ],
      [
        125.17857142857142,
        533.2
      ],
      [
        137.69642857142856,
        533.2
      ],
      [
        150.21428571428572,
        533.2
      ],
      [
        162.73214285714286,
        533.2
      ],
      [
        175.25,
        533.2
      ],
      [
        187.76785714285714,
        533.2
      ],
      [
        87.625,
        545.6
      ],
      [
        100.14285714285714,
        545.6
      ],
      [
        112.66071428571428,
        545.6
      ],
      [
        125.17857142857142,
        545.6
      ],
      [
        137.69642857142856,
        545.6
      ],
      [
        150.21428571428572,
        545.6
      ],
      [
        162.73214285714286,
        545.6
      ],
      [
        175.25,
        545.6
      ],
      [
        187.76785714285714,
        545.6
      ],
      [
        75.10714285714286,
        558.0
      ],
      [
        87.625,
        558.0
      ],
      [
        100.14285714285714,
        558.0
      ],
      [
        112.66071428571428,
        558.0
      ],
      [
        125.17857142857142,
        558.0
      ],
      [
        150.21428571428572,
        558.0
      ],
      [
        162.73214285714286,
        558.0
      ],
      [
        175.25,
        558.0
      ],
      [
        187.76785714285714,
        558.0
      ],
      [
        75.10714285714286,
        570.4
      ],
      [
        87.625,
        570.4
      ],
      [
        100.14285714285714,
        570.4
      ],
      [
        112.66071428571428,
        570.4
      ],
      [
        125.17857142857142,
        570.4
      ],
      [
        137.69642857142856,
        570.4
      ],
      [
        175.25,
        570.4
      ],
      [
        187.76785714285714,
        570.4
      ],
      [
        75.10714285714286,
        582.8000000000001
      ],
      [
        87.625,
        582.8000000000001
      ],
      [
        100.14285714285714,
        582.8000000000001
      ],
      [
        112.66071428571428,
        582.8000000000001
      ],
      [
        125.17857142857142,
        582.8000000000001
      ],
      [
        137.69642857142856,
        582.8000000000001
      ],
      [
        175.25,
        582.8000000000001
      ],
      [
        400.57142857142856,
        582.8000000000001
      ],
      [
        438.125,
        582.8000000000001
      ],
      [
        75.10714285714286,
        595.2
      ],
      [
        87.625,
        595.2
      ],
      [
        100.14285714285714,
        595.2
      ],
      [
        112.66071428571428,
        595.2
      ],
      [
        125.17857142857142,
        595.2
      ],
      [
        137.69642857142856,
        595.2
      ],
      [
        400.57142857142856,
        595.2
      ],
      [
        75.10714285714286,
        607.6
      ],
      [
        87.625,
        607.6
      ],
      [
        100.14285714285714,
        607.6
      ],
      [
        112.66071428571428,
        607.6
      ],
      [
        125.17857142857142,
        607.6
      ],
      [
        137.69642857142856,
        607.6
      ],
      [
        413.0892857142857,
        607.6
      ],
      [
        438.125,
        607.6
      ],
      [
        75.10714285714286,
        620.0
      ],
      [
        87.625,
        620.0
      ],
      [
        137.69642857142856,
        620.0
      ],
      [
        400.57142857142856,
        620.0
      ],
      [
        425.60714285714283,
        620.0
      ],
      [
        413.0892857142857,
        632.4
      ],
      [
        425.60714285714283,
        632.4
      ],
      [
        413.0892857142857,
        644.8000000000001
      ],
      [
        425.60714285714283,
        644.8000000000001
      ],
      [
        438.125,
        669.6
      ],
      [
        450.6428571428571,
        669.6
      ],
      [
        400.57142857142856,
        694.4
      ],
      [
        413.0892857142857,
        694.4
      ],
      [
        100.14285714285714,
        731.6
      ],
      [
        125.17857142857142,
        731.6
      ],
      [
        162.73214285714286,
        744.0
      ],
      [
        463.1607142857143,
        744.0
      ],
      [
        463.1607142857143,
        756.4
      ],
      [
