{
  "sl_no": 88,
  "match_info": {
    "center": "live_locate:place:Barnack Primary School",
    "zoom": 19,
    "rotation": 0,
    "n_inliers": 68,
    "score": 31.33,
    "scale_factor": 0.876,
    "avg_scale": 0.6499,
    "window": [
      1548,
      1290
    ],
    "center_latlon": [
      52.632459146442805,
      -0.41268802810040484
    ],
    "anchor_latlon": [
      52.6330048723731,
      -0.412241797413217
    ],
    "_inlier_pts_map": [
      [
        440.17857142857144,
        204.9
      ],
      [
        466.07142857142856,
        204.9
      ],
      [
        517.8571428571429,
        204.9
      ],
      [
        543.75,
        204.9
      ],
      [
        414.2857142857143,
        230.51250000000002
      ],
      [
        440.17857142857144,
        230.51250000000002
      ],
      [
        466.07142857142856,
        230.51250000000002
      ],
      [
        517.8571428571429,
        230.51250000000002
      ],
      [
        543.75,
        230.51250000000002
      ],
      [
        569.6428571428571,
        230.51250000000002
      ],
      [
        440.17857142857144,
        256.125
      ],
      [
        466.07142857142856,
        281.7375
      ],
      [
        517.8571428571429,
        281.7375
      ],
      [
        543.75,
        281.7375
      ],
      [
        517.8571428571429,
        307.35
      ],
      [
        543.75,
        307.35
      ],
      [
        491.9642857142857,
        845.2125
      ],
      [
        517.8571428571429,
        845.2125
      ],
      [
        621.4285714285714,
        845.2125
      ],
      [
        491.9642857142857,
        870.825
      ],
      [
        517.8571428571429,
        870.825
      ],
      [
        543.75,
        870.825
      ],
      [
        595.5357142857142,
        870.825
      ],
      [
        621.4285714285714,
        870.825
      ],
      [
        517.8571428571429,
        896.4375
      ],
      [
        543.75,
        896.4375
      ],
      [
        595.5357142857142,
        896.4375
      ],
      [
        776.7857142857142,
        947.6625
      ],
      [
        802.6785714285714,
        947.6625
      ],
      [
        647.3214285714286,
        973.275
      ],
      [
        673.2142857142857,
        973.275
      ],
      [
        776.7857142857142,
        973.275
      ],
      [
        802.6785714285714,
        973.275
      ],
      [
        699.1071428571429,
        1024.5
      ],
      [
        725.0,
        1024.5
      ],
      [
        802.6785714285714,
        1024.5
      ],
      [
        828.5714285714286,
        1024.5
      ],
      [
        880.3571428571429,
        1024.5
      ],
      [
        802.6785714285714,
        1050.1125
      ],
      [
        699.1071428571429,
        1075.7250000000001
      ],
      [
        725.0,
        1075.7250000000001
      ],
      [
        725.0,
        1101.3375
      ],
      [
        750.8928571428571,
        1101.3375
      ],
      [
        802.6785714285714,
        1101.3375
      ],
      [
        362.5,
        1126.95
      ],
      [
        725.0,
        1126.95
      ],
      [
        362.5,
        1152.5625
      ],
      [
        388.3928571428571,
        1152.5625
      ],
      [
        1009.8214285714286,
        1178.175
      ],
      [
        362.5,
        1203.7875000000001
      ],
      [
        1009.8214285714286,
        1203.7875000000001
      ],
      [
        336.60714285714283,
        1229.4
      ],
      [
        362.5,
        1229.4
      ],
      [
        414.2857142857143,
        1229.4
      ],
      [
        1035.7142857142858,
        1229.4
      ],
      [
        284.82142857142856,
        1255.0125
      ],
      [
        388.3928571428571,
        1255.0125
      ],
      [
        414.2857142857143,
        1255.0125
      ],
      [
        440.17857142857144,
        1255.0125
      ],
      [
        932.1428571428571,
        1255.0125
      ],
      [
        958.0357142857142,
        1255.0125
      ],
      [
        1009.8214285714286,
        1255.0125
      ],
      [
        1035.7142857142858,
        1255.0125
      ],
      [
        932.1428571428571,
        1280.625
      ],
      [
        958.0357142857142,
        1280.625
      ],
      [
        440.17857142857144,
        1306.2375
      ],
      [
        569.6428571428571,
        1511.1375
      ],
      [
        569.6428571428571,
        1536.75
      ]
    ],
    "_rot_map_shape": [
      2049,
      1450
    ]
  },
  "processing_time": 416.45388197898865,
  "agent_accepted": true,
  "agent_reason": "[accepted] The planning boundary for Bay Tree Cottage, Stamford Road, Barnack was identified on page 2. I performed multiple match attempts using the village centroid, a n",
  "agent_stats": {
    "position_calls": 1,
    "pdf_info": {
      "site_address": "Bay Tree Cottage, Stamford Road, Barnack, PE9 3EZ",
      "postcodes": [
        "PE9 3EZ"
      ],
      "grid_refs": [],
      "scale": null,
      "map_pages": [
        2
      ],
      "map_page_details": [
        {
          "page": 1,
          "category": "discard",
          "area_group": -1,
          "boundary_clarity": "none",
          "detail_level": "wide",
          "caption": "Article 4 Direction text for Bay Tree Cottage, Stamford Road, Barnack."
        },
        {
          "page": 2,
          "category": "match",
          "area_group": 0,
          "boundary_clarity": "clear",
          "detail_level": "close",
          "caption": "Site plan showing Bay Tree Cottage (red boundary) on Stamford Road."
        }
      ],
      "road_names": [
        "Stamford Road",
        "Ridgeway",
        "Quarryside",
        "Pasque Lo"
      ],
      "place_names": [],
      "is_district_wide": false,
      "district_name": null,
      "house_number_road_pairs": [],
      "parish_names": [],
      "admin_region": null,
      "likely_town_or_city": null,
      "visible_map_labels": [
        "Ridgeway",
        "Sandall House",
        "Rock Cottage",
        "Hollytree House",
        "Rose Cottage",
        "Nethercott",
        "Cherry Tree Cottage",
        "Glebe House",
        "Crossways Cott",
        "Pasque Lo",
        "The Wheelhouse",
        "Quarryside"
      ],
      "adjacency_hints": []
    },
    "outcome_status": "accepted",
    "outcome_reasoning": "The planning boundary for Bay Tree Cottage, Stamford Road, Barnack was identified on page 2. I performed multiple match attempts using the village centroid, a nearby school, and the site postcode (PE9 3EZ). All attempts yielded a consistent RANSAC match of 68 inliers. Although the scale consistency was marginal (0.42), the match was spatially stable across different anchors. I committed the match for area_group 0, which correctly projects the red-line boundary around the property at the junction of Stamford Road and Ridgeway.",
    "rotation_checked": false,
    "tool_calls": {
      "submit_pdf_info": 1,
      "propose_centers": 3,
      "match_at": 3,
      "commit_match": 1,
      "final_result": 1
    },
    "total_tool_calls": 9,
    "n_turns": 19,
    "validator_retries": 2,
    "worker_request_tokens": 77621,
    "worker_response_tokens": 824,
    "request_tokens": 77621,
    "response_tokens": 824,
    "total_tokens": 78445
  },
  "valid_ground_truth": true,
  "valid_prediction": true,
  "validation_error": null,
  "iou": 0.6033114357222078,
  "precision": 0.7523667099343664,
  "recall": 0.7527968448157614,
  "f1_score": 0.7525817159146281,
  "positioning_error_m": 2.452421096126563
}