{
  "sl_no": 261,
  "match_info": {
    "center": "live_locate:place:Halfpenny Green / Bobbington centr",
    "zoom": 15,
    "rotation": 0,
    "n_inliers": 167,
    "score": 70.19,
    "scale_factor": 0.461,
    "avg_scale": 0.9918,
    "window": [
      1125,
      625
    ],
    "center_latlon": [
      52.52231390693484,
      -2.251422189362472
    ],
    "anchor_latlon": [
      52.5183,
      -2.2716
    ],
    "_inlier_pts_map": [
      [
        514.6875,
        346.5
      ],
      [
        552.8125,
        346.5
      ],
      [
        514.6875,
        365.75
      ],
      [
        533.75,
        365.75
      ],
      [
        514.6875,
        385.0
      ],
      [
        533.75,
        385.0
      ],
      [
        590.9375,
        385.0
      ],
      [
        610.0,
        385.0
      ],
      [
        362.1875,
        404.25
      ],
      [
        381.25,
        404.25
      ],
      [
        400.3125,
        404.25
      ],
      [
        419.375,
        404.25
      ],
      [
        495.625,
        404.25
      ],
      [
        514.6875,
        404.25
      ],
      [
        533.75,
        404.25
      ],
      [
        552.8125,
        404.25
      ],
      [
        571.875,
        404.25
      ],
      [
        590.9375,
        404.25
      ],
      [
        610.0,
        404.25
      ],
      [
        629.0625,
        404.25
      ],
      [
        343.125,
        423.5
      ],
      [
        362.1875,
        423.5
      ],
      [
        381.25,
        423.5
      ],
      [
        400.3125,
        423.5
      ],
      [
        419.375,
        423.5
      ],
      [
        438.4375,
        423.5
      ],
      [
        476.5625,
        423.5
      ],
      [
        514.6875,
        423.5
      ],
      [
        533.75,
        423.5
      ],
      [
        552.8125,
        423.5
      ],
      [
        571.875,
        423.5
      ],
      [
        610.0,
        423.5
      ],
      [
        362.1875,
        442.75
      ],
      [
        381.25,
        442.75
      ],
      [
        400.3125,
        442.75
      ],
      [
        419.375,
        442.75
      ],
      [
        438.4375,
        442.75
      ],
      [
        457.5,
        442.75
      ],
      [
        533.75,
        442.75
      ],
      [
        552.8125,
        442.75
      ],
      [
        571.875,
        442.75
      ],
      [
        152.5,
        462.0
      ],
      [
        190.625,
        462.0
      ],
      [
        209.6875,
        462.0
      ],
      [
        228.75,
        462.0
      ],
      [
        305.0,
        462.0
      ],
      [
        343.125,
        462.0
      ],
      [
        362.1875,
        462.0
      ],
      [
        381.25,
        462.0
      ],
      [
        400.3125,
        462.0
      ],
      [
        419.375,
        462.0
      ],
      [
        457.5,
        462.0
      ],
      [
        476.5625,
        462.0
      ],
      [
        533.75,
        462.0
      ],
      [
        552.8125,
        462.0
      ],
      [
        571.875,
        462.0
      ],
      [
        152.5,
        481.25
      ],
      [
        171.5625,
        481.25
      ],
      [
        190.625,
        481.25
      ],
      [
        209.6875,
        481.25
      ],
      [
        324.0625,
        481.25
      ],
      [
        343.125,
        481.25
      ],
      [
        362.1875,
        481.25
      ],
      [
        381.25,
        481.25
      ],
      [
        400.3125,
        481.25
      ],
      [
        419.375,
        481.25
      ],
      [
        457.5,
        481.25
      ],
      [
        476.5625,
        481.25
      ],
      [
        495.625,
        481.25
      ],
      [
        533.75,
        481.25
      ],
      [
        552.8125,
        481.25
      ],
      [
        571.875,
        481.25
      ],
      [
        152.5,
        500.5
      ],
      [
        171.5625,
        500.5
      ],
      [
        190.625,
        500.5
      ],
      [
        209.6875,
        500.5
      ],
      [
        305.0,
        500.5
      ],
      [
        381.25,
        500.5
      ],
      [
        476.5625,
        500.5
      ],
      [
        495.625,
        500.5
      ],
      [
        514.6875,
        500.5
      ],
      [
        533.75,
        500.5
      ],
      [
        552.8125,
        500.5
      ],
      [
        571.875,
        500.5
      ],
      [
        152.5,
        519.75
      ],
      [
        190.625,
        519.75
      ],
      [
        209.6875,
        519.75
      ],
      [
        285.9375,
        519.75
      ],
      [
        476.5625,
        519.75
      ],
      [
        495.625,
        519.75
      ],
      [
        514.6875,
        519.75
      ],
      [
        533.75,
        519.75
      ],
      [
        552.8125,
        519.75
      ],
      [
        571.875,
        519.75
      ],
      [
        590.9375,
        519.75
      ],
      [
        171.5625,
        539.0
      ],
      [
        190.625,
        539.0
      ],
      [
        209.6875,
        539.0
      ],
      [
        476.5625,
        539.0
      ],
      [
        495.625,
        539.0
      ],
      [
        514.6875,
        539.0
      ],
      [
        533.75,
        539.0
      ],
      [
        552.8125,
        539.0
      ],
      [
        571.875,
        539.0
      ],
      [
        590.9375,
        539.0
      ],
      [
        629.0625,
        539.0
      ],
      [
        648.125,
        539.0
      ],
      [
        934.0625,
        539.0
      ],
      [
        190.625,
        558.25
      ],
      [
        381.25,
        558.25
      ],
      [
        495.625,
        558.25
      ],
      [
        514.6875,
        558.25
      ],
      [
        552.8125,
        558.25
      ],
      [
        571.875,
        558.25
      ],
      [
        590.9375,
        558.25
      ],
      [
        629.0625,
        558.25
      ],
      [
        495.625,
        577.5
      ],
      [
        514.6875,
        577.5
      ],
      [
        552.8125,
        577.5
      ],
      [
        590.9375,
        577.5
      ],
      [
        610.0,
        577.5
      ],
      [
        152.5,
        596.75
      ],
      [
        419.375,
        596.75
      ],
      [
        629.0625,
        596.75
      ],
      [
        648.125,
        596.75
      ],
      [
        667.1875,
        596.75
      ],
      [
        686.25,
        596.75
      ],
      [
        362.1875,
        616.0
      ],
      [
        285.9375,
        693.0
      ],
      [
        190.625,
        712.25
      ],
      [
        247.8125,
        712.25
      ],
      [
        305.0,
        712.25
      ],
      [
        247.8125,
        731.5
      ],
      [
        266.875,
        750.75
      ],
      [
        285.9375,
        750.75
      ],
      [
        285.9375,
        770.0
      ],
      [
        305.0,
        770.0
      ],
      [
        457.5,
        789.25
      ],
      [
        476.5625,
        789.25
      ],
      [
        457.5,
        808.5
      ],
      [
        476.5625,
        808.5
      ],
      [
        495.625,
        808.5
      ],
      [
        514.6875,
        808.5
      ],
      [
        400.3125,
        827.75
      ],
      [
        457.5,
        827.75
      ],
      [
        476.5625,
        827.75
      ],
      [
        495.625,
        827.75
      ],
      [
        457.5,
        847.0
      ],
      [
        476.5625,
        847.0
      ],
      [
        495.625,
        847.0
      ],
      [
        514.6875,
        847.0
      ],
      [
        457.5,
        866.25
      ],
      [
        476.5625,
        866.25
      ],
      [
        495.625,
        866.25
      ],
      [
        514.6875,
        866.25
      ],
      [
