{
  "sl_no": 233,
  "match_info": {
    "center": "live_locate:place:Bockell Hill",
    "zoom": 15,
    "rotation": 0,
    "n_inliers": 80,
    "score": 33.64,
    "scale_factor": 0.448,
    "avg_scale": 0.9968,
    "window": [
      129,
      258
    ],
    "center_latlon": [
      51.15434393464191,
      1.3770043606621414
    ],
    "anchor_latlon": [
      51.1548897365339,
      1.38629395629312
    ],
    "_inlier_pts_map": [
      [
        747.1428571428571,
        203.5
      ],
      [
        392.24999999999994,
        222.0
      ],
      [
        410.9285714285714,
        222.0
      ],
      [
        429.60714285714283,
        222.0
      ],
      [
        448.2857142857142,
        222.0
      ],
      [
        466.96428571428567,
        222.0
      ],
      [
        373.57142857142856,
        240.5
      ],
      [
        392.24999999999994,
        240.5
      ],
      [
        410.9285714285714,
        240.5
      ],
      [
        429.60714285714283,
        240.5
      ],
      [
        448.2857142857142,
        240.5
      ],
      [
        466.96428571428567,
        240.5
      ],
      [
        485.6428571428571,
        240.5
      ],
      [
        354.8928571428571,
        259.0
      ],
      [
        373.57142857142856,
        259.0
      ],
      [
        392.24999999999994,
        259.0
      ],
      [
        410.9285714285714,
        259.0
      ],
      [
        448.2857142857142,
        259.0
      ],
      [
        466.96428571428567,
        259.0
      ],
      [
        485.6428571428571,
        259.0
      ],
      [
        354.8928571428571,
        277.5
      ],
      [
        373.57142857142856,
        277.5
      ],
      [
        392.24999999999994,
        277.5
      ],
      [
        410.9285714285714,
        277.5
      ],
      [
        429.60714285714283,
        277.5
      ],
      [
        448.2857142857142,
        277.5
      ],
      [
        466.96428571428567,
        277.5
      ],
      [
        485.6428571428571,
        277.5
      ],
      [
        504.32142857142856,
        277.5
      ],
      [
        373.57142857142856,
        296.0
      ],
      [
        392.24999999999994,
        296.0
      ],
      [
        410.9285714285714,
        296.0
      ],
      [
        429.60714285714283,
        296.0
      ],
      [
        448.2857142857142,
        296.0
      ],
      [
        466.96428571428567,
        296.0
      ],
      [
        485.6428571428571,
        296.0
      ],
      [
        373.57142857142856,
        314.5
      ],
      [
        410.9285714285714,
        314.5
      ],
      [
        429.60714285714283,
        314.5
      ],
      [
        448.2857142857142,
        314.5
      ],
      [
        466.96428571428567,
        314.5
      ],
      [
        485.6428571428571,
        314.5
      ],
      [
        410.9285714285714,
        333.0
      ],
      [
        429.60714285714283,
        333.0
      ],
      [
        448.2857142857142,
        333.0
      ],
      [
        354.8928571428571,
        370.0
      ],
      [
        579.0357142857142,
        407.0
      ],
      [
        579.0357142857142,
        425.5
      ],
      [
        597.7142857142857,
        444.0
      ],
      [
        635.0714285714286,
        462.5
      ],
      [
        784.4999999999999,
        536.5
      ],
      [
        784.4999999999999,
        555.0
      ],
      [
        298.85714285714283,
        592.0
      ],
      [
        317.5357142857143,
        610.5
      ],
      [
        466.96428571428567,
        610.5
      ],
      [
        485.6428571428571,
        610.5
      ],
      [
        504.32142857142856,
        610.5
      ],
      [
        466.96428571428567,
        629.0
      ],
      [
        485.6428571428571,
        629.0
      ],
      [
        317.5357142857143,
        647.5
      ],
      [
        336.21428571428567,
        647.5
      ],
      [
        466.96428571428567,
        647.5
      ],
      [
        485.6428571428571,
        647.5
      ],
      [
        504.32142857142856,
        647.5
      ],
      [
        523.0,
        647.5
      ],
      [
        541.6785714285713,
        647.5
      ],
      [
        616.3928571428571,
        647.5
      ],
      [
        466.96428571428567,
        666.0
      ],
      [
        485.6428571428571,
        666.0
      ],
      [
        728.4642857142857,
        666.0
      ],
      [
        466.96428571428567,
        684.5
      ],
      [
        691.1071428571428,
        703.0
      ],
      [
        429.60714285714283,
        758.5
      ],
      [
        448.2857142857142,
        758.5
      ],
      [
        410.9285714285714,
        777.0
      ],
      [
        392.24999999999994,
        832.5
      ],
      [
        448.2857142857142,
        869.5
      ],
      [
        466.96428571428567,
        869.5
      ],
      [
        429.60714285714283,
        888.0
      ],
      [
        448.2857142857142,
        888.0
      ]
    ],
    "_rot_map_shape": [
      1480,
      1046
    ]
  },
  "processing_time": 193.4222869873047,
  "agent_accepted": true,
  "agent_reason": "[accepted] The site was located using two candidates. The first candidate at Kingsdown Road yielded 63 inliers with marginal scale consistency. The second candidate, ancho",
  "agent_stats": {
    "position_calls": 1,
    "pdf_info": {
      "site_address": "Land adjoining Hogs Bush, Kingsdown Road, St. Margarets at Cliffe",
      "postcodes": [],
      "grid_refs": [
        "TR 34 SE",
        "TR 34 SW"
      ],
      "scale": "1:10560",
      "map_pages": [
        1
      ],
      "map_page_details": [
        {
          "page": 1,
          "category": "match",
          "area_group": 0,
          "boundary_clarity": "clear",
          "detail_level": "medium",
          "caption": "Article 4 Direction map showing land adjoining Hogs Bush, Kingsdown Road, coloured pink."
        }
      ],
      "road_names": [
        "Kingsdown Road",
        "St. Margaret's Road",
        "Nelson Park Road",
        "Dover Road",
        "Bay Hill"
      ],
      "place_names": [
        "Hogs Bush",
        "St. Margaret's at Cliffe",
        "Barrow Mount",
        "East Hill",
        "Bockell Hill",
        "St. Margaret's Bay",
        "Cliffe Place",
        "Old Bottom Free Down",
        "St. Margaret's Free Down"
      ],
      "is_district_wide": false,
      "district_name": null,
      "house_number_road_pairs": [],
      "parish_names": [
        "St. Margaret's-at-Cliffe"
      ],
      "admin_region": "Dover",
      "likely_town_or_city": "St. Margaret's at Cliffe",
      "visible_map_labels": [
        "Kingsdown Road",
        "Hogs Bush",
        "St. Margaret's Road",
        "Nelson Park Road",
        "Dover Road",
        "Barrow Mount",
        "East Hill",
        "Bockell Hill",
        "St. Margaret's Bay",
        "Cliffe Place",
        "Old Bottom Free Down",
        "St. Margaret's Free Down",
        "ST MARGARET'S AT CLIFFE"
      ],
      "adjacency_hints": [
        "Hogs Bush"
      ]
    },
    "reader_request_tokens": 5028,
    "reader_response_tokens": 422,
    "outcome_status": "accepted",
    "outcome_reasoning": "The site was located using two candidates. The first candidate at Kingsdown Road yielded 63 inliers with marginal scale consistency. The second candidate, anchored at Bockell Hill, provided a significantly stronger match with 80 inliers and excellent scale consistency (0.99). Road name agreement was strong (0.8) in both cases, confirming the general area. The second candidate was committed as it met the criteria for a reliable match.",
    "rotation_checked": false,
    "tool_calls": {
      "propose_centers": 3,
      "match_at": 2,
      "commit_match": 1,
      "final_result": 1
    },
    "total_tool_calls": 7,
    "n_turns": 15,