{
  "sl_no": 48,
  "match_info": {
    "center": "live_locate:place:Braydeston Crescent",
    "zoom": 17,
    "rotation": 0,
    "n_inliers": 106,
    "score": 42.56,
    "scale_factor": 0.438,
    "avg_scale": 0.9803,
    "window": [
      840,
      1344
    ],
    "center_latlon": [
      52.62215094205002,
      1.4418466137756525
    ],
    "anchor_latlon": [
      52.6232322083271,
      1.44053901332938
    ],
    "_inlier_pts_map": [
      [
        206.85714285714286,
        242.9625
      ],
      [
        219.78571428571428,
        242.9625
      ],
      [
        155.14285714285714,
        255.75
      ],
      [
        168.07142857142858,
        255.75
      ],
      [
        181.0,
        255.75
      ],
      [
        193.92857142857144,
        255.75
      ],
      [
        245.64285714285714,
        255.75
      ],
      [
        168.07142857142858,
        268.53749999999997
      ],
      [
        181.0,
        268.53749999999997
      ],
      [
        193.92857142857144,
        268.53749999999997
      ],
      [
        245.64285714285714,
        268.53749999999997
      ],
      [
        271.5,
        268.53749999999997
      ],
      [
        155.14285714285714,
        281.325
      ],
      [
        181.0,
        281.325
      ],
      [
        193.92857142857144,
        281.325
      ],
      [
        206.85714285714286,
        281.325
      ],
      [
        232.71428571428572,
        281.325
      ],
      [
        258.57142857142856,
        281.325
      ],
      [
        271.5,
        281.325
      ],
      [
        310.2857142857143,
        281.325
      ],
      [
        129.28571428571428,
        294.1125
      ],
      [
        142.21428571428572,
        294.1125
      ],
      [
        258.57142857142856,
        294.1125
      ],
      [
        271.5,
        294.1125
      ],
      [
        258.57142857142856,
        306.9
      ],
      [
        271.5,
        306.9
      ],
      [
        258.57142857142856,
        319.6875
      ],
      [
        245.64285714285714,
        332.47499999999997
      ],
      [
        258.57142857142856,
        332.47499999999997
      ],
      [
        245.64285714285714,
        345.2625
      ],
      [
        258.57142857142856,
        345.2625
      ],
      [
        452.5,
        370.8375
      ],
      [
        465.42857142857144,
        370.8375
      ],
      [
        478.3571428571429,
        370.8375
      ],
      [
        129.28571428571428,
        383.625
      ],
      [
        232.71428571428572,
        383.625
      ],
      [
        478.3571428571429,
        383.625
      ],
      [
        491.2857142857143,
        383.625
      ],
      [
        116.35714285714286,
        396.41249999999997
      ],
      [
        129.28571428571428,
        396.41249999999997
      ],
      [
        219.78571428571428,
        409.2
      ],
      [
        232.71428571428572,
        409.2
      ],
      [
        206.85714285714286,
        421.9875
      ],
      [
        219.78571428571428,
        421.9875
      ],
      [
        465.42857142857144,
        421.9875
      ],
      [
        219.78571428571428,
        434.775
      ],
      [
        543.0,
        434.775
      ],
      [
        555.9285714285714,
        434.775
      ],
      [
        193.92857142857144,
        447.5625
      ],
      [
        219.78571428571428,
        447.5625
      ],
      [
        232.71428571428572,
        447.5625
      ],
      [
        258.57142857142856,
        447.5625
      ],
      [
        336.14285714285717,
        447.5625
      ],
      [
        349.07142857142856,
        447.5625
      ],
      [
        362.0,
        447.5625
      ],
      [
        232.71428571428572,
        460.34999999999997
      ],
      [
        530.0714285714286,
        460.34999999999997
      ],
      [
        116.35714285714286,
        473.1375
      ],
      [
        362.0,
        473.1375
      ],
      [
        517.1428571428571,
        473.1375
      ],
      [
        103.42857142857143,
        485.925
      ],
      [
        517.1428571428571,
        485.925
      ],
      [
        517.1428571428571,
        498.7125
      ],
      [
        142.21428571428572,
        511.5
      ],
      [
        155.14285714285714,
        511.5
      ],
      [
        142.21428571428572,
        524.2875
      ],
      [
        155.14285714285714,
        524.2875
      ],
      [
        633.5,
        537.0749999999999
      ],
      [
        426.64285714285717,
        549.8625
      ],
      [
        439.57142857142856,
        562.65
      ],
      [
        465.42857142857144,
        562.65
      ],
      [
        517.1428571428571,
        562.65
      ],
      [
        90.5,
        575.4375
      ],
      [
        284.42857142857144,
        575.4375
      ],
      [
        465.42857142857144,
        575.4375
      ],
      [
        478.3571428571429,
        575.4375
      ],
      [
        64.64285714285714,
        588.225
      ],
      [
        77.57142857142857,
        588.225
      ],
      [
        90.5,
        588.225
      ],
      [
        297.3571428571429,
        588.225
      ],
      [
        478.3571428571429,
        588.225
      ],
      [
        206.85714285714286,
        601.0124999999999
      ],
      [
        478.3571428571429,
        601.0124999999999
      ],
      [
        51.714285714285715,
        613.8
      ],
      [
        64.64285714285714,
        613.8
      ],
      [
        219.78571428571428,
        613.8
      ],
      [
        323.2142857142857,
        626.5875
      ],
      [
        168.07142857142858,
        639.375
      ],
      [
        181.0,
        639.375
      ],
      [
        310.2857142857143,
        639.375
      ],
      [
        323.2142857142857,
        639.375
      ],
      [
        142.21428571428572,
        652.1625
      ],
      [
        155.14285714285714,
        652.1625
      ],
      [
        168.07142857142858,
        652.1625
      ],
      [
        310.2857142857143,
        652.1625
      ],
      [
        323.2142857142857,
        652.1625
      ],
      [
        439.57142857142856,
        652.1625
      ],
      [
        168.07142857142858,
        664.9499999999999
      ],
      [
        181.0,
        664.9499999999999
      ],
      [
        297.3571428571429,
        664.9499999999999
      ],
      [
        90.5,
        677.7375
      ],
      [
        168.07142857142858,
        677.7375
      ],
      [
        633.5,
        677.7375
      ],
      [
        439.57142857142856,
        690.525
      ],
      [
        284.42857142857144,
        767.25
      ],
      [
        297.3571428571429,
        767.25
      ]
    ],
    "_rot_map_shape": [
      1023,
      724
    ]
  },
  "processing_time": 200.73083806037903,
  "agent_accepted": true,
  "agent_reason": "[accepted] The planning boundary was identified on page 2, showing the White Horse Inn in Brundall. Two candidates were tested: the first (Strumpshaw Road) yielded 73 inli",
  "agent_stats": {
    "position_calls": 1,
    "pdf_info": {
      "site_address": "Land at the White Horse Inn, The Street, Brundall, Norfolk",
      "postcodes": [],
      "grid_refs": [],
      "scale": "1:2500",
      "map_pages": [
        2
      ],
      "map_page_details": [
        {
          "page": 1,
          "category": "discard",
          "area_group": -1,
          "boundary_clarity": "none",
          "detail_level": "wide",
          "caption": "Article 4 Direction text document for Broadland District Council."
        },
        {
          "page": 2,
          "category": "match",
          "area_group": 0,
          "boundary_clarity": "clear",
          "detail_level": "medium",
          "caption": "Site plan at 1:2500 showing red boundary around White Horse Inn, Brundall."
        }
      ],