{
  "sl_no": 109,
  "match_info": {
    "center": "live_locate:intersect:Linden Close x Bainton Road",
    "zoom": 19,
    "rotation": 0,
    "n_inliers": 247,
    "score": 127.45,
    "scale_factor": 0.876,
    "avg_scale": 1.1351,
    "window": [
      1806,
      1290
    ],
    "center_latlon": [
      52.63422274786311,
      -0.4099844083571327
    ],
    "anchor_latlon": [
      52.6344786420196,
      -0.410178716269918
    ],
    "_inlier_pts_map": [
      [
        1035.7142857142858,
        204.9
      ],
      [
        1009.8214285714286,
        230.51250000000002
      ],
      [
        1035.7142857142858,
        230.51250000000002
      ],
      [
        1061.607142857143,
        256.125
      ],
      [
        466.07142857142856,
        307.35
      ],
      [
        621.4285714285714,
        307.35
      ],
      [
        466.07142857142856,
        332.96250000000003
      ],
      [
        595.5357142857142,
        332.96250000000003
      ],
      [
        621.4285714285714,
        332.96250000000003
      ],
      [
        466.07142857142856,
        358.575
      ],
      [
        1191.0714285714284,
        358.575
      ],
      [
        1216.9642857142858,
        358.575
      ],
      [
        1242.857142857143,
        358.575
      ],
      [
        466.07142857142856,
        384.1875
      ],
      [
        1191.0714285714284,
        384.1875
      ],
      [
        1216.9642857142858,
        384.1875
      ],
      [
        1242.857142857143,
        384.1875
      ],
      [
        1191.0714285714284,
        409.8
      ],
      [
        1216.9642857142858,
        409.8
      ],
      [
        1242.857142857143,
        409.8
      ],
      [
        569.6428571428571,
        435.4125
      ],
      [
        1165.1785714285713,
        435.4125
      ],
      [
        1191.0714285714284,
        435.4125
      ],
      [
        1216.9642857142858,
        435.4125
      ],
      [
        1165.1785714285713,
        461.02500000000003
      ],
      [
        1191.0714285714284,
        461.02500000000003
      ],
      [
        388.3928571428571,
        486.6375
      ],
      [
        491.9642857142857,
        486.6375
      ],
      [
        517.8571428571429,
        486.6375
      ],
      [
        543.75,
        486.6375
      ],
      [
        1165.1785714285713,
        486.6375
      ],
      [
        1191.0714285714284,
        486.6375
      ],
      [
        491.9642857142857,
        512.25
      ],
      [
        517.8571428571429,
        512.25
      ],
      [
        543.75,
        512.25
      ],
      [
        725.0,
        512.25
      ],
      [
        750.8928571428571,
        512.25
      ],
      [
        776.7857142857142,
        512.25
      ],
      [
        1139.2857142857142,
        512.25
      ],
      [
        1191.0714285714284,
        512.25
      ],
      [
        1216.9642857142858,
        512.25
      ],
      [
        517.8571428571429,
        537.8625000000001
      ],
      [
        362.5,
        563.475
      ],
      [
        725.0,
        563.475
      ],
      [
        750.8928571428571,
        563.475
      ],
      [
        388.3928571428571,
        589.0875
      ],
      [
        621.4285714285714,
        640.3125
      ],
      [
        647.3214285714286,
        640.3125
      ],
      [
        673.2142857142857,
        640.3125
      ],
      [
        362.5,
        665.9250000000001
      ],
      [
        388.3928571428571,
        665.9250000000001
      ],
      [
        517.8571428571429,
        665.9250000000001
      ],
      [
        621.4285714285714,
        665.9250000000001
      ],
      [
        647.3214285714286,
        665.9250000000001
      ],
      [
        673.2142857142857,
        665.9250000000001
      ],
      [
        362.5,
        691.5375
      ],
      [
        388.3928571428571,
        691.5375
      ],
      [
        517.8571428571429,
        691.5375
      ],
      [
        543.75,
        691.5375
      ],
      [
        621.4285714285714,
        691.5375
      ],
      [
        647.3214285714286,
        691.5375
      ],
      [
        673.2142857142857,
        691.5375
      ],
      [
        466.07142857142856,
        717.15
      ],
      [
        491.9642857142857,
        717.15
      ],
      [
        517.8571428571429,
        717.15
      ],
      [
        543.75,
        717.15
      ],
      [
        595.5357142857142,
        717.15
      ],
      [
        621.4285714285714,
        717.15
      ],
      [
        673.2142857142857,
        717.15
      ],
      [
        699.1071428571429,
        717.15
      ],
      [
        388.3928571428571,
        742.7625
      ],
      [
        414.2857142857143,
        742.7625
      ],
      [
        440.17857142857144,
        742.7625
      ],
      [
        466.07142857142856,
        742.7625
      ],
      [
        491.9642857142857,
        742.7625
      ],
      [
        517.8571428571429,
        742.7625
      ],
      [
        647.3214285714286,
        742.7625
      ],
      [
        388.3928571428571,
        768.375
      ],
      [
        414.2857142857143,
        768.375
      ],
      [
        440.17857142857144,
        768.375
      ],
      [
        466.07142857142856,
        768.375
      ],
      [
        440.17857142857144,
        793.9875000000001
      ],
      [
        750.8928571428571,
        819.6
      ],
      [
        1165.1785714285713,
        819.6
      ],
      [
        1294.642857142857,
        819.6
      ],
      [
        595.5357142857142,
        845.2125
      ],
      [
        621.4285714285714,
        845.2125
      ],
      [
        647.3214285714286,
        845.2125
      ],
      [
        673.2142857142857,
        845.2125
      ],
      [
        699.1071428571429,
        845.2125
      ],
      [
        725.0,
        845.2125
      ],
      [
        750.8928571428571,
        845.2125
      ],
      [
        569.6428571428571,
        870.825
      ],
      [
        595.5357142857142,
        870.825
      ],
      [
        621.4285714285714,
        870.825
      ],
      [
        647.3214285714286,
        870.825
      ],
      [
        673.2142857142857,
        870.825
      ],
      [
        699.1071428571429,
        870.825
      ],
      [
        725.0,
        870.825
      ],
      [
        750.8928571428571,
        870.825
      ],
      [
        776.7857142857142,
        870.825
      ],
      [
        802.6785714285714,
        870.825
      ],
      [
        543.75,
        896.4375
      ],
      [
        569.6428571428571,
        896.4375
      ],
      [
        595.5357142857142,
        896.4375
      ],
      [
        621.4285714285714,
        896.4375
      ],
      [
        647.3214285714286,
        896.4375
      ],
      [
        673.2142857142857,
        896.4375
      ],
      [
        699.1071428571429,
        896.4375
      ],
      [
        725.0,
        896.4375
      ],
      [
        750.8928571428571,
        896.4375
      ],
      [
        776.7857142857142,
        896.4375
      ],
      [
        802.6785714285714,
        896.4375
      ],
      [
        517.8571428571429,
        922.0500000000001
      ],
      [
        543.75,
        922.0500000000001
      ],
      [
        569.6428571428571,
        922.0500000000001
      ],
      [
        595.5357142857142,
        922.0500000000001
      ],
      [
        647.3214285714286,
        922.0500000000001
      ],
      [
        673.2142857142857,
        922.0500000000001
      ],
      [
        725.0,
        922.0500000000001
      ],
      [
        750.8928571428571,
        922.0500000000001
      ],
      [
        776.7857142857142,
        922.0500000000001
      ],
      [
        802.6785714285714,
        922.0500000000001
      ],
      [
