{
  "sl_no": 207,
  "match_info": {
    "center": "live_locate:intersect:Marquis Lane x Lower Luton Roa",
    "zoom": 18,
    "rotation": 0,
    "n_inliers": 171,
    "score": 71.44,
    "scale_factor": 0.86,
    "avg_scale": 0.9683,
    "window": [
      1692,
      1504
    ],
    "center_latlon": [
      51.819006012477,
      -0.33076023354655604
    ],
    "anchor_latlon": [
      51.8205,
      -0.334
    ],
    "_inlier_pts_map": [
      [
        100.14285714285714,
        497.5
      ],
      [
        125.17857142857142,
        497.5
      ],
      [
        100.14285714285714,
        522.375
      ],
      [
        125.17857142857142,
        522.375
      ],
      [
        150.21428571428572,
        522.375
      ],
      [
        100.14285714285714,
        547.25
      ],
      [
        125.17857142857142,
        547.25
      ],
      [
        150.21428571428572,
        547.25
      ],
      [
        175.25,
        547.25
      ],
      [
        100.14285714285714,
        572.125
      ],
      [
        125.17857142857142,
        572.125
      ],
      [
        150.21428571428572,
        572.125
      ],
      [
        175.25,
        572.125
      ],
      [
        200.28571428571428,
        572.125
      ],
      [
        225.32142857142856,
        572.125
      ],
      [
        100.14285714285714,
        597.0
      ],
      [
        125.17857142857142,
        597.0
      ],
      [
        150.21428571428572,
        597.0
      ],
      [
        175.25,
        597.0
      ],
      [
        200.28571428571428,
        597.0
      ],
      [
        225.32142857142856,
        597.0
      ],
      [
        250.35714285714283,
        597.0
      ],
      [
        275.3928571428571,
        597.0
      ],
      [
        300.42857142857144,
        597.0
      ],
      [
        100.14285714285714,
        621.875
      ],
      [
        175.25,
        621.875
      ],
      [
        200.28571428571428,
        621.875
      ],
      [
        225.32142857142856,
        621.875
      ],
      [
        250.35714285714283,
        621.875
      ],
      [
        275.3928571428571,
        621.875
      ],
      [
        300.42857142857144,
        621.875
      ],
      [
        175.25,
        646.75
      ],
      [
        200.28571428571428,
        646.75
      ],
      [
        225.32142857142856,
        646.75
      ],
      [
        250.35714285714283,
        646.75
      ],
      [
        275.3928571428571,
        646.75
      ],
      [
        300.42857142857144,
        646.75
      ],
      [
        325.4642857142857,
        646.75
      ],
      [
        300.42857142857144,
        671.625
      ],
      [
        450.6428571428571,
        845.75
      ],
      [
        1251.7857142857142,
        895.5
      ],
      [
        1226.75,
        920.375
      ],
      [
        1251.7857142857142,
        920.375
      ],
      [
        400.57142857142856,
        945.25
      ],
      [
        475.6785714285714,
        945.25
      ],
      [
        550.7857142857142,
        945.25
      ],
      [
        575.8214285714286,
        945.25
      ],
      [
        1251.7857142857142,
        945.25
      ],
      [
        425.60714285714283,
        970.125
      ],
      [
        450.6428571428571,
        970.125
      ],
      [
        475.6785714285714,
        970.125
      ],
      [
        500.71428571428567,
        970.125
      ],
      [
        525.75,
        970.125
      ],
      [
        550.7857142857142,
        970.125
      ],
      [
        575.8214285714286,
        970.125
      ],
      [
        600.8571428571429,
        970.125
      ],
      [
        625.8928571428571,
        970.125
      ],
      [
        1251.7857142857142,
        970.125
      ],
      [
        425.60714285714283,
        995.0
      ],
      [
        450.6428571428571,
        995.0
      ],
      [
        475.6785714285714,
        995.0
      ],
      [
        500.71428571428567,
        995.0
      ],
      [
        525.75,
        995.0
      ],
      [
        550.7857142857142,
        995.0
      ],
      [
        625.8928571428571,
        995.0
      ],
      [
        650.9285714285714,
        995.0
      ],
      [
        675.9642857142857,
        995.0
      ],
      [
        450.6428571428571,
        1019.875
      ],
      [
        475.6785714285714,
        1019.875
      ],
      [
        500.71428571428567,
        1019.875
      ],
      [
        525.75,
        1019.875
      ],
      [
        550.7857142857142,
        1019.875
      ],
      [
        650.9285714285714,
        1019.875
      ],
      [
        675.9642857142857,
        1019.875
      ],
      [
        701.0,
        1019.875
      ],
      [
        726.0357142857142,
        1019.875
      ],
      [
        751.0714285714286,
        1019.875
      ],
      [
        776.1071428571428,
        1019.875
      ],
      [
        801.1428571428571,
        1019.875
      ],
      [
        1226.75,
        1019.875
      ],
      [
        1251.7857142857142,
        1019.875
      ],
      [
        450.6428571428571,
        1044.75
      ],
      [
        475.6785714285714,
        1044.75
      ],
      [
        726.0357142857142,
        1044.75
      ],
      [
        751.0714285714286,
        1044.75
      ],
      [
        776.1071428571428,
        1044.75
      ],
      [
        1001.4285714285713,
        1044.75
      ],
      [
        1026.4642857142858,
        1044.75
      ],
      [
        1051.5,
        1044.75
      ],
      [
        1101.5714285714284,
        1044.75
      ],
      [
        1151.642857142857,
        1044.75
      ],
      [
        801.1428571428571,
        1069.625
      ],
      [
        1001.4285714285713,
        1069.625
      ],
      [
        1026.4642857142858,
        1069.625
      ],
      [
        1051.5,
        1069.625
      ],
      [
        1101.5714285714284,
        1069.625
      ],
      [
        1201.7142857142858,
        1069.625
      ],
      [
        1226.75,
        1069.625
      ],
      [
        1301.857142857143,
        1069.625
      ],
      [
        751.0714285714286,
        1094.5
      ],
      [
        776.1071428571428,
        1094.5
      ],
      [
        801.1428571428571,
        1094.5
      ],
      [
        826.1785714285714,
        1094.5
      ],
      [
        1001.4285714285713,
        1094.5
      ],
      [
        1026.4642857142858,
        1094.5
      ],
      [
        1051.5,
        1094.5
      ],
      [
        1126.607142857143,
        1094.5
      ],
      [
        1151.642857142857,
        1094.5
      ],
      [
        1176.6785714285713,
        1094.5
      ],
      [
        1201.7142857142858,
        1094.5
      ],
      [
        801.1428571428571,
        1119.375
      ],
      [
        951.3571428571428,
        1119.375
      ],
      [
        976.3928571428571,
        1119.375
      ],
      [
        1001.4285714285713,
        1119.375
      ],
      [
        1026.4642857142858,
        1119.375
      ],
      [
        1051.5,
        1119.375
      ],
      [
        1076.5357142857142,
        1119.375
      ],
      [
        1101.5714285714284,
        1119.375
      ],
      [
        1126.607142857143,
        1119.375
      ],
      [
        1151.642857142857,
        1119.375
      ],
      [
        1176.6785714285713,
        1119.375
      ],
      [
        1201.7142857142858,
        1119.375
      ],
      [
        826.1785714285714,
        1144.25
      ],
      [
        926.3214285714286,
        1144.25
      ],
      [
        951.3571428571428,
        1144.25
      ],
      [
        976.3928571428571,
        1144.25
      ],
      [
        1001.4285714285713,
        1144.25
      ],
      [
        1026.4642857142858,
        1144.25
      ],
      [
        1051.5,
