{
  "sl_no": 21,
  "match_info": {
    "center": "live_locate:intersect:Thwaite Road x Rider Haggard W",
    "zoom": 16,
    "rotation": 0,
    "n_inliers": 20,
    "score": 7.96,
    "scale_factor": 0.873,
    "avg_scale": 0.8452,
    "window": [
      528,
      924
    ],
    "center_latlon": [
      52.47071685266364,
      1.4413547979081045
    ],
    "anchor_latlon": [
      52.470227,
      1.443855
    ],
    "_inlier_pts_map": [
      [
        816.0,
        412.2857142857143
      ],
      [
        841.5,
        412.2857142857143
      ],
      [
        841.5,
        798.8035714285714
      ],
      [
        892.5,
        798.8035714285714
      ],
      [
        892.5,
        824.5714285714286
      ],
      [
        969.0,
        824.5714285714286
      ],
      [
        994.5,
        824.5714285714286
      ],
      [
        1020.0,
        824.5714285714286
      ],
      [
        1045.5,
        824.5714285714286
      ],
      [
        969.0,
        850.3392857142857
      ],
      [
        994.5,
        850.3392857142857
      ],
      [
        1020.0,
        850.3392857142857
      ],
      [
        1045.5,
        850.3392857142857
      ],
      [
        1020.0,
        876.1071428571429
      ],
      [
        1402.5,
        1030.7142857142858
      ],
      [
        1428.0,
        1030.7142857142858
      ],
      [
        1402.5,
        1056.482142857143
      ],
      [
        1249.5,
        1159.5535714285713
      ],
      [
        1249.5,
        1185.3214285714284
      ],
      [
        1275.0,
        1185.3214285714284
      ]
    ],
    "_rot_map_shape": [
      1443,
      2040
    ]
  },
  "processing_time": 325.764102935791,
  "agent_accepted": true,
  "agent_reason": "[accepted] The map shows multiple residential sites across an estate in Ditchingham, South Norfolk. I attempted three different centers based on road intersections, place ",
  "agent_stats": {
    "position_calls": 1,
    "pdf_info": {
      "site_address": "Various sites across South Norfolk District Council area including Aldeby, Bergh Apton, Brooke, Chedgrave, Ditchingham, Gillingham, Hedenham, Loddon, Thurton, Wheatacre and Woodton.",
      "postcodes": [],
      "grid_refs": [],
      "scale": null,
      "map_pages": [
        5
      ],
      "map_page_details": [
        {
          "page": 5,
          "category": "match",
          "area_group": 0,
          "boundary_clarity": "clear",
          "detail_level": "close",
          "caption": "Map of Ditchingham showing boundaries at Scudamore Place, Windmill Green, and Hallow Hill Road."
        }
      ],
      "road_names": [
        "Hallow Hill Road",
        "Scudamore Place",
        "Thwaite Road",
        "Windmill Green",
        "Longridge Road",
        "Rider Haggard Way",
        "Green Lane",
        "Black Horse Dyke",
        "Agnes Hood Terrace",
        "Norwich Road",
        "The Loke (Track)"
      ],
      "place_names": [
        "Scudamore Place",
        "Windmill Green",
        "Hallow Hill Road",
        "Thwaite Road",
        "Longridge Road",
        "Rider Haggard Way",
        "Green Lane",
        "Black Horse Dyke",
        "Agnes Hood Terrace",
        "Norwich Road",
        "Police House",
        "Post Office",
        "Playing Field"
      ],
      "is_district_wide": false,
      "district_name": "South Norfolk District, Norfolk, UK",
      "house_number_road_pairs": [
        "1-15 St Mary's Row",
        "1-6 Waveney Cottages",
        "7-18 Church Road",
        "1-31 Churchill Place",
        "9-29 Entrance Lane",
        "13-29 Hurst Road",
        "1-7 The Rise",
        "25-39 Hallow Hill Road",
        "1-28 Scudamore Place",
        "12-20 Thwaite Road",
        "1-30 Windmill Green",
        "1-15 Forge Grove",
        "1-2 Kenyon Row",
        "1-13 Smiths Knoll",
        "1-9 Princess Anne Terrace",
        "2-80 The Walks",
        "1-12 St Ethelberts Close",
        "1-13 Whiteways",
        "1-2 Everest Place",
        "1-6 Hilary Terrace",
        "2-8 Suckling Place",
        "1-8 Tensing Street",
        "1-12 Woodyard Square"
      ],
      "parish_names": [
        "Aldeby",
        "Bergh Apton",
        "Brooke",
        "Chedgrave",
        "Ditchingham",
        "Gillingham",
        "Hedenham",
        "Loddon",
        "Thurton",
        "Wheatacre",
        "Woodton"
      ],
      "admin_region": "South Norfolk",
      "likely_town_or_city": "Ditchingham",
      "visible_map_labels": [
        "DITCHINGHAM",
        "Scudamore Place",
        "Windmill Green",
        "HALLOW HILL ROAD",
        "THWAITE ROAD",
        "LONGRIDGE ROAD_ROAD",
        "RIDER HAGGARD WAY",
        "GREEN LANE",
        "BLACK HORSE DYKE",
        "Agnes Hood Terrace",
        "NORWICH ROAD",
        "Police House",
        "Post Office",
        "The Loke (Track)",
        "Playing Field",
        "Heath House",
        "The Nook",
        "Thistledome",
        "Orchard End",
        "The Laurels",
        "Neauchatel",
        "Geraldine",
        "Wayside",
        "Stone Cottages_Cottages",
        "Elmview_Cottages",
        "Forsythia_Cottages",
        "Holmfield_Cottages",
        "Shrublands_Cottages",
        "Oakham_Cottages",
        "Panciles_Cottages,",
        "Garnault_Cottages",
        "Oakley_Cottages",
        "Ottley_Cottages",
        "Madre_Cottages",
        "Casalinga_Cottages",
        "Marita_Cottages",
        "Hill View_Cottages",
        "Copseclose_Cottages",
        "Abbotts Cottage"
      ],
      "adjacency_hints": [
        "Playing Field"
      ]
    },
    "reader_request_tokens": 6076,
    "reader_response_tokens": 962,
    "outcome_status": "accepted",
    "outcome_reasoning": "The map shows multiple residential sites across an estate in Ditchingham, South Norfolk. I attempted three different centers based on road intersections, place names, and postcodes. All attempts yielded relatively low inlier counts (17-20), likely due to the sparse nature of the red-lined boundaries spread across a large area. Candidate 0 (Thwaite Road x Rider Haggard Way) provided the highest inlier count (20) and a marginal but acceptable scale consistency (0.71). I have committed this candidate to capture the boundaries at Scudamore Place, Windmill Green, and Hallow Hill Road.",
    "rotation_checked": true,
    "tool_calls": {
      "propose_centers": 3,
      "match_at": 3,
      "commit_match": 1,
      "final_result": 1
    },
    "total_tool_calls": 8,
    "n_turns": 17,
    "validator_retries": 0,
    "worker_request_tokens": 48030,
    "worker_response_tokens": 510,
    "request_tokens": 54106,
    "response_tokens": 1472,
    "total_tokens": 55578,
    "critic": {
      "n_rejections": 0,
      "iterations": [
        {
          "iter_idx": 0,
          "action": "approve",
          "chosen_candidate_id": 0,
          "reasoning": "Candidate 0 shows good alignment with the settlement of Ditchingham. The road network including 'Windmill Green' and 'Scudamore Place' on the planning map matches the OS tile layout, and the red polygon sits correctly on the north-western edge of the village.",
          "wall_s": 2.3,
          "llm_error": null
        }
      ],
      "tokens": {
        "request": 5228,
        "response": 86
      }
    }
  },
  "valid_ground_truth": true,
  "valid_prediction": true,
  "validation_error": null,
  "iou": 0.026628182578278283,
  "precision": 0.02901486305878548,
  "recall": 0.24455247934837512,
  "f1_score": 0.05187502745425537,
  "positioning_error_m": 252.04045939294423,
  "worker_first_iou": 0.026628182578278283,
  "worker_first_metrics": {
    "valid_ground_truth": true,
    "valid_prediction": true,
    "validation_error": null,
    "iou": 0.026628182578278283,
    "precision": 0.02901486305878548,
    "recall": 0.24455247934837512,
    "f1_score": 0.05187502745425537,
    "positioning_error_m": 252.04045939294423
  }
}