{
  "sl_no": 1,
  "match_info": {
    "center": "live_locate:place:Shepherdswell Road (west)",
    "zoom": 17,
    "rotation": 0,
    "n_inliers": 33,
    "score": 16.38,
    "scale_factor": 0.424,
    "avg_scale": 0.9973,
    "window": [
      0,
      1309
    ],
    "center_latlon": [
      51.19109486713891,
      1.2417584342537396
    ],
    "anchor_latlon": [
      51.1976861724235,
      1.25273665483454
    ],
    "_inlier_pts_map": [
      [
        637.0714285714287,
        227.825
      ],
      [
        583.9821428571429,
        245.34999999999997
      ],
      [
        601.6785714285714,
        245.34999999999997
      ],
      [
        619.375,
        245.34999999999997
      ],
      [
        637.0714285714287,
        245.34999999999997
      ],
      [
        548.5892857142858,
        262.875
      ],
      [
        566.2857142857143,
        262.875
      ],
      [
        583.9821428571429,
        262.875
      ],
      [
        601.6785714285714,
        262.875
      ],
      [
        637.0714285714287,
        262.875
      ],
      [
        672.4642857142858,
        262.875
      ],
      [
        300.8392857142857,
        280.4
      ],
      [
        477.80357142857144,
        280.4
      ],
      [
        495.50000000000006,
        280.4
      ],
      [
        513.1964285714287,
        280.4
      ],
      [
        530.8928571428572,
        280.4
      ],
      [
        548.5892857142858,
        280.4
      ],
      [
        566.2857142857143,
        280.4
      ],
      [
        583.9821428571429,
        280.4
      ],
      [
        654.7678571428572,
        280.4
      ],
      [
        672.4642857142858,
        280.4
      ],
      [
        283.14285714285717,
        297.92499999999995
      ],
      [
        477.80357142857144,
        297.92499999999995
      ],
      [
        495.50000000000006,
        297.92499999999995
      ],
      [
        513.1964285714287,
        297.92499999999995
      ],
      [
        530.8928571428572,
        297.92499999999995
      ],
      [
        548.5892857142858,
        297.92499999999995
      ],
      [
        566.2857142857143,
        297.92499999999995
      ],
      [
        690.1607142857143,
        297.92499999999995
      ],
      [
        283.14285714285717,
        315.45
      ],
      [
        530.8928571428572,
        315.45
      ],
      [
        548.5892857142858,
        315.45
      ],
      [
        513.1964285714287,
        332.97499999999997
      ]
    ],
    "_rot_map_shape": [
      1402,
      991
    ]
  },
  "processing_time": 258.53499388694763,
  "agent_accepted": true,
  "agent_reason": "[accepted] The planning boundary was identified on page 4, showing land at Golgotha, Shepherdswell. The map features Shepherdswell Road, Railway Bungalows, and Summerfield",
  "agent_stats": {
    "position_calls": 1,
    "pdf_info": {
      "site_address": "Land at Golgotha, Shepherdswell, Dover Rural District and Eythorne, Eastry Rural District",
      "postcodes": [],
      "grid_refs": [
        "TR 2648"
      ],
      "scale": "1:2500",
      "map_pages": [
        4
      ],
      "map_page_details": [
        {
          "page": 1,
          "category": "discard",
          "area_group": -1,
          "boundary_clarity": "none",
          "detail_level": "wide",
          "caption": "Article 4 Direction text document, page 1. Mentioning Golgotha, Shepherdswell."
        },
        {
          "page": 2,
          "category": "discard",
          "area_group": -1,
          "boundary_clarity": "none",
          "detail_level": "wide",
          "caption": "Secretary of State approval page."
        },
        {
          "page": 3,
          "category": "discard",
          "area_group": -1,
          "boundary_clarity": "none",
          "detail_level": "wide",
          "caption": "Cover page for the Direction."
        },
        {
          "page": 4,
          "category": "match",
          "area_group": 0,
          "boundary_clarity": "clear",
          "detail_level": "medium",
          "caption": "Site plan at 1:2500 showing land at Golgotha, Shepherdswell, shaded pink."
        }
      ],
      "road_names": [
        "Shepherdswell Road"
      ],
      "place_names": [
        "Golgotha",
        "Shepherdswell",
        "Railway Bungalows",
        "Summerfield"
      ],
      "is_district_wide": false,
      "district_name": "Dover District, Kent, UK",
      "house_number_road_pairs": [],
      "parish_names": [
        "Eythorne"
      ],
      "admin_region": "Dover",
      "likely_town_or_city": "Shepherdswell",
      "visible_map_labels": [
        "Golgotha",
        "Shepherdswell Road",
        "Railway Bungalows",
        "Summerfield",
        "R.D. Bdy"
      ],
      "adjacency_hints": [
        "Shepherdswell Road",
        "Railway Bungalows"
      ]
    },
    "outcome_status": "accepted",
    "outcome_reasoning": "The planning boundary was identified on page 4, showing land at Golgotha, Shepherdswell. The map features Shepherdswell Road, Railway Bungalows, and Summerfield. I performed three match attempts. The first and third attempts at the eastern end of Shepherdswell Road (near Eythorne) yielded low inliers (15) and marginal scale consistency. The second attempt (candidate_id 1) at the western section of Shepherdswell Road (51.1976, 1.2527) yielded 33 inliers with excellent scale consistency (0.99) and perfect road name agreement. This location correctly aligns the 'Golgotha' and 'Railway Bungalows' features with the Ordnance Survey data. I have committed this match.",
    "rotation_checked": false,
    "tool_calls": {
      "submit_pdf_info": 1,
      "propose_centers": 3,
      "match_at": 3,
      "commit_match": 1,
      "final_result": 1
    },
    "total_tool_calls": 9,
    "n_turns": 19,
    "validator_retries": 0,
    "worker_request_tokens": 81404,
    "worker_response_tokens": 1078,
    "request_tokens": 81404,
    "response_tokens": 1078,
    "total_tokens": 82482
  },
  "valid_ground_truth": true,
  "valid_prediction": true,
  "validation_error": null,
  "iou": 0.8808988193868672,
  "precision": 0.934011297642177,
  "recall": 0.939361143801255,
  "f1_score": 0.9366785818632347,
  "positioning_error_m": 6.321236632519476
}