{
  "sl_no": 119,
  "match_info": {
    "center": "live_locate:place:College Park",
    "zoom": 19,
    "rotation": 0,
    "n_inliers": 186,
    "score": 77.56,
    "scale_factor": 0.875,
    "avg_scale": 1.3053,
    "window": [
      1548,
      1806
    ],
    "center_latlon": [
      52.58437608060809,
      -0.22846070388953876
    ],
    "anchor_latlon": [
      52.585222,
      -0.22801
    ],
    "_inlier_pts_map": [
      [
        802.125,
        409.2
      ],
      [
        828.0,
        409.2
      ],
      [
        1216.125,
        409.2
      ],
      [
        957.375,
        511.5
      ],
      [
        1060.875,
        511.5
      ],
      [
        1086.75,
        511.5
      ],
      [
        1112.625,
        511.5
      ],
      [
        905.625,
        537.0749999999999
      ],
      [
        931.5,
        537.0749999999999
      ],
      [
        957.375,
        537.0749999999999
      ],
      [
        1060.875,
        537.0749999999999
      ],
      [
        1086.75,
        537.0749999999999
      ],
      [
        414.0,
        562.65
      ],
      [
        750.375,
        562.65
      ],
      [
        879.75,
        562.65
      ],
      [
        905.625,
        562.65
      ],
      [
        1035.0,
        562.65
      ],
      [
        1060.875,
        562.65
      ],
      [
        1086.75,
        562.65
      ],
      [
        1164.375,
        562.65
      ],
      [
        646.875,
        588.225
      ],
      [
        750.375,
        588.225
      ],
      [
        879.75,
        588.225
      ],
      [
        1060.875,
        588.225
      ],
      [
        1086.75,
        588.225
      ],
      [
        1190.25,
        588.225
      ],
      [
        439.875,
        613.8
      ],
      [
        465.75,
        613.8
      ],
      [
        491.625,
        613.8
      ],
      [
        517.5,
        613.8
      ],
      [
        543.375,
        613.8
      ],
      [
        646.875,
        613.8
      ],
      [
        672.75,
        613.8
      ],
      [
        698.625,
        613.8
      ],
      [
        724.5,
        613.8
      ],
      [
        750.375,
        613.8
      ],
      [
        1060.875,
        613.8
      ],
      [
        439.875,
        639.375
      ],
      [
        465.75,
        639.375
      ],
      [
        491.625,
        639.375
      ],
      [
        517.5,
        639.375
      ],
      [
        543.375,
        639.375
      ],
      [
        595.125,
        639.375
      ],
      [
        621.0,
        639.375
      ],
      [
        646.875,
        639.375
      ],
      [
        672.75,
        639.375
      ],
      [
        698.625,
        639.375
      ],
      [
        828.0,
        639.375
      ],
      [
        853.875,
        639.375
      ],
      [
        879.75,
        639.375
      ],
      [
        957.375,
        639.375
      ],
      [
        1112.625,
        639.375
      ],
      [
        465.75,
        664.9499999999999
      ],
      [
        491.625,
        664.9499999999999
      ],
      [
        543.375,
        664.9499999999999
      ],
      [
        569.25,
        664.9499999999999
      ],
      [
        595.125,
        664.9499999999999
      ],
      [
        621.0,
        664.9499999999999
      ],
      [
        646.875,
        664.9499999999999
      ],
      [
        672.75,
        664.9499999999999
      ],
      [
        828.0,
        664.9499999999999
      ],
      [
        853.875,
        664.9499999999999
      ],
      [
        879.75,
        664.9499999999999
      ],
      [
        905.625,
        664.9499999999999
      ],
      [
        957.375,
        664.9499999999999
      ],
      [
        983.25,
        664.9499999999999
      ],
      [
        491.625,
        690.525
      ],
      [
        543.375,
        690.525
      ],
      [
        569.25,
        690.525
      ],
      [
        595.125,
        690.525
      ],
      [
        621.0,
        690.525
      ],
      [
        646.875,
        690.525
      ],
      [
        802.125,
        690.525
      ],
      [
        828.0,
        690.525
      ],
      [
        853.875,
        690.525
      ],
      [
        879.75,
        690.525
      ],
      [
        905.625,
        690.525
      ],
      [
        931.5,
        690.525
      ],
      [
        983.25,
        690.525
      ],
      [
        1035.0,
        690.525
      ],
      [
        1086.75,
        690.525
      ],
      [
        1112.625,
        690.525
      ],
      [
        1164.375,
        690.525
      ],
      [
        1190.25,
        690.525
      ],
      [
        491.625,
        716.1
      ],
      [
        517.5,
        716.1
      ],
      [
        543.375,
        716.1
      ],
      [
        569.25,
        716.1
      ],
      [
        595.125,
        716.1
      ],
      [
        828.0,
        716.1
      ],
      [
        853.875,
        716.1
      ],
      [
        983.25,
        716.1
      ],
      [
        1164.375,
        716.1
      ],
      [
        491.625,
        741.675
      ],
      [
        569.25,
        741.675
      ],
      [
        543.375,
        767.25
      ],
      [
        569.25,
        767.25
      ],
      [
        491.625,
        792.8249999999999
      ],
      [
        543.375,
        792.8249999999999
      ],
      [
        569.25,
        792.8249999999999
      ],
      [
        569.25,
        869.55
      ],
      [
        1138.5,
        895.125
      ],
      [
        362.25,
        920.6999999999999
      ],
      [
        517.5,
        920.6999999999999
      ],
      [
        595.125,
        920.6999999999999
      ],
      [
        1112.625,
        920.6999999999999
      ],
      [
        517.5,
        946.275
      ],
      [
        543.375,
        946.275
      ],
      [
        1112.625,
        946.275
      ],
      [
        1138.5,
        946.275
      ],
      [
        491.625,
        971.85
      ],
      [
        439.875,
        997.425
      ],
      [
        1060.875,
        997.425
      ],
      [
        1060.875,
        1023.0
      ],
      [
        1086.75,
        1023.0
      ],
      [
        1112.625,
        1023.0
      ],
      [
        1138.5,
        1023.0
      ],
      [
        1060.875,
        1048.575
      ],
      [
        1086.75,
        1048.575
      ],
      [
        1112.625,
        1048.575
      ],
      [
        1060.875,
        1074.1499999999999
      ],
      [
        1086.75,
        1074.1499999999999
      ],
      [
        1112.625,
        1074.1499999999999
      ],
      [
        1060.875,
        1099.725
      ],
      [
        1138.5,
        1099.725
      ],
      [
        491.625,
        1125.3
      ],
      [
        828.0,
        1125.3
      ],
      [
        1138.5,
        1125.3
      ],
      [
        491.625,
        1150.875
      ],
      [
        698.625,
        1150.875
      ],
      [
        828.0,
        1150.875
      ],
      [
        1009.125,
        1150.875
      ],
      [
        1060.875,
        1150.875
      ],
      [
        1086.75,
        1150.875
      ],
      [
        491.625,
        1176.45
      ],
      [
        517.5,
        1176.45
      ],
      [
        569.25,
        1176.45
      ],
      [
        672.75,
        1176.45
      ],
      [
        698.625,
        1176.45
      ],
      [
        983.25,
        1176.45
      ],
      [
        1009.125,
        1176.45
      ],
      [
        1035.0,
        1176.45
      ],
      [
        1060.875,
        1176.45
      ],
      [
        1086.75,
        1176.45
      ],
      [
        439.875,
        1202.0249999999999
      ],
      [
        491.625,
        1202.0249999999999
      ],
      [
        517.5,
        1202.0249999999999
      ],
