{
  "sl_no": 244,
  "match_info": {
    "center": "live_locate:postcode:SS7 1TF",
    "zoom": 17,
    "rotation": 0,
    "n_inliers": 34,
    "score": 14.49,
    "scale_factor": 0.428,
    "avg_scale": 0.8444,
    "window": [
      590,
      118
    ],
    "center_latlon": [
      51.56527690961588,
      0.5825350655431407
    ],
    "anchor_latlon": [
      51.5618448838046,
      0.584868163949162
    ],
    "_inlier_pts_map": [
      [
        328.25,
        237.5
      ],
      [
        340.875,
        237.5
      ],
      [
        353.5,
        237.5
      ],
      [
        366.125,
        237.5
      ],
      [
        328.25,
        250.0
      ],
      [
        340.875,
        250.0
      ],
      [
        353.5,
        250.0
      ],
      [
        366.125,
        250.0
      ],
      [
        378.75,
        250.0
      ],
      [
        391.375,
        250.0
      ],
      [
        340.875,
        262.5
      ],
      [
        353.5,
        262.5
      ],
      [
        366.125,
        262.5
      ],
      [
        378.75,
        262.5
      ],
      [
        391.375,
        262.5
      ],
      [
        353.5,
        275.0
      ],
      [
        366.125,
        275.0
      ],
      [
        378.75,
        275.0
      ],
      [
        391.375,
        275.0
      ],
      [
        353.5,
        287.5
      ],
      [
        366.125,
        287.5
      ],
      [
        378.75,
        287.5
      ],
      [
        391.375,
        287.5
      ],
      [
        366.125,
        300.0
      ],
      [
        378.75,
        300.0
      ],
      [
        391.375,
        300.0
      ],
      [
        340.875,
        825.0
      ],
      [
        353.5,
        825.0
      ],
      [
        391.375,
        825.0
      ],
      [
        404.0,
        825.0
      ],
      [
        416.625,
        825.0
      ],
      [
        404.0,
        837.5
      ],
      [
        416.625,
        837.5
      ],
      [
        404.0,
        850.0
      ]
    ],
    "_rot_map_shape": [
      1000,
      707
    ]
  },
  "processing_time": 280.78191614151,
  "agent_accepted": true,
  "agent_reason": "[accepted] The planning boundary covers Coombe Wood in Thundersley, Benfleet. I identified the site on page 2, which shows a clear red boundary at 1:2500 scale. I attempte",
  "agent_stats": {
    "position_calls": 1,
    "pdf_info": {
      "site_address": "Coombe Wood, Thundersley, Benfleet, Essex",
      "postcodes": [
        "SS7 1TF"
      ],
      "grid_refs": [],
      "scale": "1:2500",
      "map_pages": [
        2
      ],
      "map_page_details": [
        {
          "page": 1,
          "category": "discard",
          "area_group": -1,
          "boundary_clarity": "none",
          "detail_level": "wide",
          "caption": "Article 4(1) Direction text page with council logo and seal."
        },
        {
          "page": 2,
          "category": "match",
          "area_group": 0,
          "boundary_clarity": "clear",
          "detail_level": "medium",
          "caption": "Site plan at 1:2500 showing red boundary around Coombe Wood."
        },
        {
          "page": 3,
          "category": "discard",
          "area_group": -1,
          "boundary_clarity": "none",
          "detail_level": "wide",
          "caption": "Statement of Reasons for making Direction."
        },
        {
          "page": 4,
          "category": "discard",
          "area_group": -1,
          "boundary_clarity": "none",
          "detail_level": "wide",
          "caption": "Statement of Reasons continued."
        },
        {
          "page": 5,
          "category": "discard",
          "area_group": -1,
          "boundary_clarity": "none",
          "detail_level": "wide",
          "caption": "Conclusions of the Statement of Reasons."
        }
      ],
      "road_names": [
        "London Road",
        "Bread and Cheese Hill",
        "Catherine Road",
        "Glen Road",
        "Lake Drive",
        "Coombe Wood Drive"
      ],
      "place_names": [
        "Coombe Wood",
        "Thundersley",
        "Benfleet",
        "Bread and Cheese Hill",
        "Thundersley Christian Spiritualist Church"
      ],
      "is_district_wide": false,
      "district_name": null,
      "house_number_road_pairs": [],
      "parish_names": [],
      "admin_region": null,
      "likely_town_or_city": "Benfleet",
      "visible_map_labels": [
        "Coombe Wood",
        "London Road (Bread and Cheese Hill)",
        "Catherine Road",
        "Glen Road",
        "Lake Drive",
        "Coombe Wood Drive",
        "Thundersley Christian Spiritualist Church",
        "Graveyard"
      ],
      "adjacency_hints": []
    },
    "outcome_status": "accepted",
    "outcome_reasoning": "The planning boundary covers Coombe Wood in Thundersley, Benfleet. I identified the site on page 2, which shows a clear red boundary at 1:2500 scale. I attempted three different geocoding anchors: the postcode SS7 1TF, the intersection of London Road and Catherine Road, and the Thundersley Christian Spiritualist Church landmark. The postcode-based candidate (ID 0) yielded the highest RANSAC match strength (34 inliers) and good road name agreement (0.67), correctly identifying the wood bounded by London Road (Bread and Cheese Hill) and Catherine Road. Although the inlier count was in the 'WEAK' tier, it was the most consistent result across multiple attempts and correctly aligned with the cartographic features visible on the map. I have committed this match for area_group 0.",
    "rotation_checked": false,
    "tool_calls": {
      "submit_pdf_info": 1,
      "propose_centers": 3,
      "match_at": 3,
      "commit_match": 1,
      "final_result": 1
    },
    "total_tool_calls": 9,
    "n_turns": 19,
    "validator_retries": 0,
    "worker_request_tokens": 82330,
    "worker_response_tokens": 1129,
    "request_tokens": 82330,
    "response_tokens": 1129,
    "total_tokens": 83459
  },
  "valid_ground_truth": true,
  "valid_prediction": true,
  "validation_error": null,
  "iou": 0.0,
  "precision": 0.0,
  "recall": 0.0,
  "f1_score": 0.0,
  "positioning_error_m": 779.5663032183537
}