{
  "sl_no": 14,
  "match_info": {
    "center": "live_locate:postcode:CH60 9HW",
    "zoom": 17,
    "rotation": 0,
    "n_inliers": 23,
    "score": 10.13,
    "scale_factor": 0.89,
    "avg_scale": 1.0086,
    "window": [
      1290,
      1161
    ],
    "center_latlon": [
      53.32666212263953,
      -3.1094374815818924
    ],
    "anchor_latlon": [
      53.3294761357242,
      -3.11641636851944
    ],
    "_inlier_pts_map": [
      [
        1182.857142857143,
        1067.0249999999999
      ],
      [
        1209.142857142857,
        1067.0249999999999
      ],
      [
        1156.5714285714284,
        1093.05
      ],
      [
        1182.857142857143,
        1093.05
      ],
      [
        1209.142857142857,
        1093.05
      ],
      [
        1235.4285714285713,
        1093.05
      ],
      [
        1156.5714285714284,
        1119.075
      ],
      [
        1182.857142857143,
        1119.075
      ],
      [
        1209.142857142857,
        1119.075
      ],
      [
        1235.4285714285713,
        1119.075
      ],
      [
        1261.7142857142858,
        1119.075
      ],
      [
        1209.142857142857,
        1145.1
      ],
      [
        1235.4285714285713,
        1145.1
      ],
      [
        1261.7142857142858,
        1145.1
      ],
      [
        1182.857142857143,
        1197.1499999999999
      ],
      [
        289.1428571428571,
        1379.3249999999998
      ],
      [
        289.1428571428571,
        1405.35
      ],
      [
        315.42857142857144,
        1405.35
      ],
      [
        289.1428571428571,
        1431.375
      ],
      [
        315.42857142857144,
        1431.375
      ],
      [
        341.7142857142857,
        1431.375
      ],
      [
        315.42857142857144,
        1457.3999999999999
      ],
      [
        341.7142857142857,
        1457.3999999999999
      ]
    ],
    "_rot_map_shape": [
      2082,
      1472
    ]
  },
  "processing_time": 601.9146838188171,
  "agent_accepted": true,
  "agent_reason": "[accepted] a",
  "agent_stats": {
    "position_calls": 1,
    "pdf_info": {
      "site_address": "Field north of 98 Pipers Lane, Heswall, Wirral, Merseyside",
      "postcodes": [],
      "grid_refs": [],
      "scale": null,
      "map_pages": [
        3
      ],
      "map_page_details": [
        {
          "page": 3,
          "category": "match",
          "area_group": 0,
          "boundary_clarity": "clear",
          "detail_level": "close",
          "caption": "Site plan showing field north of 98 Pipers Lane with thick black boundary line."
        }
      ],
      "road_names": [
        "Pipers Lane"
      ],
      "place_names": [
        "Heswall",
        "Wirral",
        "Merseyside",
        "Braemar",
        "Far View",
        "Cull Gurt",
        "Marshfield",
        "Hillhead",
        "Seadrill",
        "Limeside",
        "Seablick",
        "Penmon House",
        "Dolphins"
      ],
      "is_district_wide": false,
      "district_name": null,
      "house_number_road_pairs": [
        "98 Pipers Lane"
      ],
      "parish_names": [],
      "admin_region": "Wirral",
      "likely_town_or_city": "Heswall",
      "visible_map_labels": [
        "Pipers Lane",
        "Braemar",
        "Far View",
        "Cull Gurt",
        "Marshfield",
        "Hillhead",
        "Seadrill",
        "Limeside",
        "Seablick",
        "Penmon House",
        "Dolphins",
        "Path"
      ],
      "adjacency_hints": [
        "98 Pipers Lane"
      ]
    },
    "reader_request_tokens": 5012,
    "reader_response_tokens": 345,
    "outcome_status": "accepted",
    "outcome_reasoning": "a",
    "rotation_checked": false,
    "tool_calls": {
      "propose_centers": 5,
      "match_at": 5,
      "commit_match": 1,
      "final_result": 2
    },
    "total_tool_calls": 13,
    "n_turns": 28,
    "validator_retries": 0,
    "worker_request_tokens": 68849,
    "worker_response_tokens": 973,
    "request_tokens": 73861,
    "response_tokens": 1318,
    "total_tokens": 75179,
    "critic": {
      "n_rejections": 1,
      "iterations": [
        {
          "iter_idx": 0,
          "action": "retry_locate",
          "chosen_candidate_id": 2,
          "reasoning": "None of the candidates show any correspondence between the planning map (an open field with adjacent building footprints) and the OS tiles (which show dense residential street patterns). The inlier counts are extremely low (<25) and there is zero road name agreement, indicating the agent has failed to find the correct geographic location.",
          "wall_s": 2.3,
          "llm_error": null,
          "geojson_changed": false
        }
      ],
      "tokens": {
        "request": 5252,
        "response": 95
      }
    }
  },
  "valid_ground_truth": true,
  "valid_prediction": true,
  "validation_error": null,
  "iou": 0.0,
  "precision": 0.0,
  "recall": 0.0,
  "f1_score": 0.0,
  "positioning_error_m": 1289.5083679113445,
  "worker_first_iou": 0.0,
  "worker_first_metrics": {
    "valid_ground_truth": true,
    "valid_prediction": true,
    "validation_error": null,
    "iou": 0.0,
    "precision": 0.0,
    "recall": 0.0,
    "f1_score": 0.0,
    "positioning_error_m": 1289.5083679113445
  }
}