{
  "sl_no": 249,
  "match_info": {
    "center": "live_locate:intersect:Honeywood Parkway x Kedleston ",
    "zoom": 18,
    "rotation": 0,
    "n_inliers": 241,
    "score": 120.56,
    "scale_factor": 0.424,
    "avg_scale": 1.0008,
    "window": [
      935,
      1309
    ],
    "center_latlon": [
      51.151921061322014,
      1.3016669674640582
    ],
    "anchor_latlon": [
      51.1529284018641,
      1.30270649647271
    ],
    "_inlier_pts_map": [
      [
        735.525,
        88.48214285714286
      ],
      [
        753.0375,
        88.48214285714286
      ],
      [
        770.55,
        88.48214285714286
      ],
      [
        788.0625,
        88.48214285714286
      ],
      [
        805.5749999999999,
        88.48214285714286
      ],
      [
        823.0875,
        88.48214285714286
      ],
      [
        945.675,
        88.48214285714286
      ],
      [
        718.0124999999999,
        106.17857142857144
      ],
      [
        735.525,
        106.17857142857144
      ],
      [
        753.0375,
        106.17857142857144
      ],
      [
        770.55,
        106.17857142857144
      ],
      [
        788.0625,
        106.17857142857144
      ],
      [
        805.5749999999999,
        106.17857142857144
      ],
      [
        823.0875,
        106.17857142857144
      ],
      [
        840.5999999999999,
        106.17857142857144
      ],
      [
        945.675,
        106.17857142857144
      ],
      [
        963.1875,
        106.17857142857144
      ],
      [
        980.6999999999999,
        106.17857142857144
      ],
      [
        700.5,
        123.87500000000001
      ],
      [
        718.0124999999999,
        123.87500000000001
      ],
      [
        735.525,
        123.87500000000001
      ],
      [
        753.0375,
        123.87500000000001
      ],
      [
        770.55,
        123.87500000000001
      ],
      [
        788.0625,
        123.87500000000001
      ],
      [
        805.5749999999999,
        123.87500000000001
      ],
      [
        840.5999999999999,
        123.87500000000001
      ],
      [
        928.1624999999999,
        123.87500000000001
      ],
      [
        945.675,
        123.87500000000001
      ],
      [
        963.1875,
        123.87500000000001
      ],
      [
        980.6999999999999,
        123.87500000000001
      ],
      [
        998.2125,
        123.87500000000001
      ],
      [
        1015.7249999999999,
        123.87500000000001
      ],
      [
        700.5,
        141.57142857142858
      ],
      [
        718.0124999999999,
        141.57142857142858
      ],
      [
        735.525,
        141.57142857142858
      ],
      [
        753.0375,
        141.57142857142858
      ],
      [
        770.55,
        141.57142857142858
      ],
      [
        788.0625,
        141.57142857142858
      ],
      [
        805.5749999999999,
        141.57142857142858
      ],
      [
        823.0875,
        141.57142857142858
      ],
      [
        840.5999999999999,
        141.57142857142858
      ],
      [
        858.1125,
        141.57142857142858
      ],
      [
        928.1624999999999,
        141.57142857142858
      ],
      [
        945.675,
        141.57142857142858
      ],
      [
        963.1875,
        141.57142857142858
      ],
      [
        980.6999999999999,
        141.57142857142858
      ],
      [
        998.2125,
        141.57142857142858
      ],
      [
        1015.7249999999999,
        141.57142857142858
      ],
      [
        1033.2375,
        141.57142857142858
      ],
      [
        1050.75,
        141.57142857142858
      ],
      [
        700.5,
        159.26785714285717
      ],
      [
        718.0124999999999,
        159.26785714285717
      ],
      [
        735.525,
        159.26785714285717
      ],
      [
        753.0375,
        159.26785714285717
      ],
      [
        770.55,
        159.26785714285717
      ],
      [
        788.0625,
        159.26785714285717
      ],
      [
        805.5749999999999,
        159.26785714285717
      ],
      [
        840.5999999999999,
        159.26785714285717
      ],
      [
        963.1875,
        159.26785714285717
      ],
      [
        980.6999999999999,
        159.26785714285717
      ],
      [
        998.2125,
        159.26785714285717
      ],
      [
        1015.7249999999999,
        159.26785714285717
      ],
      [
        1033.2375,
        159.26785714285717
      ],
      [
        700.5,
        176.96428571428572
      ],
      [
        718.0124999999999,
        176.96428571428572
      ],
      [
        735.525,
        176.96428571428572
      ],
      [
        753.0375,
        176.96428571428572
      ],
      [
        770.55,
        176.96428571428572
      ],
      [
        788.0625,
        176.96428571428572
      ],
      [
        823.0875,
        176.96428571428572
      ],
      [
        945.675,
        176.96428571428572
      ],
      [
        963.1875,
        176.96428571428572
      ],
      [
        980.6999999999999,
        176.96428571428572
      ],
      [
        998.2125,
        176.96428571428572
      ],
      [
        1015.7249999999999,
        176.96428571428572
      ],
      [
        1033.2375,
        176.96428571428572
      ],
      [
        1050.75,
        176.96428571428572
      ],
      [
        735.525,
        194.6607142857143
      ],
      [
        753.0375,
        194.6607142857143
      ],
      [
        910.65,
        194.6607142857143
      ],
      [
        928.1624999999999,
        194.6607142857143
      ],
      [
        945.675,
        194.6607142857143
      ],
      [
        963.1875,
        194.6607142857143
      ],
      [
        980.6999999999999,
        194.6607142857143
      ],
      [
        998.2125,
        194.6607142857143
      ],
      [
        1015.7249999999999,
        194.6607142857143
      ],
      [
        1033.2375,
        194.6607142857143
      ],
      [
        1050.75,
        194.6607142857143
      ],
      [
        1068.2625,
        194.6607142857143
      ],
      [
        910.65,
        212.3571428571429
      ],
      [
        928.1624999999999,
        212.3571428571429
      ],
      [
        945.675,
        212.3571428571429
      ],
      [
        963.1875,
        212.3571428571429
      ],
      [
        980.6999999999999,
        212.3571428571429
      ],
      [
        998.2125,
        212.3571428571429
      ],
      [
        1015.7249999999999,
        212.3571428571429
      ],
      [
        1033.2375,
        212.3571428571429
      ],
      [
        1050.75,
        212.3571428571429
      ],
      [
        1068.2625,
        212.3571428571429
      ],
      [
        928.1624999999999,
        230.05357142857144
      ],
      [
        945.675,
        230.05357142857144
      ],
      [
        963.1875,
        230.05357142857144
      ],
      [
        980.6999999999999,
        230.05357142857144
      ],
      [
        998.2125,
        230.05357142857144
      ],
      [
        1015.7249999999999,
        230.05357142857144
      ],
      [
        1033.2375,
        230.05357142857144
      ],
      [
        1050.75,
        230.05357142857144
      ],
      [
        1068.2625,
        230.05357142857144
      ],
      [
        963.1875,
        247.75000000000003
      ],
      [
        980.6999999999999,
        247.75000000000003
      ],
      [
        998.2125,
        247.75000000000003
      ],
      [
        1015.7249999999999,
        247.75000000000003
      ],
      [
        1033.2375,
        247.75000000000003
      ],
      [
        1050.75,
        247.75000000000003
      ],
      [
        1068.2625,
        247.75000000000003
      ],
      [
        998.2125,
        265.4464285714286
      ],
      [
        1015.7249999999999,
        265.4464285714286
      ],
      [
