{
  "sl_no": 54,
  "match_info": {
    "center": "live_locate:place:Grange Close",
    "zoom": 19,
    "rotation": 0,
    "n_inliers": 126,
    "score": 55.88,
    "scale_factor": 0.526,
    "avg_scale": 1.0192,
    "window": [
      1112,
      1668
    ],
    "center_latlon": [
      52.65635208454499,
      1.302589931666887
    ],
    "anchor_latlon": [
      52.6566380095707,
      1.30277595023848
    ],
    "_inlier_pts_map": [
      [
        768.125,
        108.625
      ],
      [
        783.4875000000001,
        108.625
      ],
      [
        798.85,
        108.625
      ],
      [
        983.2,
        108.625
      ],
      [
        998.5625,
        108.625
      ],
      [
        768.125,
        124.14285714285714
      ],
      [
        783.4875000000001,
        124.14285714285714
      ],
      [
        998.5625,
        124.14285714285714
      ],
      [
        1013.9250000000001,
        124.14285714285714
      ],
      [
        291.8875,
        139.66071428571428
      ],
      [
        768.125,
        139.66071428571428
      ],
      [
        783.4875000000001,
        139.66071428571428
      ],
      [
        998.5625,
        139.66071428571428
      ],
      [
        1013.9250000000001,
        139.66071428571428
      ],
      [
        1029.2875000000001,
        139.66071428571428
      ],
      [
        983.2,
        155.17857142857142
      ],
      [
        998.5625,
        155.17857142857142
      ],
      [
        1013.9250000000001,
        155.17857142857142
      ],
      [
        1029.2875000000001,
        155.17857142857142
      ],
      [
        1060.0125,
        155.17857142857142
      ],
      [
        998.5625,
        170.69642857142856
      ],
      [
        276.52500000000003,
        186.21428571428572
      ],
      [
        322.6125,
        186.21428571428572
      ],
      [
        276.52500000000003,
        201.73214285714286
      ],
      [
        276.52500000000003,
        217.25
      ],
      [
        291.8875,
        279.32142857142856
      ],
      [
        706.6750000000001,
        279.32142857142856
      ],
      [
        906.3875,
        279.32142857142856
      ],
      [
        706.6750000000001,
        294.8392857142857
      ],
      [
        752.7625,
        294.8392857142857
      ],
      [
        891.0250000000001,
        294.8392857142857
      ],
      [
        906.3875,
        294.8392857142857
      ],
      [
        706.6750000000001,
        310.35714285714283
      ],
      [
        722.0375,
        310.35714285714283
      ],
      [
        737.4000000000001,
        310.35714285714283
      ],
      [
        752.7625,
        310.35714285714283
      ],
      [
        891.0250000000001,
        310.35714285714283
      ],
      [
        906.3875,
        310.35714285714283
      ],
      [
        921.75,
        310.35714285714283
      ],
      [
        1013.9250000000001,
        310.35714285714283
      ],
      [
        599.1375,
        325.875
      ],
      [
        706.6750000000001,
        325.875
      ],
      [
        722.0375,
        325.875
      ],
      [
        737.4000000000001,
        325.875
      ],
      [
        752.7625,
        325.875
      ],
      [
        875.6625,
        325.875
      ],
      [
        891.0250000000001,
        325.875
      ],
      [
        906.3875,
        325.875
      ],
      [
        921.75,
        325.875
      ],
      [
        998.5625,
        325.875
      ],
      [
        1013.9250000000001,
        325.875
      ],
      [
        1029.2875000000001,
        325.875
      ],
      [
        599.1375,
        341.3928571428571
      ],
      [
        706.6750000000001,
        341.3928571428571
      ],
      [
        722.0375,
        341.3928571428571
      ],
      [
        737.4000000000001,
        341.3928571428571
      ],
      [
        752.7625,
        341.3928571428571
      ],
      [
        875.6625,
        341.3928571428571
      ],
      [
        906.3875,
        341.3928571428571
      ],
      [
        998.5625,
        341.3928571428571
      ],
      [
        1013.9250000000001,
        341.3928571428571
      ],
      [
        1029.2875000000001,
        341.3928571428571
      ],
      [
        1060.0125,
        341.3928571428571
      ],
      [
        599.1375,
        356.9107142857143
      ],
      [
        706.6750000000001,
        356.9107142857143
      ],
      [
        722.0375,
        356.9107142857143
      ],
      [
        737.4000000000001,
        356.9107142857143
      ],
      [
        875.6625,
        356.9107142857143
      ],
      [
        983.2,
        356.9107142857143
      ],
      [
        998.5625,
        356.9107142857143
      ],
      [
        1044.65,
        356.9107142857143
      ],
      [
        1060.0125,
        356.9107142857143
      ],
      [
        1075.375,
        356.9107142857143
      ],
      [
        1090.7375,
        356.9107142857143
      ],
      [
        706.6750000000001,
        372.42857142857144
      ],
      [
        722.0375,
        372.42857142857144
      ],
      [
        737.4000000000001,
        372.42857142857144
      ],
      [
        752.7625,
        372.42857142857144
      ],
      [
        983.2,
        372.42857142857144
      ],
      [
        998.5625,
        372.42857142857144
      ],
      [
        1075.375,
        372.42857142857144
      ],
      [
        430.15000000000003,
        387.94642857142856
      ],
      [
        599.1375,
        387.94642857142856
      ],
      [
        706.6750000000001,
        387.94642857142856
      ],
      [
        722.0375,
        387.94642857142856
      ],
      [
        737.4000000000001,
        387.94642857142856
      ],
      [
        983.2,
        387.94642857142856
      ],
      [
        998.5625,
        387.94642857142856
      ],
      [
        737.4000000000001,
        403.4642857142857
      ],
      [
        998.5625,
        403.4642857142857
      ],
      [
        722.0375,
        418.98214285714283
      ],
      [
        737.4000000000001,
        418.98214285714283
      ],
      [
        368.70000000000005,
        434.5
      ],
      [
        722.0375,
        434.5
      ],
      [
        368.70000000000005,
        450.0178571428571
      ],
      [
        384.0625,
        450.0178571428571
      ],
      [
        399.425,
        450.0178571428571
      ],
      [
        891.0250000000001,
        450.0178571428571
      ],
      [
        906.3875,
        450.0178571428571
      ],
      [
        921.75,
        450.0178571428571
      ],
      [
        368.70000000000005,
        465.5357142857143
      ],
      [
        384.0625,
        465.5357142857143
      ],
      [
        860.3000000000001,
        465.5357142857143
      ],
      [
        875.6625,
        465.5357142857143
      ],
      [
        891.0250000000001,
        465.5357142857143
      ],
      [
        906.3875,
        465.5357142857143
      ],
      [
        921.75,
        465.5357142857143
      ],
      [
        937.1125000000001,
        465.5357142857143
      ],
      [
        875.6625,
        481.0535714285714
      ],
      [
        891.0250000000001,
        481.0535714285714
      ],
      [
        906.3875,
        481.0535714285714
      ],
      [
        921.75,
        481.0535714285714
      ],
      [
        937.1125000000001,
        481.0535714285714
      ],
      [
        875.6625,
        496.57142857142856
      ],
      [
        891.0250000000001,
        496.57142857142856
      ],
      [
        906.3875,
        496.57142857142856
      ],
      [
        921.75,
        496.57142857142856
      ],
      [
        937.1125000000001,
        496.57142857142856
      ],
      [
        752.7625,
        512.0892857142857
      ],
      [
        768.125,
