{
  "sl_no": 6,
  "match_info": {
    "center": "live_locate:place:Townsend Farm Road",
    "zoom": 15,
    "rotation": 0,
    "n_inliers": 95,
    "score": 39.17,
    "scale_factor": 0.448,
    "avg_scale": 1.2818,
    "window": [
      570,
      228
    ],
    "center_latlon": [
      51.159924019153614,
      1.3777505619324018
    ],
    "anchor_latlon": [
      51.1544266824834,
      1.36963926925635
    ],
    "_inlier_pts_map": [
      [
        265.7142857142857,
        288.475
      ],
      [
        279.0,
        288.475
      ],
      [
        305.5714285714286,
        288.475
      ],
      [
        318.8571428571429,
        288.475
      ],
      [
        332.14285714285717,
        288.475
      ],
      [
        265.7142857142857,
        301.58750000000003
      ],
      [
        279.0,
        301.58750000000003
      ],
      [
        292.2857142857143,
        301.58750000000003
      ],
      [
        305.5714285714286,
        301.58750000000003
      ],
      [
        318.8571428571429,
        301.58750000000003
      ],
      [
        332.14285714285717,
        301.58750000000003
      ],
      [
        265.7142857142857,
        314.70000000000005
      ],
      [
        279.0,
        314.70000000000005
      ],
      [
        279.0,
        327.8125
      ],
      [
        292.2857142857143,
        327.8125
      ],
      [
        305.5714285714286,
        327.8125
      ],
      [
        318.8571428571429,
        327.8125
      ],
      [
        332.14285714285717,
        327.8125
      ],
      [
        292.2857142857143,
        340.925
      ],
      [
        305.5714285714286,
        340.925
      ],
      [
        318.8571428571429,
        340.925
      ],
      [
        332.14285714285717,
        340.925
      ],
      [
        279.0,
        354.0375
      ],
      [
        292.2857142857143,
        354.0375
      ],
      [
        318.8571428571429,
        354.0375
      ],
      [
        398.5714285714286,
        419.6
      ],
      [
        438.42857142857144,
        472.05
      ],
      [
        132.85714285714286,
        485.1625
      ],
      [
        172.71428571428572,
        563.8375
      ],
      [
        186.0,
        563.8375
      ],
      [
        199.2857142857143,
        563.8375
      ],
      [
        172.71428571428572,
        576.95
      ],
      [
        186.0,
        576.95
      ],
      [
        199.2857142857143,
        576.95
      ],
      [
        225.85714285714286,
        576.95
      ],
      [
        345.42857142857144,
        576.95
      ],
      [
        186.0,
        590.0625
      ],
      [
        199.2857142857143,
        590.0625
      ],
      [
        212.57142857142858,
        590.0625
      ],
      [
        225.85714285714286,
        590.0625
      ],
      [
        239.14285714285717,
        590.0625
      ],
      [
        252.42857142857144,
        590.0625
      ],
      [
        318.8571428571429,
        590.0625
      ],
      [
        358.7142857142857,
        590.0625
      ],
      [
        199.2857142857143,
        603.1750000000001
      ],
      [
        212.57142857142858,
        603.1750000000001
      ],
      [
        252.42857142857144,
        603.1750000000001
      ],
      [
        199.2857142857143,
        616.2875
      ],
      [
        279.0,
        616.2875
      ],
      [
        318.8571428571429,
        616.2875
      ],
      [
        199.2857142857143,
        629.4000000000001
      ],
      [
        212.57142857142858,
        629.4000000000001
      ],
      [
        279.0,
        629.4000000000001
      ],
      [
        318.8571428571429,
        629.4000000000001
      ],
      [
        199.2857142857143,
        642.5125
      ],
      [
        212.57142857142858,
        642.5125
      ],
      [
        318.8571428571429,
        642.5125
      ],
      [
        186.0,
        655.625
      ],
      [
        199.2857142857143,
        655.625
      ],
      [
        265.7142857142857,
        655.625
      ],
      [
        279.0,
        655.625
      ],
      [
        305.5714285714286,
        655.625
      ],
      [
        318.8571428571429,
        655.625
      ],
      [
        199.2857142857143,
        668.7375000000001
      ],
      [
        239.14285714285717,
        668.7375000000001
      ],
      [
        265.7142857142857,
        668.7375000000001
      ],
      [
        292.2857142857143,
        668.7375000000001
      ],
      [
        305.5714285714286,
        668.7375000000001
      ],
      [
        318.8571428571429,
        668.7375000000001
      ],
      [
        199.2857142857143,
        681.85
      ],
      [
        212.57142857142858,
        681.85
      ],
      [
        225.85714285714286,
        681.85
      ],
      [
        239.14285714285717,
        681.85
      ],
      [
        265.7142857142857,
        681.85
      ],
      [
        279.0,
        681.85
      ],
      [
        292.2857142857143,
        681.85
      ],
      [
        305.5714285714286,
        681.85
      ],
      [
        318.8571428571429,
        681.85
      ],
      [
        425.14285714285717,
        681.85
      ],
      [
        212.57142857142858,
        694.9625000000001
      ],
      [
        225.85714285714286,
        694.9625000000001
      ],
      [
        305.5714285714286,
        694.9625000000001
      ],
      [
        318.8571428571429,
        694.9625000000001
      ],
      [
        265.7142857142857,
        708.075
      ],
      [
        279.0,
        708.075
      ],
      [
        292.2857142857143,
        708.075
      ],
      [
        318.8571428571429,
        708.075
      ],
      [
        252.42857142857144,
        721.1875
      ],
      [
        265.7142857142857,
        721.1875
      ],
      [
        279.0,
        721.1875
      ],
      [
        292.2857142857143,
        721.1875
      ],
      [
        239.14285714285717,
        734.3000000000001
      ],
      [
        252.42857142857144,
        734.3000000000001
      ],
      [
        265.7142857142857,
        734.3000000000001
      ],
      [
        279.0,
        734.3000000000001
      ]
    ],
    "_rot_map_shape": [
      1049,
      744
    ]
  },
  "processing_time": 175.27338814735413,
  "agent_accepted": true,
  "agent_reason": "[accepted] The site was located at Townsend Farm in St Margaret's at Cliffe. Two candidates were tested; the first (Townsend Farm Road) yielded 95 inliers with strong road",
  "agent_stats": {
    "position_calls": 1,
    "pdf_info": {
      "site_address": "Land formerly part of Townsend Farm in the Parish of St. Margaret\\'s-at-Cliffe in the Rural District of Dover",
      "postcodes": [],
      "grid_refs": [
        "TR 34 SE",
        "TR 34 SW"
      ],
      "scale": "1:10560",
      "map_pages": [
        4
      ],
      "map_page_details": [
        {
          "page": 4,
          "category": "match",
          "area_group": 0,
          "boundary_clarity": "clear",
          "detail_level": "medium",
          "caption": "Site plan showing land at Townsend Farm coloured pink on OS background"
        }
      ],
      "road_names": [
        "Dover Road",
        "Nelson Park Road",
        "Station Road",
        "The Droveway",
        "Old Bottom Free Down"
      ],
      "place_names": [
        "Townsend Farm",
        "St Margaret\\'s at Cliffe",
        "East Hill",
        "Barrow Mount",
        "Bockell Hill",
        "East Valley Farm",
        "Hog Bank",
        "The Droveway"
      ],
      "is_district_wide": false,
      "district_name": null,
      "house_number_road_pairs": [],
      "parish_names": [
        "St. Margaret\\'s-at-Cliffe"
      ],
      "admin_region": "Dover",
      "likely_town_or_city": "St Margaret\\'s at Cliffe",