{
  "sl_no": 226,
  "match_info": {
    "center": "live_locate:place:Swanage Station",
    "zoom": 19,
    "rotation": 0,
    "n_inliers": 96,
    "score": 49.32,
    "scale_factor": 0.838,
    "avg_scale": 1.0187,
    "window": [
      1358,
      0
    ],
    "center_latlon": [
      50.608036930195446,
      -1.9622746239320463
    ],
    "anchor_latlon": [
      50.6065,
      -1.9625
    ],
    "_inlier_pts_map": [
      [
        419.7857142857142,
        207.75
      ],
      [
        664.6607142857142,
        450.125
      ],
      [
        489.74999999999994,
        484.75
      ],
      [
        524.7321428571428,
        484.75
      ],
      [
        594.6964285714286,
        484.75
      ],
      [
        629.6785714285713,
        484.75
      ],
      [
        524.7321428571428,
        519.375
      ],
      [
        559.7142857142857,
        519.375
      ],
      [
        594.6964285714286,
        519.375
      ],
      [
        629.6785714285713,
        519.375
      ],
      [
        559.7142857142857,
        554.0
      ],
      [
        594.6964285714286,
        554.0
      ],
      [
        629.6785714285713,
        554.0
      ],
      [
        664.6607142857142,
        554.0
      ],
      [
        559.7142857142857,
        588.625
      ],
      [
        629.6785714285713,
        588.625
      ],
      [
        664.6607142857142,
        588.625
      ],
      [
        804.5892857142857,
        623.25
      ],
      [
        839.5714285714284,
        623.25
      ],
      [
        804.5892857142857,
        657.875
      ],
      [
        839.5714285714284,
        657.875
      ],
      [
        244.87499999999997,
        865.625
      ],
      [
        279.85714285714283,
        865.625
      ],
      [
        314.83928571428567,
        865.625
      ],
      [
        349.82142857142856,
        865.625
      ],
      [
        909.5357142857142,
        865.625
      ],
      [
        944.5178571428571,
        865.625
      ],
      [
        209.8928571428571,
        900.25
      ],
      [
        244.87499999999997,
        900.25
      ],
      [
        279.85714285714283,
        900.25
      ],
      [
        314.83928571428567,
        900.25
      ],
      [
        349.82142857142856,
        900.25
      ],
      [
        909.5357142857142,
        900.25
      ],
      [
        209.8928571428571,
        934.875
      ],
      [
        244.87499999999997,
        934.875
      ],
      [
        279.85714285714283,
        934.875
      ],
      [
        314.83928571428567,
        934.875
      ],
      [
        909.5357142857142,
        934.875
      ],
      [
        244.87499999999997,
        969.5
      ],
      [
        279.85714285714283,
        969.5
      ],
      [
        314.83928571428567,
        969.5
      ],
      [
        349.82142857142856,
        969.5
      ],
      [
        174.91071428571428,
        1004.125
      ],
      [
        209.8928571428571,
        1004.125
      ],
      [
        279.85714285714283,
        1004.125
      ],
      [
        1679.1428571428569,
        1350.375
      ],
      [
        1679.1428571428569,
        1385.0
      ],
      [
        1644.1607142857142,
        1419.625
      ],
      [
        1679.1428571428569,
        1419.625
      ],
      [
        279.85714285714283,
        1662.0
      ],
      [
        349.82142857142856,
        1800.5
      ],
      [
        769.6071428571428,
        2008.25
      ],
      [
        804.5892857142857,
        2008.25
      ],
      [
        734.6249999999999,
        2042.875
      ],
      [
        769.6071428571428,
        2042.875
      ],
      [
        874.5535714285713,
        2042.875
      ],
      [
        734.6249999999999,
        2077.5
      ],
      [
        874.5535714285713,
        2077.5
      ],
      [
        734.6249999999999,
        2146.75
      ],
      [
        839.5714285714284,
        2146.75
      ],
      [
        874.5535714285713,
        2146.75
      ],
      [
        769.6071428571428,
        2181.375
      ],
      [
        839.5714285714284,
        2181.375
      ],
      [
        839.5714285714284,
        2216.0
      ],
      [
        874.5535714285713,
        2250.625
      ],
      [
        489.74999999999994,
        2285.25
      ],
      [
        769.6071428571428,
        2285.25
      ],
      [
        804.5892857142857,
        2285.25
      ],
      [
        1084.4464285714284,
        2285.25
      ],
      [
        734.6249999999999,
        2319.875
      ],
      [
        769.6071428571428,
        2319.875
      ],
      [
        804.5892857142857,
        2319.875
      ],
      [
        839.5714285714284,
        2319.875
      ],
      [
        874.5535714285713,
        2319.875
      ],
      [
        909.5357142857142,
        2319.875
      ],
      [
        734.6249999999999,
        2354.5
      ],
      [
        769.6071428571428,
        2354.5
      ],
      [
        804.5892857142857,
        2354.5
      ],
      [
        839.5714285714284,
        2354.5
      ],
      [
        874.5535714285713,
        2354.5
      ],
      [
        909.5357142857142,
        2354.5
      ],
      [
        839.5714285714284,
        2389.125
      ],
      [
        874.5535714285713,
        2389.125
      ],
      [
        874.5535714285713,
        2423.75
      ],
      [
        1434.267857142857,
        2458.375
      ],
      [
        839.5714285714284,
        2493.0
      ],
      [
        874.5535714285713,
        2493.0
      ],
      [
        839.5714285714284,
        2527.625
      ],
      [
        874.5535714285713,
        2527.625
      ],
      [
        804.5892857142857,
        2562.25
      ],
      [
        874.5535714285713,
        2562.25
      ],
      [
        909.5357142857142,
        2562.25
      ],
      [
        804.5892857142857,
        2596.875
      ],
      [
        839.5714285714284,
        2596.875
      ],
      [
        874.5535714285713,
        2596.875
      ],
      [
        909.5357142857142,
        2596.875
      ]
    ],
    "_rot_map_shape": [
      2770,
      1959
    ]
  },
  "processing_time": 130.8484296798706,
  "agent_accepted": true,
  "agent_reason": "[accepted] The document defines the Swanage Conservation Area. Page 2 contains a clear site plan with a red boundary over an OS map background. I located the site using 'S",
  "agent_stats": {
    "position_calls": 1,
    "pdf_info": {
      "site_address": "Swanage Conservation Area, Swanage, Dorset",
      "postcodes": [],
      "grid_refs": [],
      "scale": null,
      "map_pages": [
        2
      ],
      "map_page_details": [
        {
          "page": 1,
          "category": "discard",
          "area_group": -1,
          "boundary_clarity": "none",
          "detail_level": "wide",
          "caption": "Article 4 Direction text for Swanage Conservation Area"
        },
        {
          "page": 2,
          "category": "match",
          "area_group": 0,
          "boundary_clarity": "clear",
          "detail_level": "medium",
          "caption": "Site plan showing Swanage Conservation Area boundary in red hatch/line over OS map detail"
        }
      ],
      "road_names": [
        "Gilbert Road",
        "Court Road",
        "Locarno Road",
        "Old Mill Pond Road",
        "Church Hill",
        "Springfield Road",
        "Springhill Road",
        "Chapel Lane",
        "Townsend Road",
        "Richmond Road",
        "Osborne Road",
        "Queen's Road",
        "Mount Scar"
      ],
      "place_names": [
        "Swanage Conservation Area",
        "Swanage Station",
        "St Mary's Church",
        "Congl Ch",
        "Mission Room",
        "Swanage County School",
        "Alma Terrace"
      ],
      "is_district_wide": false,
      "district_name": null,