{
  "sl_no": 95,
  "match_info": {
    "center": "live_locate:intersect:Narborough Road x Hallam Cresc",
    "zoom": 18,
    "rotation": 0,
    "n_inliers": 217,
    "score": 93.52,
    "scale_factor": 0.438,
    "avg_scale": 1.0442,
    "window": [
      1176,
      672
    ],
    "center_latlon": [
      52.61714739491634,
      -1.161826955524532
    ],
    "anchor_latlon": [
      52.617127,
      -1.163594
    ],
    "_inlier_pts_map": [
      [
        181.0,
        76.80000000000001
      ],
      [
        193.92857142857144,
        76.80000000000001
      ],
      [
        129.28571428571428,
        89.60000000000001
      ],
      [
        142.21428571428572,
        89.60000000000001
      ],
      [
        155.14285714285714,
        89.60000000000001
      ],
      [
        168.07142857142858,
        89.60000000000001
      ],
      [
        193.92857142857144,
        89.60000000000001
      ],
      [
        271.5,
        89.60000000000001
      ],
      [
        284.42857142857144,
        89.60000000000001
      ],
      [
        129.28571428571428,
        102.4
      ],
      [
        142.21428571428572,
        102.4
      ],
      [
        155.14285714285714,
        102.4
      ],
      [
        168.07142857142858,
        102.4
      ],
      [
        181.0,
        102.4
      ],
      [
        193.92857142857144,
        102.4
      ],
      [
        206.85714285714286,
        102.4
      ],
      [
        478.3571428571429,
        102.4
      ],
      [
        491.2857142857143,
        102.4
      ],
      [
        142.21428571428572,
        115.2
      ],
      [
        155.14285714285714,
        115.2
      ],
      [
        181.0,
        115.2
      ],
      [
        206.85714285714286,
        115.2
      ],
      [
        219.78571428571428,
        115.2
      ],
      [
        232.71428571428572,
        115.2
      ],
      [
        349.07142857142856,
        115.2
      ],
      [
        362.0,
        115.2
      ],
      [
        465.42857142857144,
        115.2
      ],
      [
        478.3571428571429,
        115.2
      ],
      [
        142.21428571428572,
        128.0
      ],
      [
        155.14285714285714,
        128.0
      ],
      [
        181.0,
        128.0
      ],
      [
        193.92857142857144,
        128.0
      ],
      [
        206.85714285714286,
        128.0
      ],
      [
        426.64285714285717,
        128.0
      ],
      [
        439.57142857142856,
        128.0
      ],
      [
        452.5,
        128.0
      ],
      [
        491.2857142857143,
        128.0
      ],
      [
        155.14285714285714,
        140.8
      ],
      [
        168.07142857142858,
        140.8
      ],
      [
        206.85714285714286,
        140.8
      ],
      [
        310.2857142857143,
        140.8
      ],
      [
        323.2142857142857,
        140.8
      ],
      [
        413.7142857142857,
        140.8
      ],
      [
        426.64285714285717,
        140.8
      ],
      [
        439.57142857142856,
        140.8
      ],
      [
        129.28571428571428,
        153.60000000000002
      ],
      [
        142.21428571428572,
        153.60000000000002
      ],
      [
        155.14285714285714,
        153.60000000000002
      ],
      [
        168.07142857142858,
        153.60000000000002
      ],
      [
        181.0,
        153.60000000000002
      ],
      [
        193.92857142857144,
        153.60000000000002
      ],
      [
        310.2857142857143,
        153.60000000000002
      ],
      [
        413.7142857142857,
        153.60000000000002
      ],
      [
        426.64285714285717,
        153.60000000000002
      ],
      [
        439.57142857142856,
        153.60000000000002
      ],
      [
        142.21428571428572,
        166.4
      ],
      [
        155.14285714285714,
        166.4
      ],
      [
        168.07142857142858,
        166.4
      ],
      [
        181.0,
        166.4
      ],
      [
        142.21428571428572,
        179.20000000000002
      ],
      [
        155.14285714285714,
        179.20000000000002
      ],
      [
        168.07142857142858,
        179.20000000000002
      ],
      [
        181.0,
        179.20000000000002
      ],
      [
        193.92857142857144,
        179.20000000000002
      ],
      [
        362.0,
        179.20000000000002
      ],
      [
        155.14285714285714,
        192.0
      ],
      [
        168.07142857142858,
        192.0
      ],
      [
        181.0,
        192.0
      ],
      [
        193.92857142857144,
        192.0
      ],
      [
        284.42857142857144,
        192.0
      ],
      [
        51.714285714285715,
        204.8
      ],
      [
        90.5,
        204.8
      ],
      [
        103.42857142857143,
        204.8
      ],
      [
        129.28571428571428,
        204.8
      ],
      [
        142.21428571428572,
        204.8
      ],
      [
        155.14285714285714,
        204.8
      ],
      [
        168.07142857142858,
        204.8
      ],
      [
        181.0,
        204.8
      ],
      [
        193.92857142857144,
        204.8
      ],
      [
        206.85714285714286,
        204.8
      ],
      [
        219.78571428571428,
        204.8
      ],
      [
        38.785714285714285,
        217.60000000000002
      ],
      [
        51.714285714285715,
        217.60000000000002
      ],
      [
        64.64285714285714,
        217.60000000000002
      ],
      [
        77.57142857142857,
        217.60000000000002
      ],
      [
        90.5,
        217.60000000000002
      ],
      [
        103.42857142857143,
        217.60000000000002
      ],
      [
        116.35714285714286,
        217.60000000000002
      ],
      [
        129.28571428571428,
        217.60000000000002
      ],
      [
        142.21428571428572,
        217.60000000000002
      ],
      [
        155.14285714285714,
        217.60000000000002
      ],
      [
        168.07142857142858,
        217.60000000000002
      ],
      [
        181.0,
        217.60000000000002
      ],
      [
        193.92857142857144,
        217.60000000000002
      ],
      [
        206.85714285714286,
        217.60000000000002
      ],
      [
        219.78571428571428,
        217.60000000000002
      ],
      [
        38.785714285714285,
        230.4
      ],
      [
        51.714285714285715,
        230.4
      ],
      [
        64.64285714285714,
        230.4
      ],
      [
        90.5,
        230.4
      ],
      [
        103.42857142857143,
        230.4
      ],
      [
        116.35714285714286,
        230.4
      ],
      [
        129.28571428571428,
        230.4
      ],
      [
        142.21428571428572,
        230.4
      ],
      [
        155.14285714285714,
        230.4
      ],
      [
        168.07142857142858,
        230.4
      ],
      [
        181.0,
        230.4
      ],
      [
        193.92857142857144,
        230.4
      ],
      [
        232.71428571428572,
        230.4
      ],
      [
        38.785714285714285,
        243.20000000000002
      ],
      [
        51.714285714285715,
        243.20000000000002
      ],
      [
        64.64285714285714,
        243.20000000000002
      ],
      [
        77.57142857142857,
        243.20000000000002
      ],
      [
        90.5,
        243.20000000000002
      ],
      [
        116.35714285714286,
        243.20000000000002
      ],
      [
        129.28571428571428,
        243.20000000000002
      ],
      [
        142.21428571428572,
        243.20000000000002
      ],
      [
        155.14285714285714,
        243.20000000000002
      ],
      [
        181.0,
        243.20000000000002
      ],
      [
        193.92857142857144,
        243.20000000000002
      ],
      [
        258.57142857142856,
        243.20000000000002
      ],
      [
