{
  "sl_no": 231,
  "match_info": {
    "center": "live_locate:place:Knightrider Street",
    "zoom": 18,
    "rotation": 0,
    "n_inliers": 156,
    "score": 74.76,
    "scale_factor": 0.425,
    "avg_scale": 0.9904,
    "window": [
      940,
      564
    ],
    "center_latlon": [
      51.27278864389607,
      1.3419467453681762
    ],
    "anchor_latlon": [
      51.27335,
      1.34359
    ],
    "_inlier_pts_map": [
      [
        777.2142857142858,
        49.65
      ],
      [
        752.1428571428572,
        74.475
      ],
      [
        651.8571428571429,
        124.125
      ],
      [
        777.2142857142858,
        124.125
      ],
      [
        802.2857142857143,
        124.125
      ],
      [
        1253.5714285714287,
        124.125
      ],
      [
        1278.642857142857,
        124.125
      ],
      [
        1303.7142857142858,
        124.125
      ],
      [
        651.8571428571429,
        148.95
      ],
      [
        777.2142857142858,
        148.95
      ],
      [
        802.2857142857143,
        148.95
      ],
      [
        827.3571428571429,
        148.95
      ],
      [
        852.4285714285714,
        148.95
      ],
      [
        902.5714285714287,
        148.95
      ],
      [
        927.6428571428572,
        148.95
      ],
      [
        952.7142857142858,
        148.95
      ],
      [
        1228.5,
        148.95
      ],
      [
        1253.5714285714287,
        148.95
      ],
      [
        1278.642857142857,
        148.95
      ],
      [
        1303.7142857142858,
        148.95
      ],
      [
        601.7142857142858,
        173.775
      ],
      [
        626.7857142857143,
        173.775
      ],
      [
        651.8571428571429,
        173.775
      ],
      [
        777.2142857142858,
        173.775
      ],
      [
        802.2857142857143,
        173.775
      ],
      [
        827.3571428571429,
        173.775
      ],
      [
        852.4285714285714,
        173.775
      ],
      [
        877.5,
        173.775
      ],
      [
        902.5714285714287,
        173.775
      ],
      [
        927.6428571428572,
        173.775
      ],
      [
        952.7142857142858,
        173.775
      ],
      [
        1253.5714285714287,
        173.775
      ],
      [
        1303.7142857142858,
        173.775
      ],
      [
        626.7857142857143,
        198.6
      ],
      [
        651.8571428571429,
        198.6
      ],
      [
        802.2857142857143,
        198.6
      ],
      [
        827.3571428571429,
        198.6
      ],
      [
        852.4285714285714,
        198.6
      ],
      [
        877.5,
        198.6
      ],
      [
        902.5714285714287,
        198.6
      ],
      [
        927.6428571428572,
        198.6
      ],
      [
        952.7142857142858,
        198.6
      ],
      [
        576.6428571428572,
        223.42499999999998
      ],
      [
        651.8571428571429,
        223.42499999999998
      ],
      [
        802.2857142857143,
        223.42499999999998
      ],
      [
        827.3571428571429,
        223.42499999999998
      ],
      [
        852.4285714285714,
        223.42499999999998
      ],
      [
        877.5,
        223.42499999999998
      ],
      [
        902.5714285714287,
        223.42499999999998
      ],
      [
        927.6428571428572,
        223.42499999999998
      ],
      [
        401.14285714285717,
        248.25
      ],
      [
        426.2142857142857,
        248.25
      ],
      [
        451.28571428571433,
        248.25
      ],
      [
        651.8571428571429,
        248.25
      ],
      [
        676.9285714285714,
        248.25
      ],
      [
        802.2857142857143,
        248.25
      ],
      [
        827.3571428571429,
        248.25
      ],
      [
        852.4285714285714,
        248.25
      ],
      [
        877.5,
        248.25
      ],
      [
        902.5714285714287,
        248.25
      ],
      [
        401.14285714285717,
        273.075
      ],
      [
        426.2142857142857,
        273.075
      ],
      [
        651.8571428571429,
        273.075
      ],
      [
        802.2857142857143,
        273.075
      ],
      [
        827.3571428571429,
        273.075
      ],
      [
        852.4285714285714,
        273.075
      ],
      [
        877.5,
        273.075
      ],
      [
        902.5714285714287,
        273.075
      ],
      [
        351.0,
        297.9
      ],
      [
        376.0714285714286,
        297.9
      ],
      [
        401.14285714285717,
        297.9
      ],
      [
        426.2142857142857,
        297.9
      ],
      [
        676.9285714285714,
        297.9
      ],
      [
        727.0714285714287,
        297.9
      ],
      [
        777.2142857142858,
        297.9
      ],
      [
        351.0,
        322.72499999999997
      ],
      [
        401.14285714285717,
        322.72499999999997
      ],
      [
        426.2142857142857,
        322.72499999999997
      ],
      [
        902.5714285714287,
        322.72499999999997
      ],
      [
        877.5,
        347.55
      ],
      [
        852.4285714285714,
        372.375
      ],
      [
        1027.9285714285716,
        372.375
      ],
      [
        1002.8571428571429,
        397.2
      ],
      [
        1027.9285714285716,
        397.2
      ],
      [
        1002.8571428571429,
        422.025
      ],
      [
        1027.9285714285716,
        422.025
      ],
      [
        952.7142857142858,
        446.84999999999997
      ],
      [
        1002.8571428571429,
        446.84999999999997
      ],
      [
        1027.9285714285716,
        446.84999999999997
      ],
      [
        977.7857142857143,
        471.675
      ],
      [
        1002.8571428571429,
        471.675
      ],
      [
        1027.9285714285716,
        471.675
      ],
      [
        1053.0,
        471.675
      ],
      [
        1002.8571428571429,
        496.5
      ],
      [
        1027.9285714285716,
        496.5
      ],
      [
        1053.0,
        496.5
      ],
      [
        952.7142857142858,
        521.3249999999999
      ],
      [
        977.7857142857143,
        521.3249999999999
      ],
      [
        1002.8571428571429,
        521.3249999999999
      ],
      [
        1027.9285714285716,
        521.3249999999999
      ],
      [
        1053.0,
        521.3249999999999
      ],
      [
        1128.2142857142858,
        521.3249999999999
      ],
      [
        952.7142857142858,
        546.15
      ],
      [
        977.7857142857143,
        546.15
      ],
      [
        1002.8571428571429,
        546.15
      ],
      [
        1027.9285714285716,
        546.15
      ],
      [
        1053.0,
        546.15
      ],
      [
        1153.2857142857144,
        546.15
      ],
      [
        952.7142857142858,
        570.975
      ],
      [
        977.7857142857143,
        570.975
      ],
      [
        1002.8571428571429,
        570.975
      ],
      [
        1027.9285714285716,
        570.975
      ],
      [
        927.6428571428572,
        595.8
      ],
      [
        952.7142857142858,
        595.8
      ],
      [
        977.7857142857143,
        595.8
      ],
      [
        1002.8571428571429,
        595.8
      ],
      [
        1027.9285714285716,
        595.8
      ],
      [
        1053.0,
        595.8
      ],
      [
        1278.642857142857,
        595.8
      ],
      [
        902.5714285714287,
        620.625
      ],
      [
        927.6428571428572,
        620.625
      ],
      [
        952.7142857142858,
        620.625
      ],
      [
        977.7857142857143,
        620.625
      ],
      [
        1002.8571428571429,
        620.625
      ],
      [
        1253.5714285714287,
        620.625
      ],
      [
        1278.642857142857,
        620.625
      ],
