{
  "sl_no": 26,
  "match_info": {
    "center": "live_locate:place:Lundy Green",
    "zoom": 17,
    "rotation": 0,
    "n_inliers": 145,
    "score": 60.6,
    "scale_factor": 0.437,
    "avg_scale": 1.0147,
    "window": [
      1098,
      915
    ],
    "center_latlon": [
      52.48538269270012,
      1.3071896018463462
    ],
    "anchor_latlon": [
      52.486,
      1.302
    ],
    "_inlier_pts_map": [
      [
        1046.1750000000002,
        54.642857142857146
      ],
      [
        252.52500000000003,
        91.07142857142858
      ],
      [
        270.5625,
        91.07142857142858
      ],
      [
        234.4875,
        109.28571428571429
      ],
      [
        252.52500000000003,
        109.28571428571429
      ],
      [
        270.5625,
        109.28571428571429
      ],
      [
        288.6,
        109.28571428571429
      ],
      [
        342.71250000000003,
        109.28571428571429
      ],
      [
        360.75,
        109.28571428571429
      ],
      [
        378.7875,
        109.28571428571429
      ],
      [
        396.82500000000005,
        109.28571428571429
      ],
      [
        234.4875,
        127.5
      ],
      [
        252.52500000000003,
        127.5
      ],
      [
        306.63750000000005,
        127.5
      ],
      [
        324.675,
        127.5
      ],
      [
        342.71250000000003,
        127.5
      ],
      [
        360.75,
        127.5
      ],
      [
        378.7875,
        127.5
      ],
      [
        396.82500000000005,
        127.5
      ],
      [
        901.8750000000001,
        127.5
      ],
      [
        306.63750000000005,
        145.71428571428572
      ],
      [
        324.675,
        145.71428571428572
      ],
      [
        342.71250000000003,
        145.71428571428572
      ],
      [
        378.7875,
        145.71428571428572
      ],
      [
        396.82500000000005,
        145.71428571428572
      ],
      [
        306.63750000000005,
        163.92857142857144
      ],
      [
        324.675,
        163.92857142857144
      ],
      [
        342.71250000000003,
        163.92857142857144
      ],
      [
        685.4250000000001,
        327.8571428571429
      ],
      [
        703.4625000000001,
        327.8571428571429
      ],
      [
        721.5,
        327.8571428571429
      ],
      [
        739.5375,
        327.8571428571429
      ],
      [
        757.575,
        327.8571428571429
      ],
      [
        685.4250000000001,
        346.0714285714286
      ],
      [
        703.4625000000001,
        346.0714285714286
      ],
      [
        721.5,
        346.0714285714286
      ],
      [
        739.5375,
        346.0714285714286
      ],
      [
        757.575,
        346.0714285714286
      ],
      [
        775.6125000000001,
        346.0714285714286
      ],
      [
        793.6500000000001,
        346.0714285714286
      ],
      [
        811.6875000000001,
        346.0714285714286
      ],
      [
        721.5,
        364.28571428571433
      ],
      [
        739.5375,
        364.28571428571433
      ],
      [
        757.575,
        364.28571428571433
      ],
      [
        775.6125000000001,
        364.28571428571433
      ],
      [
        793.6500000000001,
        364.28571428571433
      ],
      [
        739.5375,
        382.5
      ],
      [
        757.575,
        382.5
      ],
      [
        775.6125000000001,
        382.5
      ],
      [
        793.6500000000001,
        382.5
      ],
      [
        739.5375,
        400.7142857142857
      ],
      [
        757.575,
        400.7142857142857
      ],
      [
        775.6125000000001,
        400.7142857142857
      ],
      [
        793.6500000000001,
        400.7142857142857
      ],
      [
        757.575,
        418.92857142857144
      ],
      [
        775.6125000000001,
        418.92857142857144
      ],
      [
        739.5375,
        437.14285714285717
      ],
      [
        757.575,
        437.14285714285717
      ],
      [
        775.6125000000001,
        437.14285714285717
      ],
      [
        739.5375,
        455.3571428571429
      ],
      [
        757.575,
        455.3571428571429
      ],
      [
        775.6125000000001,
        455.3571428571429
      ],
      [
        739.5375,
        473.5714285714286
      ],
      [
        757.575,
        473.5714285714286
      ],
      [
        757.575,
        491.78571428571433
      ],
      [
        829.725,
        564.6428571428572
      ],
      [
        811.6875000000001,
        582.8571428571429
      ],
      [
        829.725,
        582.8571428571429
      ],
      [
        847.7625,
        582.8571428571429
      ],
      [
        865.8000000000001,
        582.8571428571429
      ],
      [
        757.575,
        601.0714285714286
      ],
      [
        829.725,
        601.0714285714286
      ],
      [
        757.575,
        619.2857142857143
      ],
      [
        775.6125000000001,
        619.2857142857143
      ],
      [
        829.725,
        619.2857142857143
      ],
      [
        162.3375,
        637.5
      ],
      [
        180.375,
        637.5
      ],
      [
        198.41250000000002,
        637.5
      ],
      [
        162.3375,
        655.7142857142858
      ],
      [
        180.375,
        655.7142857142858
      ],
      [
        198.41250000000002,
        655.7142857142858
      ],
      [
        721.5,
        655.7142857142858
      ],
      [
        739.5375,
        655.7142857142858
      ],
      [
        757.575,
        655.7142857142858
      ],
      [
        162.3375,
        673.9285714285714
      ],
      [
        180.375,
        673.9285714285714
      ],
      [
        198.41250000000002,
        673.9285714285714
      ],
      [
        144.3,
        692.1428571428572
      ],
      [
        162.3375,
        692.1428571428572
      ],
      [
        198.41250000000002,
        692.1428571428572
      ],
      [
        216.45000000000002,
        692.1428571428572
      ],
      [
        1118.325,
        692.1428571428572
      ],
      [
        144.3,
        710.3571428571429
      ],
      [
        162.3375,
        710.3571428571429
      ],
      [
        180.375,
        710.3571428571429
      ],
      [
        198.41250000000002,
        710.3571428571429
      ],
      [
        216.45000000000002,
        710.3571428571429
      ],
      [
        541.125,
        710.3571428571429
      ],
      [
        559.1625,
        710.3571428571429
      ],
      [
        1118.325,
        710.3571428571429
      ],
      [
        198.41250000000002,
        728.5714285714287
      ],
      [
        216.45000000000002,
        728.5714285714287
      ],
      [
        541.125,
        728.5714285714287
      ],
      [
        559.1625,
        728.5714285714287
      ],
      [
        1118.325,
        728.5714285714287
      ],
      [
        216.45000000000002,
        746.7857142857143
      ],
      [
        432.90000000000003,
        746.7857142857143
      ],
      [
        468.975,
        746.7857142857143
      ],
      [
        559.1625,
        746.7857142857143
      ],
      [
        577.2,
        746.7857142857143
      ],
      [
        342.71250000000003,
        765.0
      ],
      [
        360.75,
        765.0
      ],
      [
        378.7875,
        765.0
      ],
      [
        468.975,
        765.0
      ],
      [
        487.01250000000005,
        765.0
      ],
      [
        541.125,
        765.0
      ],
      [
        559.1625,
        765.0
      ],
      [
        577.2,
        765.0
      ],
      [
        595.2375000000001,
        765.0
      ],
      [
        360.75,
        783.2142857142858
      ],
      [
        378.7875,
        783.2142857142858
      ],
      [
        468.975,
        783.2142857142858
      ],
      [
