{
  "sl_no": 79,
  "match_info": {
    "center": "live_locate:place:Bay Hill",
    "zoom": 18,
    "rotation": 0,
    "n_inliers": 96,
    "score": 46.83,
    "scale_factor": 0.424,
    "avg_scale": 0.9988,
    "window": [
      513,
      1368
    ],
    "center_latlon": [
      51.14855667472851,
      1.3803992664607847
    ],
    "anchor_latlon": [
      51.1503602945167,
      1.38180012573487
    ],
    "_inlier_pts_map": [
      [
        75.0,
        49.5
      ],
      [
        87.5,
        49.5
      ],
      [
        100.0,
        49.5
      ],
      [
        112.5,
        49.5
      ],
      [
        562.5,
        49.5
      ],
      [
        62.5,
        61.875
      ],
      [
        75.0,
        61.875
      ],
      [
        87.5,
        61.875
      ],
      [
        100.0,
        61.875
      ],
      [
        112.5,
        61.875
      ],
      [
        137.5,
        61.875
      ],
      [
        575.0,
        61.875
      ],
      [
        62.5,
        74.25
      ],
      [
        75.0,
        74.25
      ],
      [
        87.5,
        74.25
      ],
      [
        100.0,
        74.25
      ],
      [
        575.0,
        74.25
      ],
      [
        62.5,
        86.625
      ],
      [
        75.0,
        86.625
      ],
      [
        87.5,
        86.625
      ],
      [
        575.0,
        86.625
      ],
      [
        175.0,
        111.375
      ],
      [
        200.0,
        111.375
      ],
      [
        212.5,
        111.375
      ],
      [
        162.5,
        123.75
      ],
      [
        175.0,
        123.75
      ],
      [
        187.5,
        123.75
      ],
      [
        162.5,
        136.125
      ],
      [
        175.0,
        136.125
      ],
      [
        187.5,
        136.125
      ],
      [
        200.0,
        136.125
      ],
      [
        162.5,
        148.5
      ],
      [
        175.0,
        148.5
      ],
      [
        187.5,
        148.5
      ],
      [
        200.0,
        148.5
      ],
      [
        75.0,
        247.5
      ],
      [
        87.5,
        247.5
      ],
      [
        212.5,
        321.75
      ],
      [
        175.0,
        334.125
      ],
      [
        187.5,
        334.125
      ],
      [
        212.5,
        334.125
      ],
      [
        187.5,
        346.5
      ],
      [
        212.5,
        346.5
      ],
      [
        187.5,
        358.875
      ],
      [
        200.0,
        358.875
      ],
      [
        200.0,
        371.25
      ],
      [
        437.5,
        433.125
      ],
      [
        437.5,
        445.5
      ],
      [
        450.0,
        445.5
      ],
      [
        462.5,
        445.5
      ],
      [
        475.0,
        445.5
      ],
      [
        425.0,
        457.875
      ],
      [
        437.5,
        457.875
      ],
      [
        450.0,
        457.875
      ],
      [
        462.5,
        457.875
      ],
      [
        475.0,
        457.875
      ],
      [
        425.0,
        470.25
      ],
      [
        437.5,
        470.25
      ],
      [
        450.0,
        470.25
      ],
      [
        462.5,
        470.25
      ],
      [
        475.0,
        470.25
      ],
      [
        412.5,
        482.625
      ],
      [
        425.0,
        482.625
      ],
      [
        437.5,
        482.625
      ],
      [
        450.0,
        482.625
      ],
      [
        462.5,
        482.625
      ],
      [
        475.0,
        482.625
      ],
      [
        412.5,
        495.0
      ],
      [
        425.0,
        495.0
      ],
      [
        437.5,
        495.0
      ],
      [
        450.0,
        495.0
      ],
      [
        462.5,
        495.0
      ],
      [
        475.0,
        495.0
      ],
      [
        412.5,
        507.375
      ],
      [
        425.0,
        507.375
      ],
      [
        437.5,
        507.375
      ],
      [
        450.0,
        507.375
      ],
      [
        462.5,
        507.375
      ],
      [
        475.0,
        507.375
      ],
      [
        425.0,
        519.75
      ],
      [
        437.5,
        519.75
      ],
      [
        450.0,
        519.75
      ],
      [
        462.5,
        519.75
      ],
      [
        475.0,
        519.75
      ],
      [
        437.5,
        532.125
      ],
      [
        450.0,
        532.125
      ],
      [
        237.5,
        556.875
      ],
      [
        262.5,
        556.875
      ],
      [
        275.0,
        556.875
      ],
      [
        225.0,
        569.25
      ],
      [
        237.5,
        569.25
      ],
      [
        250.0,
        569.25
      ],
      [
        262.5,
        569.25
      ],
      [
        350.0,
        569.25
      ],
      [
        250.0,
        581.625
      ],
      [
        250.0,
        594.0
      ]
    ],
    "_rot_map_shape": [
      990,
      700
    ]
  },
  "processing_time": 143.517991065979,
  "agent_accepted": true,
  "agent_reason": "[accepted] The site was located at the intersection of St Margaret's Road and Bay Hill Close in St Margaret's at Cliffe. Two candidates were tested: the first (St Margaret",
  "agent_stats": {
    "position_calls": 1,
    "pdf_info": {
      "site_address": "The White House, St Margarets at Cliffe, Near Dover, Kent",
      "postcodes": [
        "CT16 3PJ"
      ],
      "grid_refs": [
        "TR3644"
      ],
      "scale": "1:1250",
      "map_pages": [
        3
      ],
      "map_page_details": [
        {
          "page": 3,
          "category": "match",
          "area_group": 0,
          "boundary_clarity": "clear",
          "detail_level": "close",
          "caption": "Site plan showing The White House shaded red on St Margaret's Road at 1:1250 scale."
        }
      ],
      "road_names": [
        "St Margaret's Road",
        "Bay Hill Close"
      ],
      "place_names": [
        "The White House",
        "St Margarets Bay",
        "White Cliffs Business Park",
        "The Studio",
        "Auchneil",
        "The Briars",
        "Thalassa",
        "The Pines",
        "The Steps Cottage"
      ],
      "is_district_wide": false,
      "district_name": null,
      "house_number_road_pairs": [],
      "parish_names": [
        "St. Margarets at Cliffe"
      ],
      "admin_region": "Dover",
      "likely_town_or_city": "St Margarets at Cliffe",
      "visible_map_labels": [
        "The White House",
        "ST MARGARET'S ROAD",
        "BAY HILL CLOSE",
        "Seven Seas Cottage",
        "The Pines",
        "Thalassa",
        "The Briars",
        "Auchneil",
        "The Studio",
        "The Steps Cottage",
        "Pond"
      ],
      "adjacency_hints": [
        "Seven Seas Cottage",
        "The Pines",
        "Bay Hill Close"
      ]
    },
    "reader_request_tokens": 5012,
    "reader_response_tokens": 380,
    "outcome_status": "accepted",
    "outcome_reasoning": "The site was located at the intersection of St Margaret's Road and Bay Hill Close in St Margaret's at Cliffe. Two candidates were tested: the first (St Margaret's Road) yielded 83 inliers, and the second (Bay Hill) yielded 96 inliers. Both attempts showed excellent scale consistency (0.99+) and perfect road name agreement (1.0). The second candidate (ID 1) was committed as it provided the strongest match. The resulting polygon accurately reflects the application boundary for 'The White House'.",
    "rotation_checked": false,
    "tool_calls": {
      "propose_centers": 2,
      "match_at": 2,
      "commit_match": 1,
      "final_result": 1
    },
    "total_tool_calls": 6,
    "n_turns": 13,
    "validator_retries": 0,
    "worker_request_tokens": 31478,
    "worker_response_tokens": 390,
    "request_tokens": 36490,
    "response_tokens": 770,
    "total_tokens": 37260,
    "critic": {
      "n_rejections": 0,