{
  "sl_no": 98,
  "match_info": {
    "center": "live_locate:postcode:NW3 2ST",
    "zoom": 19,
    "rotation": 0,
    "n_inliers": 61,
    "score": 23.88,
    "scale_factor": 0.855,
    "avg_scale": 1.0198,
    "window": [
      1310,
      786
    ],
    "center_latlon": [
      51.55714212668106,
      -0.1650387756790792
    ],
    "anchor_latlon": [
      51.5567184219658,
      -0.164504998882028
    ],
    "_inlier_pts_map": [
      [
        910.2857142857142,
        50.0
      ],
      [
        834.4285714285714,
        75.0
      ],
      [
        859.7142857142857,
        75.0
      ],
      [
        885.0,
        75.0
      ],
      [
        859.7142857142857,
        100.0
      ],
      [
        885.0,
        100.0
      ],
      [
        859.7142857142857,
        125.0
      ],
      [
        606.8571428571429,
        250.0
      ],
      [
        632.1428571428571,
        250.0
      ],
      [
        657.4285714285714,
        250.0
      ],
      [
        632.1428571428571,
        275.0
      ],
      [
        657.4285714285714,
        275.0
      ],
      [
        682.7142857142857,
        275.0
      ],
      [
        708.0,
        275.0
      ],
      [
        708.0,
        300.0
      ],
      [
        733.2857142857142,
        350.0
      ],
      [
        733.2857142857142,
        375.0
      ],
      [
        758.5714285714286,
        375.0
      ],
      [
        758.5714285714286,
        400.0
      ],
      [
        783.8571428571428,
        400.0
      ],
      [
        758.5714285714286,
        425.0
      ],
      [
        783.8571428571428,
        425.0
      ],
      [
        758.5714285714286,
        450.0
      ],
      [
        783.8571428571428,
        450.0
      ],
      [
        758.5714285714286,
        475.0
      ],
      [
        758.5714285714286,
        500.0
      ],
      [
        1062.0,
        625.0
      ],
      [
        1036.7142857142858,
        650.0
      ],
      [
        1062.0,
        650.0
      ],
      [
        1087.2857142857142,
        650.0
      ],
      [
        1036.7142857142858,
        675.0
      ],
      [
        1062.0,
        675.0
      ],
      [
        1087.2857142857142,
        675.0
      ],
      [
        1062.0,
        700.0
      ],
      [
        1087.2857142857142,
        700.0
      ],
      [
        1112.5714285714284,
        825.0
      ],
      [
        682.7142857142857,
        1200.0
      ],
      [
        708.0,
        1200.0
      ],
      [
        682.7142857142857,
        1225.0
      ],
      [
        708.0,
        1225.0
      ],
      [
        657.4285714285714,
        1250.0
      ],
      [
        682.7142857142857,
        1250.0
      ],
      [
        682.7142857142857,
        1275.0
      ],
      [
        1213.7142857142858,
        1525.0
      ],
      [
        1264.2857142857142,
        1525.0
      ],
      [
        1213.7142857142858,
        1550.0
      ],
      [
        1239.0,
        1550.0
      ],
      [
        1264.2857142857142,
        1550.0
      ],
      [
        1239.0,
        1575.0
      ],
      [
        1264.2857142857142,
        1575.0
      ],
      [
        531.0,
        1600.0
      ],
      [
        834.4285714285714,
        1600.0
      ],
      [
        531.0,
        1625.0
      ],
      [
        834.4285714285714,
        1625.0
      ],
      [
        1239.0,
        1625.0
      ],
      [
        531.0,
        1650.0
      ],
      [
        556.2857142857142,
        1650.0
      ],
      [
        834.4285714285714,
        1650.0
      ],
      [
        859.7142857142857,
        1675.0
      ],
      [
        1213.7142857142858,
        1675.0
      ],
      [
        1239.0,
        1700.0
      ]
    ],
    "_rot_map_shape": [
      2000,
      1416
    ]
  },
  "processing_time": 213.45028805732727,
  "agent_accepted": true,
  "agent_reason": "[accepted] The site was identified as 32-90 South Hill Park, London, bordering Hampstead No. 1 Pond. Initial geocoding to the road name provided a weak match with poor sca",
  "agent_stats": {
    "position_calls": 1,
    "pdf_info": {
      "site_address": "32 to 90 South Hill Park London NW3 and land at the rear thereof bordering Hampstead No. 1 Pond",
      "postcodes": [
        "NW3 2SB",
        "NW3 2ST",
        "NW3 2SH"
      ],
      "grid_refs": [],
      "scale": null,
      "map_pages": [
        6,
        7
      ],
      "map_page_details": [
        {
          "page": 6,
          "category": "match",
          "area_group": 0,
          "boundary_clarity": "clear",
          "detail_level": "close",
          "caption": "Site plan showing boundary around properties on South Hill Park and land bordering Hampstead Ponds."
        },
        {
          "page": 7,
          "category": "match",
          "area_group": 0,
          "boundary_clarity": "clear",
          "detail_level": "close",
          "caption": "Duplicate of page 6, rotated 180 degrees."
        }
      ],
      "road_names": [
        "South Hill Park Road",
        "South Hill Park Gardens",
        "Parliament Hill",
        "South End Road"
      ],
      "place_names": [
        "Hampstead Ponds (No 1 pond)",
        "South Hill Park Gardens",
        "Parliament Court",
        "Lake House"
      ],
      "is_district_wide": false,
      "district_name": null,
      "house_number_road_pairs": [
        "32-90 South Hill Park"
      ],
      "parish_names": [],
      "admin_region": "Camden",
      "likely_town_or_city": "London",
      "visible_map_labels": [
        "South Hill Park Road",
        "Hampstead Ponds (No 1 pond)",
        "South Hill Park Gardens",
        "Parliament Hill",
        "Parliament Court",
        "Lake House",
        "South End Road"
      ],
      "adjacency_hints": [
        "Hampstead No. 1 Pond"
      ]
    },
    "outcome_status": "accepted",
    "outcome_reasoning": "The site was identified as 32-90 South Hill Park, London, bordering Hampstead No. 1 Pond. Initial geocoding to the road name provided a weak match with poor scale consistency. A second attempt using the specific postcode NW3 2ST (candidate 1) yielded a much stronger match with 61 inliers, perfect road name agreement (South Hill Park, Parliament Hill, etc.), and excellent scale consistency (0.96). This match correctly aligns the residential blocks and the pond boundary shown on page 6.",
    "rotation_checked": false,
    "tool_calls": {
      "submit_pdf_info": 1,
      "propose_centers": 2,
      "match_at": 2,
      "commit_match": 1,
      "final_result": 1
    },
    "total_tool_calls": 7,
    "n_turns": 15,
    "validator_retries": 0,
    "worker_request_tokens": 66708,
    "worker_response_tokens": 794,
    "request_tokens": 66708,
    "response_tokens": 794,
    "total_tokens": 67502
  },
  "valid_ground_truth": true,
  "valid_prediction": true,
  "validation_error": null,
  "iou": 0.6292465195043616,
  "precision": 0.6295177989454385,
  "recall": 0.9993156303742053,
  "f1_score": 0.7724386849645023,
  "positioning_error_m": 6.232170555268349
}