{
  "sl_no": 271,
  "match_info": {
    "center": "live_locate:place:Tinker's Castle Road (west)",
    "zoom": 18,
    "rotation": 0,
    "n_inliers": 34,
    "score": 12.55,
    "scale_factor": 0.437,
    "avg_scale": 1.031,
    "window": [
      3123,
      1041
    ],
    "center_latlon": [
      52.549559426962375,
      -2.244666356494861
    ],
    "anchor_latlon": [
      52.5485391645281,
      -2.25154097481054
    ],
    "_inlier_pts_map": [
      [
        129.10714285714286,
        549.325
      ],
      [
        142.01785714285714,
        562.1
      ],
      [
        154.92857142857144,
        562.1
      ],
      [
        142.01785714285714,
        574.875
      ],
      [
        154.92857142857144,
        574.875
      ],
      [
        180.75,
        574.875
      ],
      [
        154.92857142857144,
        587.65
      ],
      [
        167.83928571428572,
        587.65
      ],
      [
        154.92857142857144,
        600.4250000000001
      ],
      [
        167.83928571428572,
        600.4250000000001
      ],
      [
        180.75,
        600.4250000000001
      ],
      [
        309.8571428571429,
        600.4250000000001
      ],
      [
        322.76785714285717,
        600.4250000000001
      ],
      [
        335.67857142857144,
        600.4250000000001
      ],
      [
        167.83928571428572,
        613.2
      ],
      [
        296.9464285714286,
        613.2
      ],
      [
        309.8571428571429,
        613.2
      ],
      [
        322.76785714285717,
        613.2
      ],
      [
        335.67857142857144,
        613.2
      ],
      [
        296.9464285714286,
        625.975
      ],
      [
        309.8571428571429,
        625.975
      ],
      [
        322.76785714285717,
        625.975
      ],
      [
        335.67857142857144,
        625.975
      ],
      [
        284.0357142857143,
        638.75
      ],
      [
        296.9464285714286,
        638.75
      ],
      [
        309.8571428571429,
        638.75
      ],
      [
        322.76785714285717,
        638.75
      ],
      [
        271.125,
        651.525
      ],
      [
        284.0357142857143,
        651.525
      ],
      [
        296.9464285714286,
        651.525
      ],
      [
        309.8571428571429,
        651.525
      ],
      [
        322.76785714285717,
        651.525
      ],
      [
        309.8571428571429,
        664.3000000000001
      ],
      [
        322.76785714285717,
        664.3000000000001
      ]
    ],
    "_rot_map_shape": [
      1022,
      723
    ]
  },
  "processing_time": 301.9338309764862,
  "agent_accepted": true,
  "agent_reason": "[accepted] The site 'Wilderhope' is located on Tinker's Castle Road in Seisdon. Multiple attempts were made to locate the site using different segments of Tinker's Castle ",
  "agent_stats": {
    "position_calls": 1,
    "pdf_info": {
      "site_address": "Wilderhope, Tinkers Castle Road, Seisdon, Staffordshire",
      "postcodes": [
        "WV8 1PX"
      ],
      "grid_refs": [],
      "scale": "1:1250",
      "map_pages": [
        3
      ],
      "map_page_details": [
        {
          "page": 3,
          "category": "match",
          "area_group": 0,
          "boundary_clarity": "clear",
          "detail_level": "close",
          "caption": "Article 4 Direction map showing red boundary around Wilderhope, Tinkers Castle Road, Seisdon at 1:1250 scale."
        }
      ],
      "road_names": [
        "Tinkers Castle Road"
      ],
      "place_names": [
        "Wilderhope",
        "Seisdon",
        "Staffordshire"
      ],
      "is_district_wide": false,
      "district_name": null,
      "house_number_road_pairs": [],
      "parish_names": [],
      "admin_region": "South Staffordshire",
      "likely_town_or_city": "Seisdon",
      "visible_map_labels": [
        "TINKER'S CASTLE ROAD",
        "Wilderhope",
        "THE SITE"
      ],
      "adjacency_hints": []
    },
    "reader_request_tokens": 5012,
    "reader_response_tokens": 258,
    "outcome_status": "accepted",
    "outcome_reasoning": "The site 'Wilderhope' is located on Tinker's Castle Road in Seisdon. Multiple attempts were made to locate the site using different segments of Tinker's Castle Road and the Seisdon village centroid. All attempts yielded WEAK inlier counts (max 34) and road name agreement conflicts, likely due to sparse cartography or naming variations in the OS data for this rural area. Candidate 1 (at 52.5485, -2.2515) provided the highest inlier count (34) with good scale consistency (0.94), and was committed as the best available match.",
    "rotation_checked": false,
    "tool_calls": {
      "propose_centers": 5,
      "match_at": 4,
      "commit_match": 1,
      "final_result": 1
    },
    "total_tool_calls": 11,
    "n_turns": 23,
    "validator_retries": 0,
    "worker_request_tokens": 60868,
    "worker_response_tokens": 941,
    "request_tokens": 65880,
    "response_tokens": 1199,
    "total_tokens": 67079,
    "critic": {
      "n_rejections": 0,
      "iterations": [
        {
          "iter_idx": 0,
          "action": "approve",
          "chosen_candidate_id": 1,
          "reasoning": "Candidate 1 shows a correct alignment at Tinkers Castle Road in Seisdon. The red polygon on the OS tile correctly encapsulates the building 'Wilderhope' and its grounds, matching the green boundary mask on the source document perfectly. n_inliers is acceptable given the sparse rural features.",
          "wall_s": 4.6,
          "llm_error": null
        }
      ],
      "tokens": {
        "request": 5276,
        "response": 90
      }
    }
  },
  "valid_ground_truth": true,
  "valid_prediction": true,
  "validation_error": null,
  "iou": 0.0,
  "precision": 0.0,
  "recall": 0.0,
  "f1_score": 0.0,
  "positioning_error_m": 830.8155955234511,
  "worker_first_iou": 0.0,
  "worker_first_metrics": {
    "valid_ground_truth": true,
    "valid_prediction": true,
    "validation_error": null,
    "iou": 0.0,
    "precision": 0.0,
    "recall": 0.0,
    "f1_score": 0.0,
    "positioning_error_m": 830.8155955234511
  }
}