{
  "config": {
    "source": "results/benchmark_v_post_refactor/gemini-flash/summary.json",
    "n_total": 40
  },
  "per_case": {
    "095AB379-F04E-473A-BC0D-8948B58E4090": {
      "iou": 0.7371141968460053,
      "precision": 0.9098542827141727,
      "recall": 0.7951876509503467,
      "f1_score": 0.8486652151992773,
      "centroid_distance_m": 15.043850289461469
    },
    "115": {
      "iou": 0.9825033050358042,
      "precision": 0.9896575896508254,
      "recall": 0.992695954233441,
      "f1_score": 0.9911744434827712,
      "centroid_distance_m": 7.715605927907582
    },
    "118": {
      "iou": 0.0,
      "precision": 0.0,
      "recall": 0.0,
      "f1_score": 0.0,
      "centroid_distance_m": 170.24133019602488
    },
    "12:00115:ART4": {
      "iou": 0.0,
      "precision": 0.0,
      "recall": 0.0,
      "f1_score": 0.0,
      "centroid_distance_m": 570.0957484191989
    },
    "12:00125:ART4": {
      "iou": 0.0,
      "precision": 0.0,
      "recall": 0.0,
      "f1_score": 0.0,
      "centroid_distance_m": 1493.752367759166
    },
    "12:00140:ART4": {
      "iou": 0.0,
      "precision": 0.0,
      "recall": 0.0,
      "f1_score": 0.0,
      "centroid_distance_m": 1148.8291895173184
    },
    "12:00154:ART4": {
      "iou": 0.9343457578305288,
      "precision": 0.9977460640109734,
      "recall": 0.9363220649302646,
      "f1_score": 0.9660586831987266,
      "centroid_distance_m": 2.7951216470450775
    },
    "12:00156:ART4": {
      "iou": 0.9079433683922499,
      "precision": 0.989192463714365,
      "recall": 0.9170402609898495,
      "f1_score": 0.9517508574243687,
      "centroid_distance_m": 25.96990776069547
    },
    "12:00161:ART4": {
      "iou": 0.6794938830690681,
      "precision": 0.9280490882154909,
      "recall": 0.7172806761841599,
      "f1_score": 0.8091650584953602,
      "centroid_distance_m": 15.66341869129665
    },
    "12:00162:ART4": {
      "iou": 0.9663775990644997,
      "precision": 0.9919851958089052,
      "recall": 0.9739823618592142,
      "f1_score": 0.9829013507113382,
      "centroid_distance_m": 9.398082242476294
    },
    "22": {
      "iou": 0.7093903807561406,
      "precision": 0.8354947161037978,
      "recall": 0.8245617790465462,
      "f1_score": 0.8299922460556313,
      "centroid_distance_m": 2.165041899710012
    },
    "23:53161:ART4": {
      "iou": 0.9206983439637226,
      "precision": 0.9417738966769469,
      "recall": 0.9762706845032764,
      "f1_score": 0.9587120714268005,
      "centroid_distance_m": 3.327112332096027
    },
    "3DA282A7-E829-47CF-B842-E03E0C704072": {
      "iou": 0.9210006695797506,
      "precision": 0.9753758656977966,
      "recall": 0.9429249857090887,
      "f1_score": 0.9588759485245191,
      "centroid_distance_m": 5.537459272845666
    },
    "498E1484-1D2E-418C-9547-A93AE9A57BB0": {
      "iou": 0.21332088893459977,
      "precision": 0.2753272047029805,
      "recall": 0.4864448854207246,
      "f1_score": 0.3516314453662917,
      "centroid_distance_m": 563.4381775350441
    },
    "4AB36890-E52B-4CCC-9CDE-FB1476FCEB82": {
      "iou": 0.8581858552718649,
      "precision": 0.931354369571937,
      "recall": 0.9161338231777829,
      "f1_score": 0.9236813990776739,
      "centroid_distance_m": 11.075930645677529
    },
    "5B10B5A8-B0A0-4DB3-9867-55B78F678079": {
      "iou": 0.0,
      "precision": 0.0,
      "recall": 0.0,
      "f1_score": 0.0,
      "centroid_distance_m": 1976.1355702338826
    },
    "69": {
      "iou": 0.862407687622304,
      "precision": 0.928884727453418,
      "recall": 0.9233742089825079,
      "f1_score": 0.926121271250136,
      "centroid_distance_m": 1.340076339138709
    },
    "A4D-04": {
      "iou": 0.9616343323577091,
      "precision": 0.9750074515649597,
      "recall": 0.9859374466628812,
      "f1_score": 0.9804419880864461,
      "centroid_distance_m": 39.488128306399275
    },
    "A4D-21": {
      "iou": 0.97094294882231,
      "precision": 0.9872658374504202,
      "recall": 0.9832568875812788,
      "f1_score": 0.9852572844915647,
      "centroid_distance_m": 1.086879360992595
    },
    "A4D-24": {
      "iou": 0.9041036889799554,
      "precision": 0.9478418499421242,
      "recall": 0.9514390292486131,
      "f1_score": 0.9496370331221333,
      "centroid_distance_m": 8.815237920429443
    },
    "A4DA01": {
      "iou": 0.9609591235792033,
      "precision": 0.9839806560526704,
      "recall": 0.9762318314235068,
      "f1_score": 0.9800909279793336,
      "centroid_distance_m": 2.6606376478017024
    },
    "A4Ha1": {
      "iou": 0.39344014410563455,
      "precision": 0.394962112347957,
      "recall": 0.990300740323203,
      "f1_score": 0.5647033290520878,
      "centroid_distance_m": 45.299155259595345
    },
    "A4Sa1": {
      "iou": 0.9598769933219486,
      "precision": 0.9974826728558615,
      "recall": 0.9622078672516929,
      "f1_score": 0.9795277934203636,
      "centroid_distance_m": 12.011961475424789
    },
    "A4_088:LL:016": {
      "iou": 0.8052867655451251,
      "precision": 0.9068198834820489,
      "recall": 0.8779331901137578,
      "f1_score": 0.8921427674697822,
      "centroid_distance_m": 5.211568775216684
    },
    "ART4:66:00001": {
      "iou": 0.9323591704535904,
      "precision": 0.9786665834839893,
      "recall": 0.9517015397927945,
      "f1_score": 0.9649957261669084,
      "centroid_distance_m": 2.0513296343716734
    },
    "Ar4.15": {
      "iou": 0.8602500723197231,
      "precision": 0.9182051103463195,
      "recall": 0.9316439821063744,
      "f1_score": 0.9248757305486466,
      "centroid_distance_m": 4.653606449168797
    },
    "Ar4.2": {
      "iou": 0.9388893284693021,
      "precision": 0.9755898726078864,
      "recall": 0.9614761798722417,
      "f1_score": 0.9684816092214289,
      "centroid_distance_m": 3.390113325584071
    },
    "Ar4.25": {
      "iou": 0.9584245525300427,
      "precision": 0.9730978407394254,
      "recall": 0.9845106418002884,
      "f1_score": 0.9787709731191473,
      "centroid_distance_m": 3.032421747311332
    },
    "Ar4.27": {
      "iou": 0.9365046059161516,
      "precision": 0.9866589124819783,
      "recall": 0.9485155897073323,
      "f1_score": 0.9672113384649041,
      "centroid_distance_m": 4.250197130058003
    },
    "Ar4.5": {
      "iou": 0.8987423240365222,
      "precision": 0.9294479597230374,
      "recall": 0.9645447775798881,
      "f1_score": 0.9466711861416737,
      "centroid_distance_m": 91.88447330499892
    },
    "Ar4.8": {
      "iou": 0.0,
      "precision": 0.0,
      "recall": 0.0,
      "f1_score": 0.0,
      "centroid_distance_m": 1428.1395900806929
    },
    "Art4D05": {
      "iou": 0.9800039706918335,
      "precision": 0.9952993840824012,
      "recall": 0.9845608911459638,
      "f1_score": 0.9899010155513811,
      "centroid_distance_m": 1.8378281595303738
    },
    "B6C8BCAD-105E-4CA8-83B3-5A20DA5602EE": {
      "iou": 0.8358566812044356,
      "precision": 0.9705087952307847,
      "recall": 0.85764030046186,
      "f1_score": 0.9105903415686675,
      "centroid_distance_m": 11.619603795385919
    },
    "CPA4(4a)": {
      "iou": 0.9437927155209711,
      "precision": 0.9899826933896524,
      "recall": 0.9528927705271961,
      "f1_score": 0.9710837045378583,
      "centroid_distance_m": 2.065465223073325
    },
    "DE5A30DA-29A4-45BE-B60A-C201A5F11C6F": {
      "iou": 0.8665434188230936,
      "precision": 0.9199862368046592,
      "recall": 0.937174201606117,
      "f1_score": 0.9285006821530403,
      "centroid_distance_m": 5.252242415259462
    },
    "REG_4:36880": {
      "iou": 0.5800362827071663,
      "precision": 0.5801922859796563,
      "recall": 0.9995366541019454,
      "f1_score": 0.7342062825460531,
      "centroid_distance_m": 61.1580676853407
    },
    "SSA401": {
      "iou": 0.9088022617551268,
      "precision": 0.9567159873652835,
      "recall": 0.9477710893463616,
      "f1_score": 0.9522225323848323,