{
  "sl_no": 263,
  "match_info": {
    "center": "live_locate:postcode:WV6 7EJ",
    "zoom": 19,
    "rotation": 0,
    "n_inliers": 20,
    "score": 8.97,
    "scale_factor": 0.875,
    "avg_scale": 1.1924,
    "window": [
      2580,
      1548
    ],
    "center_latlon": [
      52.56027130199009,
      -2.263727541239888
    ],
    "anchor_latlon": [
      52.561227,
      -2.266335
    ],
    "_inlier_pts_map": [
      [
        645.5357142857143,
        1022.5
      ],
      [
        671.3571428571429,
        1022.5
      ],
      [
        697.1785714285714,
        1022.5
      ],
      [
        723.0,
        1022.5
      ],
      [
        593.8928571428572,
        1048.0625
      ],
      [
        619.7142857142858,
        1048.0625
      ],
      [
        645.5357142857143,
        1048.0625
      ],
      [
        671.3571428571429,
        1048.0625
      ],
      [
        697.1785714285714,
        1048.0625
      ],
      [
        723.0,
        1048.0625
      ],
      [
        593.8928571428572,
        1073.625
      ],
      [
        619.7142857142858,
        1073.625
      ],
      [
        645.5357142857143,
        1073.625
      ],
      [
        671.3571428571429,
        1073.625
      ],
      [
        697.1785714285714,
        1073.625
      ],
      [
        723.0,
        1073.625
      ],
      [
        619.7142857142858,
        1099.1875
      ],
      [
        645.5357142857143,
        1099.1875
      ],
      [
        671.3571428571429,
        1099.1875
      ],
      [
        697.1785714285714,
        1099.1875
      ]
    ],
    "_rot_map_shape": [
      2045,
      1446
    ]
  },
  "processing_time": 411.32263588905334,
  "agent_accepted": true,
  "agent_reason": "[accepted] [critic-switch to candidate 3] Candidate 3 is a superior match to the committed candidate 0. In candidate 3, the red polygon correctly encloses a building block",
  "agent_stats": {
    "position_calls": 2,
    "pdf_info": {
      "site_address": "Clive View, Bridgnorth Road, Shipley, Staffordshire",
      "postcodes": [
        "WV8 1PX"
      ],
      "grid_refs": [],
      "scale": null,
      "map_pages": [
        3
      ],
      "map_page_details": [
        {
          "page": 3,
          "category": "match",
          "area_group": 0,
          "boundary_clarity": "clear",
          "detail_level": "close",
          "caption": "Site plan showing red boundary around Clive View, Bridgnorth Road, Shipley. Includes proposed building location."
        }
      ],
      "road_names": [
        "Bridgnorth Road"
      ],
      "place_names": [
        "Clive View",
        "Shipley Cottages",
        "Shipley"
      ],
      "is_district_wide": false,
      "district_name": null,
      "house_number_road_pairs": [],
      "parish_names": [],
      "admin_region": "South Staffordshire",
      "likely_town_or_city": "Shipley",
      "visible_map_labels": [
        "Bridgnorth Road",
        "Clive View",
        "Shipley Cottages",
        "Curtilage of dwellinghouse",
        "Existing poultry house (to be demolished)",
        "Position of proposed new ancillary building",
        "111.9m"
      ],
      "adjacency_hints": [
        "Bridgnorth Road"
      ]
    },
    "reader_request_tokens": 5347,
    "reader_response_tokens": 281,
    "outcome_status": "accepted",
    "outcome_reasoning": "[critic-switch to candidate 3] Candidate 3 is a superior match to the committed candidate 0. In candidate 3, the red polygon correctly encloses a building block that corresponds to the structure shown on the planning map, and it aligns perfectly with the road (Bridgnorth Road) running along its northern boundary. Candidate 0 places the boundary in an empty field with no structural correspondence.",
    "rotation_checked": false,
    "tool_calls": {
      "propose_centers": 4,
      "match_at": 4,
      "commit_match": 1,
      "final_result": 1
    },
    "total_tool_calls": 10,
    "n_turns": 21,
    "validator_retries": 0,
    "worker_request_tokens": 53179,
    "worker_response_tokens": 731,
    "request_tokens": 58526,
    "response_tokens": 1012,
    "total_tokens": 59538,
    "critic": {
      "n_rejections": 1,
      "iterations": [
        {
          "iter_idx": 0,
          "action": "switch",
          "chosen_candidate_id": 3,
          "reasoning": "Candidate 3 is a superior match to the committed candidate 0. In candidate 3, the red polygon correctly encloses a building block that corresponds to the structure shown on the planning map, and it aligns perfectly with the road (Bridgnorth Road) running along its northern boundary. Candidate 0 places the boundary in an empty field with no structural correspondence.",
          "wall_s": 2.6,
          "llm_error": null,
          "geojson_changed": true
        }
      ],
      "tokens": {
        "request": 5213,
        "response": 103
      }
    }
  },
  "valid_ground_truth": true,
  "valid_prediction": true,
  "validation_error": null,
  "iou": 0.6251511205718228,
  "precision": 0.6383932971548544,
  "recall": 0.9678848657734674,
  "f1_score": 0.7693452167723706,
  "positioning_error_m": 12.988858374095692,
  "worker_first_iou": 0.0,
  "worker_first_metrics": {
    "valid_ground_truth": true,
    "valid_prediction": true,
    "validation_error": null,
    "iou": 0.0,
    "precision": 0.0,
    "recall": 0.0,
    "f1_score": 0.0,
    "positioning_error_m": 1425.5039791195645
  }
}