{
  "sl_no": 8,
  "match_info": {
    "center": "live_locate:place:Folkestone Road",
    "zoom": 17,
    "rotation": 0,
    "n_inliers": 32,
    "score": 13.62,
    "scale_factor": 0.423,
    "avg_scale": 0.964,
    "window": [
      1848,
      1320
    ],
    "center_latlon": [
      51.11372535166229,
      1.2758398462194123
    ],
    "anchor_latlon": [
      51.1135,
      1.2685
    ],
    "_inlier_pts_map": [
      [
        1509.75,
        299.7857142857143
      ],
      [
        1534.5,
        299.7857142857143
      ],
      [
        1485.0,
        324.76785714285717
      ],
      [
        1509.75,
        324.76785714285717
      ],
      [
        1534.5,
        324.76785714285717
      ],
      [
        1559.25,
        324.76785714285717
      ],
      [
        1485.0,
        349.75
      ],
      [
        1509.75,
        349.75
      ],
      [
        1534.5,
        349.75
      ],
      [
        1559.25,
        349.75
      ],
      [
        1584.0,
        349.75
      ],
      [
        1608.75,
        349.75
      ],
      [
        1485.0,
        374.7321428571429
      ],
      [
        1509.75,
        374.7321428571429
      ],
      [
        1534.5,
        374.7321428571429
      ],
      [
        1559.25,
        374.7321428571429
      ],
      [
        1584.0,
        374.7321428571429
      ],
      [
        1608.75,
        374.7321428571429
      ],
      [
        1485.0,
        399.7142857142857
      ],
      [
        1509.75,
        399.7142857142857
      ],
      [
        1534.5,
        399.7142857142857
      ],
      [
        1559.25,
        399.7142857142857
      ],
      [
        1584.0,
        399.7142857142857
      ],
      [
        1608.75,
        399.7142857142857
      ],
      [
        1534.5,
        424.69642857142856
      ],
      [
        495.0,
        999.2857142857143
      ],
      [
        420.75,
        1024.267857142857
      ],
      [
        445.5,
        1024.267857142857
      ],
      [
        470.25,
        1024.267857142857
      ],
      [
        495.0,
        1024.267857142857
      ],
      [
        420.75,
        1049.25
      ],
      [
        445.5,
        1049.25
      ]
    ],
    "_rot_map_shape": [
      1399,
      1980
    ]
  },
  "processing_time": 374.7643482685089,
  "agent_accepted": true,
  "agent_reason": "[accepted] The planning boundary was identified on page 5, showing a 7.2-hectare site northwest of the A20 Folkestone Road in the parish of Hougham Without, Dover. Multipl",
  "agent_stats": {
    "position_calls": 1,
    "pdf_info": {
      "site_address": "Land Northwest of the A20 Folkestone Road, Hougham Without Parish, Dover",
      "postcodes": [],
      "grid_refs": [],
      "scale": "1:2500",
      "map_pages": [
        5
      ],
      "map_page_details": [
        {
          "page": 1,
          "category": "discard",
          "area_group": -1,
          "boundary_clarity": "none",
          "detail_level": "wide",
          "caption": "Cover page: Article 4 Direction No. 1 1992, Land Northwest of the A20 Folkestone Road, Hougham Without Parish, Dover."
        },
        {
          "page": 2,
          "category": "discard",
          "area_group": -1,
          "boundary_clarity": "none",
          "detail_level": "wide",
          "caption": "Text page: Direction details, mentioning 7.2 hectares and plan number 056/92."
        },
        {
          "page": 3,
          "category": "discard",
          "area_group": -1,
          "boundary_clarity": "none",
          "detail_level": "wide",
          "caption": "Schedule: Permitted development classes restricted."
        },
        {
          "page": 4,
          "category": "discard",
          "area_group": -1,
          "boundary_clarity": "none",
          "detail_level": "wide",
          "caption": "Seal and signature page."
        },
        {
          "page": 5,
          "category": "match",
          "area_group": 0,
          "boundary_clarity": "clear",
          "detail_level": "medium",
          "caption": "Site plan 056/92 at 1:2500 showing red boundary northwest of A20 Folkestone Road."
        }
      ],
      "road_names": [
        "A20 Folkestone Road"
      ],
      "place_names": [
        "Dover",
        "Hougham Without",
        "Broomfield Wood",
        "Hougham Lodge",
        "The Plough",
        "Gorse Park"
      ],
      "is_district_wide": false,
      "district_name": null,
      "house_number_road_pairs": [],
      "parish_names": [
        "Hougham Without"
      ],
      "admin_region": null,
      "likely_town_or_city": null,
      "visible_map_labels": [
        "A20 FOLKESTONE ROAD",
        "Broomfield Wood",
        "Hougham Lodge",
        "The Plough (PH)",
        "Gorse Park"
      ],
      "adjacency_hints": []
    },
    "outcome_status": "accepted",
    "outcome_reasoning": "The planning boundary was identified on page 5, showing a 7.2-hectare site northwest of the A20 Folkestone Road in the parish of Hougham Without, Dover. Multiple positioning attempts were made using landmarks like Broomfield Wood and the A20 Folkestone Road. The best match was achieved at (51.1135, 1.2685) with 32 RANSAC inliers and a high scale consistency of 0.93, which aligns well with the 1:2500 scale indicated in the PDF. Road name agreement was strong, with the A20 Folkestone Road correctly identified at the location. This candidate was committed to produce the final GeoJSON.",
    "rotation_checked": false,
    "tool_calls": {
      "submit_pdf_info": 1,
      "propose_centers": 4,
      "match_at": 4,
      "commit_match": 1,
      "final_result": 1
    },
    "total_tool_calls": 11,
    "n_turns": 23,
    "validator_retries": 0,
    "worker_request_tokens": 101265,
    "worker_response_tokens": 1227,
    "request_tokens": 101265,
    "response_tokens": 1227,
    "total_tokens": 102492
  },
  "valid_ground_truth": true,
  "valid_prediction": true,
  "validation_error": null,
  "iou": 0.0,
  "precision": 0.0,
  "recall": 0.0,
  "f1_score": 0.0,
  "positioning_error_m": 624.1814309308475
}