{
  "sl_no": 35,
  "match_info": {
    "center": "live_locate:place:Vale Road",
    "zoom": 18,
    "rotation": 0,
    "n_inliers": 141,
    "score": 59.27,
    "scale_factor": 0.743,
    "avg_scale": 1.1665,
    "window": [
      790,
      1106
    ],
    "center_latlon": [
      52.55543282525674,
      1.4373087362009187
    ],
    "anchor_latlon": [
      52.5565716096695,
      1.43578867342916
    ],
    "_inlier_pts_map": [
      [
        173.7,
        307.25
      ],
      [
        195.4125,
        307.25
      ],
      [
        217.125,
        307.25
      ],
      [
        369.11249999999995,
        307.25
      ],
      [
        195.4125,
        329.1964285714286
      ],
      [
        217.125,
        329.1964285714286
      ],
      [
        282.2625,
        329.1964285714286
      ],
      [
        325.6875,
        329.1964285714286
      ],
      [
        369.11249999999995,
        329.1964285714286
      ],
      [
        260.54999999999995,
        351.14285714285717
      ],
      [
        303.97499999999997,
        351.14285714285717
      ],
      [
        325.6875,
        351.14285714285717
      ],
      [
        347.4,
        351.14285714285717
      ],
      [
        369.11249999999995,
        351.14285714285717
      ],
      [
        390.825,
        351.14285714285717
      ],
      [
        412.53749999999997,
        351.14285714285717
      ],
      [
        434.25,
        351.14285714285717
      ],
      [
        455.9625,
        351.14285714285717
      ],
      [
        521.0999999999999,
        351.14285714285717
      ],
      [
        542.8125,
        351.14285714285717
      ],
      [
        825.0749999999999,
        351.14285714285717
      ],
      [
        868.5,
        351.14285714285717
      ],
      [
        1042.1999999999998,
        351.14285714285717
      ],
      [
        130.27499999999998,
        373.0892857142857
      ],
      [
        195.4125,
        373.0892857142857
      ],
      [
        303.97499999999997,
        373.0892857142857
      ],
      [
        325.6875,
        373.0892857142857
      ],
      [
        390.825,
        373.0892857142857
      ],
      [
        412.53749999999997,
        373.0892857142857
      ],
      [
        434.25,
        373.0892857142857
      ],
      [
        455.9625,
        373.0892857142857
      ],
      [
        499.3875,
        373.0892857142857
      ],
      [
        521.0999999999999,
        373.0892857142857
      ],
      [
        542.8125,
        373.0892857142857
      ],
      [
        564.525,
        373.0892857142857
      ],
      [
        825.0749999999999,
        373.0892857142857
      ],
      [
        86.85,
        395.03571428571433
      ],
      [
        108.5625,
        395.03571428571433
      ],
      [
        130.27499999999998,
        395.03571428571433
      ],
      [
        303.97499999999997,
        395.03571428571433
      ],
      [
        325.6875,
        395.03571428571433
      ],
      [
        347.4,
        395.03571428571433
      ],
      [
        390.825,
        395.03571428571433
      ],
      [
        412.53749999999997,
        395.03571428571433
      ],
      [
        434.25,
        395.03571428571433
      ],
      [
        455.9625,
        395.03571428571433
      ],
      [
        477.67499999999995,
        395.03571428571433
      ],
      [
        499.3875,
        395.03571428571433
      ],
      [
        521.0999999999999,
        395.03571428571433
      ],
      [
        542.8125,
        395.03571428571433
      ],
      [
        564.525,
        395.03571428571433
      ],
      [
        1172.475,
        395.03571428571433
      ],
      [
        1194.1875,
        395.03571428571433
      ],
      [
        1215.8999999999999,
        395.03571428571433
      ],
      [
        1237.6125,
        395.03571428571433
      ],
      [
        1259.3249999999998,
        395.03571428571433
      ],
      [
        65.13749999999999,
        416.9821428571429
      ],
      [
        108.5625,
        416.9821428571429
      ],
      [
        130.27499999999998,
        416.9821428571429
      ],
      [
        303.97499999999997,
        416.9821428571429
      ],
      [
        325.6875,
        416.9821428571429
      ],
      [
        347.4,
        416.9821428571429
      ],
      [
        369.11249999999995,
        416.9821428571429
      ],
      [
        390.825,
        416.9821428571429
      ],
      [
        412.53749999999997,
        416.9821428571429
      ],
      [
        434.25,
        416.9821428571429
      ],
      [
        455.9625,
        416.9821428571429
      ],
      [
        477.67499999999995,
        416.9821428571429
      ],
      [
        499.3875,
        416.9821428571429
      ],
      [
        521.0999999999999,
        416.9821428571429
      ],
      [
        542.8125,
        416.9821428571429
      ],
      [
        1194.1875,
        416.9821428571429
      ],
      [
        1215.8999999999999,
        416.9821428571429
      ],
      [
        1237.6125,
        416.9821428571429
      ],
      [
        1259.3249999999998,
        416.9821428571429
      ],
      [
        173.7,
        438.92857142857144
      ],
      [
        195.4125,
        438.92857142857144
      ],
      [
        369.11249999999995,
        438.92857142857144
      ],
      [
        412.53749999999997,
        438.92857142857144
      ],
      [
        434.25,
        438.92857142857144
      ],
      [
        1194.1875,
        438.92857142857144
      ],
      [
        1215.8999999999999,
        438.92857142857144
      ],
      [
        1237.6125,
        438.92857142857144
      ],
      [
        217.125,
        504.76785714285717
      ],
      [
        238.83749999999998,
        504.76785714285717
      ],
      [
        173.7,
        526.7142857142858
      ],
      [
        217.125,
        526.7142857142858
      ],
      [
        238.83749999999998,
        526.7142857142858
      ],
      [
        108.5625,
        548.6607142857143
      ],
      [
        217.125,
        548.6607142857143
      ],
      [
        238.83749999999998,
        548.6607142857143
      ],
      [
        86.85,
        570.6071428571429
      ],
      [
        108.5625,
        592.5535714285714
      ],
      [
        260.54999999999995,
        614.5
      ],
      [
        238.83749999999998,
        636.4464285714287
      ],
      [
        260.54999999999995,
        636.4464285714287
      ],
      [
        260.54999999999995,
        658.3928571428572
      ],
      [
        282.2625,
        658.3928571428572
      ],
      [
        325.6875,
        658.3928571428572
      ],
      [
        347.4,
        658.3928571428572
      ],
      [
        434.25,
        658.3928571428572
      ],
      [
        455.9625,
        658.3928571428572
      ],
      [
        477.67499999999995,
        658.3928571428572
      ],
      [
        499.3875,
        658.3928571428572
      ],
      [
        282.2625,
        680.3392857142858
      ],
      [
        303.97499999999997,
        680.3392857142858
      ],
      [
        325.6875,
        680.3392857142858
      ],
      [
        347.4,
        680.3392857142858
      ],
      [
        369.11249999999995,
        680.3392857142858
      ],
      [
        477.67499999999995,
        680.3392857142858
      ],
      [
        499.3875,
        680.3392857142858
      ],
      [
        521.0999999999999,
        680.3392857142858
      ],
      [
        542.8125,
        680.3392857142858
      ],
      [
        238.83749999999998,
        702.2857142857143
      ],
      [
        303.97499999999997,
        702.2857142857143
      ],
      [
        369.11249999999995,
        702.2857142857143
      ],
      [
        499.3875,
        702.2857142857143
      ],
      [
