{
  "sl_no": 128,
  "match_info": {
    "center": "live_locate:place:Moss Hall Crescent",
    "zoom": 18,
    "rotation": 0,
    "n_inliers": 98,
    "score": 40.45,
    "scale_factor": 0.728,
    "avg_scale": 0.8755,
    "window": [
      966,
      805
    ],
    "center_latlon": [
      51.61052165931291,
      -0.18085045408383849
    ],
    "anchor_latlon": [
      51.610151112622,
      -0.181255980741654
    ],
    "_inlier_pts_map": [
      [
        859.2857142857143,
        191.475
      ],
      [
        859.2857142857143,
        212.75
      ],
      [
        880.7678571428571,
        212.75
      ],
      [
        794.8392857142858,
        234.02499999999998
      ],
      [
        816.3214285714286,
        234.02499999999998
      ],
      [
        837.8035714285714,
        234.02499999999998
      ],
      [
        859.2857142857143,
        234.02499999999998
      ],
      [
        880.7678571428571,
        234.02499999999998
      ],
      [
        837.8035714285714,
        255.29999999999998
      ],
      [
        816.3214285714286,
        319.125
      ],
      [
        816.3214285714286,
        340.4
      ],
      [
        794.8392857142858,
        361.67499999999995
      ],
      [
        773.3571428571429,
        425.5
      ],
      [
        193.33928571428572,
        489.325
      ],
      [
        214.82142857142858,
        489.325
      ],
      [
        257.7857142857143,
        489.325
      ],
      [
        236.30357142857144,
        510.59999999999997
      ],
      [
        966.6964285714286,
        510.59999999999997
      ],
      [
        193.33928571428572,
        531.875
      ],
      [
        214.82142857142858,
        531.875
      ],
      [
        1117.0714285714287,
        531.875
      ],
      [
        193.33928571428572,
        553.15
      ],
      [
        214.82142857142858,
        553.15
      ],
      [
        236.30357142857144,
        553.15
      ],
      [
        988.1785714285714,
        553.15
      ],
      [
        214.82142857142858,
        574.425
      ],
      [
        236.30357142857144,
        574.425
      ],
      [
        279.26785714285717,
        574.425
      ],
      [
        300.75,
        574.425
      ],
      [
        279.26785714285717,
        616.9749999999999
      ],
      [
        988.1785714285714,
        616.9749999999999
      ],
      [
        1009.6607142857143,
        616.9749999999999
      ],
      [
        472.6071428571429,
        638.25
      ],
      [
        494.0892857142857,
        638.25
      ],
      [
        644.4642857142858,
        638.25
      ],
      [
        665.9464285714286,
        638.25
      ],
      [
        1095.5892857142858,
        638.25
      ],
      [
        1117.0714285714287,
        638.25
      ],
      [
        472.6071428571429,
        659.525
      ],
      [
        494.0892857142857,
        659.525
      ],
      [
        622.9821428571429,
        659.525
      ],
      [
        644.4642857142858,
        659.525
      ],
      [
        665.9464285714286,
        659.525
      ],
      [
        1117.0714285714287,
        659.525
      ],
      [
        494.0892857142857,
        680.8
      ],
      [
        1074.107142857143,
        702.0749999999999
      ],
      [
        1074.107142857143,
        723.3499999999999
      ],
      [
        1095.5892857142858,
        723.3499999999999
      ],
      [
        1095.5892857142858,
        744.625
      ],
      [
        1117.0714285714287,
        744.625
      ],
      [
        1052.625,
        765.9
      ],
      [
        1074.107142857143,
        765.9
      ],
      [
        1095.5892857142858,
        765.9
      ],
      [
        1117.0714285714287,
        765.9
      ],
      [
        1074.107142857143,
        787.175
      ],
      [
        1095.5892857142858,
        787.175
      ],
      [
        601.5,
        808.4499999999999
      ],
      [
        644.4642857142858,
        851.0
      ],
      [
        665.9464285714286,
        851.0
      ],
      [
        966.6964285714286,
        851.0
      ],
      [
        988.1785714285714,
        851.0
      ],
      [
        1009.6607142857143,
        851.0
      ],
      [
        1052.625,
        851.0
      ],
      [
        644.4642857142858,
        872.275
      ],
      [
        665.9464285714286,
        872.275
      ],
      [
        687.4285714285714,
        872.275
      ],
      [
        966.6964285714286,
        872.275
      ],
      [
        988.1785714285714,
        872.275
      ],
      [
        1009.6607142857143,
        872.275
      ],
      [
        665.9464285714286,
        893.55
      ],
      [
        687.4285714285714,
        1042.475
      ],
      [
        730.3928571428571,
        1042.475
      ],
      [
        429.64285714285717,
        1212.675
      ],
      [
        343.7142857142857,
        1233.9499999999998
      ],
      [
        365.19642857142856,
        1233.9499999999998
      ],
      [
        386.67857142857144,
        1233.9499999999998
      ],
      [
        429.64285714285717,
        1233.9499999999998
      ],
      [
        451.125,
        1233.9499999999998
      ],
      [
        343.7142857142857,
        1255.225
      ],
      [
        365.19642857142856,
        1255.225
      ],
      [
        386.67857142857144,
        1255.225
      ],
      [
        408.1607142857143,
        1255.225
      ],
      [
        429.64285714285717,
        1255.225
      ],
      [
        451.125,
        1255.225
      ],
      [
        365.19642857142856,
        1276.5
      ],
      [
        386.67857142857144,
        1276.5
      ],
      [
        408.1607142857143,
        1276.5
      ],
      [
        494.0892857142857,
        1276.5
      ],
      [
        515.5714285714286,
        1276.5
      ],
      [
        365.19642857142856,
        1297.7749999999999
      ],
      [
        386.67857142857144,
        1297.7749999999999
      ],
      [
        408.1607142857143,
        1297.7749999999999
      ],
      [
        343.7142857142857,
        1319.05
      ],
      [
        365.19642857142856,
        1319.05
      ],
      [
        386.67857142857144,
        1319.05
      ],
      [
        365.19642857142856,
        1340.3249999999998
      ],
      [
        365.19642857142856,
        1361.6
      ],
      [
        665.9464285714286,
        1446.6999999999998
      ]
    ],
    "_rot_map_shape": [
      1702,
      1203
    ]
  },
  "processing_time": 115.6885449886322,
  "agent_accepted": true,
  "agent_reason": "[accepted] The planning boundary covers the Moss Hall Crescent Conservation Area in the London Borough of Barnet. I identified the primary map on page 5, which clearly sho",
  "agent_stats": {
    "position_calls": 1,
    "pdf_info": {
      "site_address": "Moss Hall Crescent, London Borough of Barnet",
      "postcodes": [],
      "grid_refs": [],
      "scale": null,
      "map_pages": [
        5
      ],
      "map_page_details": [
        {
          "page": 5,
          "category": "match",
          "area_group": 0,
          "boundary_clarity": "clear",
          "detail_level": "close",
          "caption": "Site plan showing Moss Hall Crescent Conservation Area and properties covered by Article 4 direction."
        }
      ],
      "road_names": [
        "Moss Hall Crescent",
        "Alexandra Grove",
        "Ballards Lane",
        "Hutton Grove",
        "Thyra Grove Burnbrae Close",
        "Woodberry Gardens",
        "Montrose Crescent",
        "Granville Road",
        "Christchurch Avenue"
      ],
      "place_names": [
        "Moss Hall Crescent Conservation Area",
        "Beatrice Lodge",
        "Vine Lodge",
        "Saint Pius",
        "Blasland Court",
        "Dauges Butler",
        "Sherose House"
      ],
      "is_district_wide": false,