{
  "sl_no": 247,
  "match_info": {
    "center": "live_locate:intersect:Princes Drive x Waldershare Av",
    "zoom": 17,
    "rotation": 0,
    "n_inliers": 21,
    "score": 9.1,
    "scale_factor": 0.425,
    "avg_scale": 0.985,
    "window": [
      1365,
      315
    ],
    "center_latlon": [
      51.27100179048126,
      1.3839958515443698
    ],
    "anchor_latlon": [
      51.2664,
      1.3865
    ],
    "_inlier_pts_map": [
      [
        902.5714285714287,
        2086.35
      ],
      [
        902.5714285714287,
        2136.025
      ],
      [
        902.5714285714287,
        2185.7
      ],
      [
        702.0,
        2235.375
      ],
      [
        852.4285714285714,
        2235.375
      ],
      [
        902.5714285714287,
        2235.375
      ],
      [
        802.2857142857143,
        2285.0499999999997
      ],
      [
        852.4285714285714,
        2285.0499999999997
      ],
      [
        902.5714285714287,
        2285.0499999999997
      ],
      [
        802.2857142857143,
        2334.725
      ],
      [
        852.4285714285714,
        2334.725
      ],
      [
        902.5714285714287,
        2334.725
      ],
      [
        902.5714285714287,
        2384.3999999999996
      ],
      [
        501.42857142857144,
        2781.7999999999997
      ],
      [
        1153.2857142857144,
        3079.85
      ],
      [
        1203.4285714285716,
        3079.85
      ],
      [
        1253.5714285714287,
        3079.85
      ],
      [
        1153.2857142857144,
        3129.5249999999996
      ],
      [
        1203.4285714285716,
        3129.5249999999996
      ],
      [
        1253.5714285714287,
        3129.5249999999996
      ],
      [
        1203.4285714285716,
        3179.2
      ]
    ],
    "_rot_map_shape": [
      3974,
      1404
    ]
  },
  "processing_time": 113.41477584838867,
  "agent_accepted": true,
  "agent_reason": "[accepted] The planning map on page 6 shows a large hatched area covering the Sandwich Bay Estate. I performed three match attempts. The first two attempts (centered on th",
  "agent_stats": {
    "position_calls": 1,
    "pdf_info": {
      "site_address": "Land at Sandwich Bay in the Parish of Worth, Dover, Kent",
      "postcodes": [],
      "grid_refs": [],
      "scale": "1:2500",
      "map_pages": [
        6
      ],
      "map_page_details": [
        {
          "page": 6,
          "category": "match",
          "area_group": 0,
          "boundary_clarity": "clear",
          "detail_level": "medium",
          "caption": "Site plan at 1:2500 showing red boundary and hatching at Sandwich Bay Estate."
        }
      ],
      "road_names": [
        "Princes Drive",
        "Waldershare Avenue",
        "Cambridge Avenue"
      ],
      "place_names": [
        "Sandwich Bay Estate",
        "Sandwich Bay",
        "Dickson's Corner",
        "Sandwich Bay Bird Observatory",
        "Pegwell Bay"
      ],
      "is_district_wide": false,
      "district_name": null,
      "house_number_road_pairs": [],
      "parish_names": [
        "Worth"
      ],
      "admin_region": null,
      "likely_town_or_city": null,
      "visible_map_labels": [
        "Sandwich Bay Estate",
        "Waldershare Avenue",
        "Cambridge Avenue",
        "Princes Drive",
        "Dickson's Corner"
      ],
      "adjacency_hints": []
    },
    "outcome_status": "accepted",
    "outcome_reasoning": "The planning map on page 6 shows a large hatched area covering the Sandwich Bay Estate. I performed three match attempts. The first two attempts (centered on the estate and a key intersection) yielded perfect road name agreement (3/3 roads: Princes Drive, Waldershare Avenue, Cambridge Avenue) and excellent scale consistency (~0.97). Although the RANSAC inlier counts were low (max 21), this is consistent with a large-scale map where the boundary covers a significant portion of the visible cartography, leaving fewer features for matching. The second attempt (candidate 1) provided the highest inlier count and was committed. The result correctly positions the estate-wide boundary at Sandwich Bay.",
    "rotation_checked": false,
    "tool_calls": {
      "submit_pdf_info": 1,
      "propose_centers": 3,
      "match_at": 3,
      "commit_match": 1,
      "final_result": 1
    },
    "total_tool_calls": 9,
    "n_turns": 19,
    "validator_retries": 0,
    "worker_request_tokens": 81712,
    "worker_response_tokens": 792,
    "request_tokens": 81712,
    "response_tokens": 792,
    "total_tokens": 82504
  },
  "valid_ground_truth": true,
  "valid_prediction": true,
  "validation_error": null,
  "iou": 0.8887067124638302,
  "precision": 0.8915429540824711,
  "recall": 0.9964331024154697,
  "f1_score": 0.9410743410813147,
  "positioning_error_m": 10.309286094609227
}