{
  "sl_no": 3,
  "match_info": {
    "center": "live_locate:place:Martin Mill",
    "zoom": 17,
    "rotation": 0,
    "n_inliers": 61,
    "score": 26.64,
    "scale_factor": 0.424,
    "avg_scale": 0.9964,
    "window": [
      171,
      855
    ],
    "center_latlon": [
      51.1712188886292,
      1.3422076380066983
    ],
    "anchor_latlon": [
      51.1699739502337,
      1.34886729182555
    ],
    "_inlier_pts_map": [
      [
        561.6964285714286,
        284.33750000000003
      ],
      [
        574.1785714285714,
        284.33750000000003
      ],
      [
        586.6607142857143,
        284.33750000000003
      ],
      [
        561.6964285714286,
        296.70000000000005
      ],
      [
        574.1785714285714,
        296.70000000000005
      ],
      [
        586.6607142857143,
        296.70000000000005
      ],
      [
        561.6964285714286,
        309.0625
      ],
      [
        574.1785714285714,
        309.0625
      ],
      [
        586.6607142857143,
        309.0625
      ],
      [
        561.6964285714286,
        321.425
      ],
      [
        574.1785714285714,
        321.425
      ],
      [
        586.6607142857143,
        321.425
      ],
      [
        561.6964285714286,
        333.7875
      ],
      [
        574.1785714285714,
        333.7875
      ],
      [
        586.6607142857143,
        333.7875
      ],
      [
        561.6964285714286,
        346.15000000000003
      ],
      [
        574.1785714285714,
        346.15000000000003
      ],
      [
        586.6607142857143,
        346.15000000000003
      ],
      [
        561.6964285714286,
        358.51250000000005
      ],
      [
        574.1785714285714,
        358.51250000000005
      ],
      [
        586.6607142857143,
        358.51250000000005
      ],
      [
        561.6964285714286,
        370.875
      ],
      [
        574.1785714285714,
        370.875
      ],
      [
        561.6964285714286,
        383.2375
      ],
      [
        574.1785714285714,
        383.2375
      ],
      [
        611.625,
        420.32500000000005
      ],
      [
        586.6607142857143,
        432.6875
      ],
      [
        486.80357142857144,
        704.6625
      ],
      [
        511.76785714285717,
        704.6625
      ],
      [
        524.25,
        704.6625
      ],
      [
        511.76785714285717,
        717.0250000000001
      ],
      [
        524.25,
        717.0250000000001
      ],
      [
        511.76785714285717,
        729.3875
      ],
      [
        524.25,
        729.3875
      ],
      [
        636.5892857142858,
        778.8375000000001
      ],
      [
        649.0714285714286,
        778.8375000000001
      ],
      [
        661.5535714285714,
        778.8375000000001
      ],
      [
        224.67857142857144,
        791.2
      ],
      [
        636.5892857142858,
        791.2
      ],
      [
        649.0714285714286,
        791.2
      ],
      [
        661.5535714285714,
        791.2
      ],
      [
        224.67857142857144,
        803.5625
      ],
      [
        636.5892857142858,
        803.5625
      ],
      [
        649.0714285714286,
        803.5625
      ],
      [
        661.5535714285714,
        803.5625
      ],
      [
        212.19642857142858,
        815.9250000000001
      ],
      [
        224.67857142857144,
        815.9250000000001
      ],
      [
        237.1607142857143,
        815.9250000000001
      ],
      [
        249.64285714285717,
        815.9250000000001
      ],
      [
        649.0714285714286,
        815.9250000000001
      ],
      [
        661.5535714285714,
        815.9250000000001
      ],
      [
        224.67857142857144,
        828.2875
      ],
      [
        249.64285714285717,
        828.2875
      ],
      [
        262.125,
        828.2875
      ],
      [
        661.5535714285714,
        828.2875
      ],
      [
        212.19642857142858,
        840.6500000000001
      ],
      [
        249.64285714285717,
        840.6500000000001
      ],
      [
        262.125,
        840.6500000000001
      ],
      [
        274.6071428571429,
        840.6500000000001
      ],
      [
        262.125,
        853.0125
      ],
      [
        636.5892857142858,
        853.0125
      ]
    ],
    "_rot_map_shape": [
      989,
      699
    ]
  },
  "processing_time": 240.76831984519958,
  "agent_accepted": true,
  "agent_reason": "[accepted] The site is a large rural area between East Langdon, Martin, and Martin Mill. I tested three locations: East Langdon (46 inliers), a central road (46 inliers), ",
  "agent_stats": {
    "position_calls": 1,
    "pdf_info": {
      "site_address": "Land in the Parish of Langdon, between the villages of Martin, Martin Mill and East Langdon",
      "postcodes": [],
      "grid_refs": [
        "TR 3346"
      ],
      "scale": "1:2500",
      "map_pages": [
        7
      ],
      "map_page_details": [
        {
          "page": 6,
          "category": "discard",
          "area_group": -1,
          "boundary_clarity": "none",
          "detail_level": "medium",
          "caption": "Title block for map 111/79 showing scale and OS sheet reference."
        },
        {
          "page": 7,
          "category": "match",
          "area_group": 0,
          "boundary_clarity": "clear",
          "detail_level": "close",
          "caption": "Detailed site plan showing stippled area between Martin, Martin Mill and East Langdon."
        }
      ],
      "road_names": [],
      "place_names": [
        "Martin",
        "Martin Mill",
        "East Langdon",
        "The Grange",
        "East Langdon County Primary School"
      ],
      "is_district_wide": false,
      "district_name": null,
      "house_number_road_pairs": [],
      "parish_names": [
        "Langdon"
      ],
      "admin_region": "Dover",
      "likely_town_or_city": "East Langdon",
      "visible_map_labels": [
        "The Grange",
        "East Langdon County Primary School",
        "Stone"
      ],
      "adjacency_hints": [
        "Martin",
        "Martin Mill",
        "East Langdon"
      ]
    },
    "reader_request_tokens": 7666,
    "reader_response_tokens": 327,
    "locate_n_calls": 3,
    "locate_request_tokens": 39734,
    "locate_response_tokens": 760,
    "locate_calls": [
      {
        "request_tokens": 14859,
        "response_tokens": 330,
        "n_messages": 11,
        "generation_id": "gen-1779678051-8DSMjt7CtGr3sRASrUw1"
      },
      {
        "request_tokens": 11508,
        "response_tokens": 267,
        "n_messages": 18,
        "generation_id": "gen-1779678128-iNOophMh5iIu18t4MM1J"
      },
      {
        "request_tokens": 13367,
        "response_tokens": 163,
        "n_messages": 24,
        "generation_id": "gen-1779678196-7yNDnYot9HnpkfFdNESc"
      }
    ],
    "outcome_status": "accepted",
    "outcome_reasoning": "The site is a large rural area between East Langdon, Martin, and Martin Mill. I tested three locations: East Langdon (46 inliers), a central road (46 inliers), and Martin Mill (61 inliers). All attempts showed excellent scale consistency (~0.99), confirming the 1:2500 scale. The Martin Mill candidate (ID 2) provided the strongest match (61 inliers, OK tier) and was committed. The road name agreement was neutral (0.5) due to the lack of road names in the PDF extraction, which is expected for a rural site plan.",
    "rotation_checked": false,
    "tool_calls": {
      "propose_centers": 3,
      "match_at": 3,
      "commit_match": 1,
      "final_result": 1
    },
    "total_tool_calls": 8,
    "n_turns": 17,
    "validator_retries": 0,
    "worker_request_tokens": 42893,
    "worker_response_tokens": 608,
    "request_tokens": 90293,
    "response_tokens": 1695,
    "total_tokens": 91988,
    "critic": {
      "n_rejections": 0,
      "iterations": [
        {
          "iter_idx": 0,