{
  "sl_no": 85,
  "match_info": {
    "center": "live_locate:place:Walderchain Wood",
    "zoom": 17,
    "rotation": 0,
    "n_inliers": 55,
    "score": 21.59,
    "scale_factor": 0.424,
    "avg_scale": 0.9918,
    "window": [
      0,
      274
    ],
    "center_latlon": [
      51.19277334103158,
      1.1513431057159949
    ],
    "anchor_latlon": [
      51.190904998257,
      1.15988815138737
    ],
    "_inlier_pts_map": [
      [
        1016.2875,
        225.32142857142856
      ],
      [
        1388.1000000000001,
        225.32142857142856
      ],
      [
        1412.8875,
        225.32142857142856
      ],
      [
        1388.1000000000001,
        250.35714285714283
      ],
      [
        1388.1000000000001,
        275.3928571428571
      ],
      [
        1412.8875,
        275.3928571428571
      ],
      [
        1338.525,
        300.42857142857144
      ],
      [
        1363.3125,
        300.42857142857144
      ],
      [
        1388.1000000000001,
        300.42857142857144
      ],
      [
        1363.3125,
        350.5
      ],
      [
        1363.3125,
        375.5357142857143
      ],
      [
        1363.3125,
        400.57142857142856
      ],
      [
        1388.1000000000001,
        400.57142857142856
      ],
      [
        1437.6750000000002,
        450.6428571428571
      ],
      [
        1412.8875,
        475.6785714285714
      ],
      [
        1561.6125000000002,
        500.71428571428567
      ],
      [
        1586.4,
        500.71428571428567
      ],
      [
        1512.0375000000001,
        525.75
      ],
      [
        1536.825,
        525.75
      ],
      [
        1561.6125000000002,
        525.75
      ],
      [
        1586.4,
        525.75
      ],
      [
        1512.0375000000001,
        550.7857142857142
      ],
      [
        1536.825,
        550.7857142857142
      ],
      [
        1561.6125000000002,
        550.7857142857142
      ],
      [
        1586.4,
        550.7857142857142
      ],
      [
        1512.0375000000001,
        575.8214285714286
      ],
      [
        1536.825,
        575.8214285714286
      ],
      [
        1561.6125000000002,
        575.8214285714286
      ],
      [
        1586.4,
        575.8214285714286
      ],
      [
        966.7125000000001,
        600.8571428571429
      ],
      [
        991.5,
        600.8571428571429
      ],
      [
        1016.2875,
        600.8571428571429
      ],
      [
        1512.0375000000001,
        600.8571428571429
      ],
      [
        1536.825,
        600.8571428571429
      ],
      [
        1561.6125000000002,
        600.8571428571429
      ],
      [
        966.7125000000001,
        625.8928571428571
      ],
      [
        991.5,
        625.8928571428571
      ],
      [
        1016.2875,
        625.8928571428571
      ],
      [
        1041.075,
        625.8928571428571
      ],
      [
        1536.825,
        625.8928571428571
      ],
      [
        1561.6125000000002,
        625.8928571428571
      ],
      [
        1586.4,
        625.8928571428571
      ],
      [
        966.7125000000001,
        650.9285714285714
      ],
      [
        991.5,
        650.9285714285714
      ],
      [
        1016.2875,
        650.9285714285714
      ],
      [
        1041.075,
        650.9285714285714
      ],
      [
        1561.6125000000002,
        650.9285714285714
      ],
      [
        991.5,
        675.9642857142857
      ],
      [
        1016.2875,
        675.9642857142857
      ],
      [
        1536.825,
        675.9642857142857
      ],
      [
        1561.6125000000002,
        675.9642857142857
      ],
      [
        991.5,
        701.0
      ],
      [
        1016.2875,
        701.0
      ],
      [
        1561.6125000000002,
        701.0
      ],
      [
        991.5,
        726.0357142857142
      ]
    ],
    "_rot_map_shape": [
      1402,
      1983
    ]
  },
  "processing_time": 178.69166779518127,
  "agent_accepted": true,
  "agent_reason": "[accepted] The site is located at Walderchain Wood, straddling the boundary of Barham and Denton with Wootton parishes. Two candidates were tested: one based on the place ",
  "agent_stats": {
    "position_calls": 1,
    "pdf_info": {
      "site_address": "Land at Walderchain Wood, Barham Parish, City of Canterbury and Denton with Wootton Parish, Dover District",
      "postcodes": [
        "CT16 3PJ"
      ],
      "grid_refs": [
        "TR 2048"
      ],
      "scale": "1:2500",
      "map_pages": [
        5
      ],
      "map_page_details": [
        {
          "page": 5,
          "category": "match",
          "area_group": 0,
          "boundary_clarity": "clear",
          "detail_level": "medium",
          "caption": "Site plan 172/90 showing cross-hatched area at Walderchain Wood, Barham Parish and Denton with Wootton Parish."
        }
      ],
      "road_names": [],
      "place_names": [
        "Walderchain Wood",
        "Barham Parish",
        "Denton with Wootton Parish",
        "Canterbury City Council area",
        "Dover District Council area"
      ],
      "is_district_wide": false,
      "district_name": null,
      "house_number_road_pairs": [],
      "parish_names": [
        "Barham",
        "Denton with Wootton"
      ],
      "admin_region": "Dover",
      "likely_town_or_city": "Barham",
      "visible_map_labels": [
        "Walderchain Wood",
        "Barham Parish",
        "Denton with Wootton Parish",
        "Canterbury City Council area",
        "Dover District Council area"
      ],
      "adjacency_hints": [
        "Walderchain Wood"
      ]
    },
    "reader_request_tokens": 6076,
    "reader_response_tokens": 323,
    "outcome_status": "accepted",
    "outcome_reasoning": "The site is located at Walderchain Wood, straddling the boundary of Barham and Denton with Wootton parishes. Two candidates were tested: one based on the place name 'Walderchain Wood' and one based on the grid reference 'TR 20 48'. The place name candidate (ID 0) yielded a stronger match with 55 inliers and excellent scale consistency (0.98), aligning perfectly with the 1:2500 map scale. The grid reference candidate (ID 1) was slightly weaker with 44 inliers. I have committed the stronger match.",
    "rotation_checked": false,
    "tool_calls": {
      "propose_centers": 2,
      "match_at": 2,
      "commit_match": 1,
      "final_result": 1
    },
    "total_tool_calls": 6,
    "n_turns": 13,
    "validator_retries": 0,
    "worker_request_tokens": 31049,
    "worker_response_tokens": 405,
    "request_tokens": 37125,
    "response_tokens": 728,
    "total_tokens": 37853,
    "critic": {
      "n_rejections": 0,
      "iterations": [
        {
          "iter_idx": 0,
          "action": "approve",
          "chosen_candidate_id": 0,
          "reasoning": "Candidate 0 shows strong visual alignment with the woodland edge and field boundaries. Specifically, the western boundary of the plot follows the edge of the large wooded area clearly visible in both the planning map and the OS tile. The n_inliers (55) and high scale_consistency (0.98) further support this match.",
          "wall_s": 2.8,
          "llm_error": null
        }
      ],
      "tokens": {
        "request": 4063,
        "response": 98
      }
    }
  },
  "valid_ground_truth": true,
  "valid_prediction": true,
  "validation_error": null,
  "iou": 0.23717402253889933,
  "precision": 0.2550876437608733,
  "recall": 0.771550098011833,
  "f1_score": 0.3834125486278547,
  "positioning_error_m": 146.6783608174642,
  "worker_first_iou": 0.23717402253889933,
  "worker_first_metrics": {
    "valid_ground_truth": true,
    "valid_prediction": true,
    "validation_error": null,
    "iou": 0.23717402253889933,
    "precision": 0.2550876437608733,
    "recall": 0.771550098011833,
    "f1_score": 0.3834125486278547,
    "positioning_error_m": 146.6783608174642
  }
}