{
  "sl_no": 224,
  "match_info": {
    "center": "live_locate:place:Beesonend Lane",
    "zoom": 16,
    "rotation": 0,
    "n_inliers": 15,
    "score": 6.65,
    "scale_factor": 0.86,
    "avg_scale": 0.9869,
    "window": [
      137,
      959
    ],
    "center_latlon": [
      51.79565675580964,
      -0.36367901636904776
    ],
    "anchor_latlon": [
      51.7938124272456,
      -0.353646772125471
    ],
    "_inlier_pts_map": [
      [
        831.4821428571429,
        570.4
      ],
      [
        856.6785714285714,
        570.4
      ],
      [
        881.875,
        570.4
      ],
      [
        856.6785714285714,
        595.2
      ],
      [
        881.875,
        595.2
      ],
      [
        856.6785714285714,
        620.0
      ],
      [
        881.875,
        620.0
      ],
      [
        856.6785714285714,
        644.8000000000001
      ],
      [
        881.875,
        644.8000000000001
      ],
      [
        302.3571428571429,
        818.4
      ],
      [
        1108.642857142857,
        1661.6000000000001
      ],
      [
        1133.8392857142858,
        1661.6000000000001
      ],
      [
        1108.642857142857,
        1686.4
      ],
      [
        1133.8392857142858,
        1686.4
      ],
      [
        1133.8392857142858,
        1711.2
      ]
    ],
    "_rot_map_shape": [
      1984,
      1411
    ]
  },
  "processing_time": 381.11883902549744,
  "agent_accepted": true,
  "agent_reason": "[accepted] a",
  "agent_stats": {
    "position_calls": 1,
    "pdf_info": {
      "site_address": "Nos 1-6 Beesonend Cottages, Redbourn Parish, St. Albans",
      "postcodes": [
        "AL1 3JE"
      ],
      "grid_refs": [],
      "scale": null,
      "map_pages": [
        4
      ],
      "map_page_details": [
        {
          "page": 4,
          "category": "match",
          "area_group": 0,
          "boundary_clarity": "clear",
          "detail_level": "medium",
          "caption": "OS-based map showing Article 4 boundary around Beesonend Cottages and surrounding land."
        }
      ],
      "road_names": [
        "Cumberland Road"
      ],
      "place_names": [
        "Beesonend Cottages",
        "Beesonend",
        "Harpenden Common"
      ],
      "is_district_wide": false,
      "district_name": null,
      "house_number_road_pairs": [
        "1-6 Beesonend Cottages"
      ],
      "parish_names": [
        "Redbourn"
      ],
      "admin_region": "St. Albans",
      "likely_town_or_city": "St Albans",
      "visible_map_labels": [
        "Article 4 Boundary",
        "Cumberland Road",
        "Harpenden Common"
      ],
      "adjacency_hints": []
    },
    "reader_request_tokens": 5544,
    "reader_response_tokens": 262,
    "outcome_status": "accepted",
    "outcome_reasoning": "a",
    "rotation_checked": false,
    "tool_calls": {
      "propose_centers": 4,
      "match_at": 3,
      "commit_match": 1,
      "final_result": 2
    },
    "total_tool_calls": 10,
    "n_turns": 22,
    "validator_retries": 0,
    "worker_request_tokens": 48686,
    "worker_response_tokens": 670,
    "request_tokens": 54230,
    "response_tokens": 932,
    "total_tokens": 55162,
    "critic": {
      "n_rejections": 1,
      "iterations": [
        {
          "iter_idx": 0,
          "action": "retry_locate",
          "chosen_candidate_id": 0,
          "reasoning": "All candidates show extremely low n_inliers (14-15) and zero road name agreement. Visually, the planning map shows a distinct field pattern and a road junction in the bottom left, but the OS tiles for all candidates land in generic open space or unrelated residential edges where these features do not align. Candidate 0 and 2 are identical and place the site in an empty field that lacks the surrounding building clusters and road geometry seen on any part of the plan.",
          "wall_s": 3.0,
          "llm_error": null,
          "geojson_changed": false
        }
      ],
      "tokens": {
        "request": 5224,
        "response": 130
      }
    }
  },
  "valid_ground_truth": true,
  "valid_prediction": true,
  "validation_error": null,
  "iou": 0.0,
  "precision": 0.0,
  "recall": 0.0,
  "f1_score": 0.0,
  "positioning_error_m": 1428.1395900806929,
  "worker_first_iou": 0.0,
  "worker_first_metrics": {
    "valid_ground_truth": true,
    "valid_prediction": true,
    "validation_error": null,
    "iou": 0.0,
    "precision": 0.0,
    "recall": 0.0,
    "f1_score": 0.0,
    "positioning_error_m": 1428.1395900806929
  }
}