{
  "sl_no": 204,
  "match_info": {
    "center": "live_locate:place:Childwick Green",
    "zoom": 17,
    "rotation": 0,
    "n_inliers": 111,
    "score": 46.84,
    "scale_factor": 0.43,
    "avg_scale": 1.0257,
    "window": [
      2792,
      3141
    ],
    "center_latlon": [
      51.77456487182806,
      -0.3377220467112352
    ],
    "anchor_latlon": [
      51.7836106660699,
      -0.34688530272621
    ],
    "_inlier_pts_map": [
      [
        503.57142857142856,
        448.2
      ],
      [
        490.98214285714283,
        460.65
      ],
      [
        503.57142857142856,
        460.65
      ],
      [
        516.1607142857142,
        460.65
      ],
      [
        629.4642857142857,
        460.65
      ],
      [
        503.57142857142856,
        473.09999999999997
      ],
      [
        553.9285714285714,
        473.09999999999997
      ],
      [
        579.1071428571428,
        473.09999999999997
      ],
      [
        591.6964285714286,
        473.09999999999997
      ],
      [
        616.875,
        473.09999999999997
      ],
      [
        503.57142857142856,
        485.54999999999995
      ],
      [
        516.1607142857142,
        485.54999999999995
      ],
      [
        528.75,
        485.54999999999995
      ],
      [
        541.3392857142857,
        485.54999999999995
      ],
      [
        553.9285714285714,
        485.54999999999995
      ],
      [
        566.5178571428571,
        485.54999999999995
      ],
      [
        579.1071428571428,
        485.54999999999995
      ],
      [
        591.6964285714286,
        485.54999999999995
      ],
      [
        604.2857142857142,
        485.54999999999995
      ],
      [
        629.4642857142857,
        485.54999999999995
      ],
      [
        478.3928571428571,
        498.0
      ],
      [
        490.98214285714283,
        498.0
      ],
      [
        503.57142857142856,
        498.0
      ],
      [
        516.1607142857142,
        498.0
      ],
      [
        528.75,
        498.0
      ],
      [
        541.3392857142857,
        498.0
      ],
      [
        553.9285714285714,
        498.0
      ],
      [
        566.5178571428571,
        498.0
      ],
      [
        591.6964285714286,
        498.0
      ],
      [
        604.2857142857142,
        498.0
      ],
      [
        616.875,
        498.0
      ],
      [
        629.4642857142857,
        498.0
      ],
      [
        478.3928571428571,
        510.45
      ],
      [
        490.98214285714283,
        510.45
      ],
      [
        503.57142857142856,
        510.45
      ],
      [
        516.1607142857142,
        510.45
      ],
      [
        528.75,
        510.45
      ],
      [
        541.3392857142857,
        510.45
      ],
      [
        553.9285714285714,
        510.45
      ],
      [
        566.5178571428571,
        510.45
      ],
      [
        579.1071428571428,
        510.45
      ],
      [
        604.2857142857142,
        510.45
      ],
      [
        616.875,
        510.45
      ],
      [
        629.4642857142857,
        510.45
      ],
      [
        642.0535714285714,
        510.45
      ],
      [
        516.1607142857142,
        522.9
      ],
      [
        528.75,
        522.9
      ],
      [
        541.3392857142857,
        522.9
      ],
      [
        553.9285714285714,
        522.9
      ],
      [
        566.5178571428571,
        522.9
      ],
      [
        579.1071428571428,
        522.9
      ],
      [
        591.6964285714286,
        522.9
      ],
      [
        629.4642857142857,
        522.9
      ],
      [
        642.0535714285714,
        522.9
      ],
      [
        528.75,
        535.35
      ],
      [
        541.3392857142857,
        535.35
      ],
      [
        553.9285714285714,
        535.35
      ],
      [
        566.5178571428571,
        535.35
      ],
      [
        579.1071428571428,
        535.35
      ],
      [
        528.75,
        547.8
      ],
      [
        541.3392857142857,
        547.8
      ],
      [
        553.9285714285714,
        547.8
      ],
      [
        566.5178571428571,
        547.8
      ],
      [
        528.75,
        560.25
      ],
      [
        541.3392857142857,
        560.25
      ],
      [
        553.9285714285714,
        560.25
      ],
      [
        541.3392857142857,
        572.6999999999999
      ],
      [
        553.9285714285714,
        572.6999999999999
      ],
      [
        541.3392857142857,
        585.15
      ],
      [
        553.9285714285714,
        585.15
      ],
      [
        516.1607142857142,
        597.5999999999999
      ],
      [
        528.75,
        597.5999999999999
      ],
      [
        541.3392857142857,
        597.5999999999999
      ],
      [
        566.5178571428571,
        597.5999999999999
      ],
      [
        528.75,
        610.05
      ],
      [
        541.3392857142857,
        610.05
      ],
      [
        553.9285714285714,
        610.05
      ],
      [
        528.75,
        622.5
      ],
      [
        541.3392857142857,
        622.5
      ],
      [
        490.98214285714283,
        634.9499999999999
      ],
      [
        528.75,
        634.9499999999999
      ],
      [
        541.3392857142857,
        634.9499999999999
      ],
      [
        503.57142857142856,
        647.4
      ],
      [
        541.3392857142857,
        647.4
      ],
      [
        465.8035714285714,
        659.8499999999999
      ],
      [
        490.98214285714283,
        659.8499999999999
      ],
      [
        503.57142857142856,
        659.8499999999999
      ],
      [
        428.0357142857143,
        672.3
      ],
      [
        440.625,
        672.3
      ],
      [
        465.8035714285714,
        672.3
      ],
      [
        478.3928571428571,
        672.3
      ],
      [
        490.98214285714283,
        672.3
      ],
      [
        503.57142857142856,
        672.3
      ],
      [
        428.0357142857143,
        684.75
      ],
      [
        440.625,
        684.75
      ],
      [
        453.21428571428567,
        684.75
      ],
      [
        465.8035714285714,
        684.75
      ],
      [
        478.3928571428571,
        684.75
      ],
      [
        465.8035714285714,
        697.1999999999999
      ],
      [
        478.3928571428571,
        697.1999999999999
      ],
      [
        465.8035714285714,
        709.65
      ],
      [
        478.3928571428571,
        709.65
      ],
      [
        339.9107142857143,
        722.0999999999999
      ],
      [
        365.08928571428567,
        734.55
      ],
      [
        314.73214285714283,
        747.0
      ],
      [
        528.75,
        908.8499999999999
      ],
      [
        528.75,
        921.3
      ],
      [
        541.3392857142857,
        921.3
      ],
      [
        528.75,
        933.75
      ],
      [
        541.3392857142857,
        933.75
      ],
      [
        553.9285714285714,
        933.75
      ]
    ],
    "_rot_map_shape": [
      996,
      705
    ]
  },
  "processing_time": 96.7965042591095,
  "agent_accepted": true,
  "agent_reason": "[accepted] The planning boundary was identified on page 2, showing a site on Harpenden Road, St Albans, near the Childwickbury Estate. A match attempt using a candidate ne",
  "agent_stats": {
    "position_calls": 1,
    "pdf_info": {
      "site_address": "Land at Harpenden Road, St Albans",
      "postcodes": [],
      "grid_refs": [],
      "scale": "1:2500",
      "map_pages": [
        2,
        5
      ],
      "map_page_details": [
        {
          "page": 1,
          "category": "discard",
          "area_group": -1,
          "boundary_clarity": "none",
          "detail_level": "wide",
          "caption": "Article 4 Direction text document dated 23 July 2003."
        },
        {
          "page": 2,