{
  "sl_no": 14,
  "match_info": {
    "center": "live_locate:place:Pipers Lane, Heswall",
    "zoom": 19,
    "rotation": 0,
    "n_inliers": 35,
    "score": 14.05,
    "scale_factor": 0.89,
    "avg_scale": 0.9876,
    "window": [
      1530,
      255
    ],
    "center_latlon": [
      53.326395382184785,
      -3.1121257566223903
    ],
    "anchor_latlon": [
      53.325,
      -3.112
    ],
    "_inlier_pts_map": [
      [
        1235.4285714285713,
        1509.4499999999998
      ],
      [
        1261.7142857142858,
        1509.4499999999998
      ],
      [
        1209.142857142857,
        1535.475
      ],
      [
        1235.4285714285713,
        1535.475
      ],
      [
        1261.7142857142858,
        1535.475
      ],
      [
        1288.0,
        1535.475
      ],
      [
        1209.142857142857,
        1561.5
      ],
      [
        1235.4285714285713,
        1561.5
      ],
      [
        1261.7142857142858,
        1561.5
      ],
      [
        1288.0,
        1561.5
      ],
      [
        657.1428571428571,
        1587.5249999999999
      ],
      [
        1209.142857142857,
        1587.5249999999999
      ],
      [
        1235.4285714285713,
        1587.5249999999999
      ],
      [
        1261.7142857142858,
        1587.5249999999999
      ],
      [
        1288.0,
        1587.5249999999999
      ],
      [
        630.8571428571429,
        1613.55
      ],
      [
        657.1428571428571,
        1613.55
      ],
      [
        683.4285714285714,
        1613.55
      ],
      [
        709.7142857142857,
        1613.55
      ],
      [
        1235.4285714285713,
        1613.55
      ],
      [
        1261.7142857142858,
        1613.55
      ],
      [
        1288.0,
        1613.55
      ],
      [
        630.8571428571429,
        1639.5749999999998
      ],
      [
        657.1428571428571,
        1639.5749999999998
      ],
      [
        683.4285714285714,
        1639.5749999999998
      ],
      [
        709.7142857142857,
        1639.5749999999998
      ],
      [
        1288.0,
        1639.5749999999998
      ],
      [
        630.8571428571429,
        1665.6
      ],
      [
        657.1428571428571,
        1665.6
      ],
      [
        683.4285714285714,
        1665.6
      ],
      [
        630.8571428571429,
        1691.625
      ],
      [
        657.1428571428571,
        1691.625
      ],
      [
        683.4285714285714,
        1691.625
      ],
      [
        683.4285714285714,
        1717.6499999999999
      ],
      [
        709.7142857142857,
        1717.6499999999999
      ]
    ],
    "_rot_map_shape": [
      2082,
      1472
    ]
  },
  "processing_time": 478.9025058746338,
  "agent_accepted": true,
  "agent_reason": "[accepted] a",
  "agent_stats": {
    "position_calls": 1,
    "pdf_info": {
      "site_address": "Field north of 98 Pipers Lane, Heswall, Wirral, Merseyside",
      "postcodes": [],
      "grid_refs": [],
      "scale": null,
      "map_pages": [
        3
      ],
      "map_page_details": [
        {
          "page": 3,
          "category": "match",
          "area_group": 0,
          "boundary_clarity": "clear",
          "detail_level": "close",
          "caption": "Site plan showing field north of 98 Pipers Lane edged in black/red boundary."
        }
      ],
      "road_names": [
        "Pipers Lane"
      ],
      "place_names": [
        "Heswall",
        "Wirral",
        "Merseyside",
        "Braemar",
        "Fair View",
        "Cull Gurt",
        "Marshfield",
        "Hillhead",
        "Seadrill",
        "Limedale",
        "Seablick",
        "Penmon House",
        "Dolphins"
      ],
      "is_district_wide": false,
      "district_name": "Wirral Borough, UK",
      "house_number_road_pairs": [
        "98 Pipers Lane"
      ],
      "parish_names": [],
      "admin_region": "Wirral",
      "likely_town_or_city": "Heswall",
      "visible_map_labels": [
        "Braemar",
        "Fair View",
        "Cull Gurt",
        "Marshfield",
        "Hillhead",
        "Seadrill",
        "Limedale",
        "Seablick",
        "Penmon House",
        "Dolphins",
        "Path"
      ],
      "adjacency_hints": [
        "98 Pipers Lane"
      ]
    },
    "reader_request_tokens": 5006,
    "reader_response_tokens": 329,
    "locate_n_calls": 4,
    "locate_request_tokens": 58299,
    "locate_response_tokens": 1321,
    "locate_calls": [
      {
        "request_tokens": 18069,
        "response_tokens": 368,
        "n_messages": 13,
        "generation_id": "gen-1779679658-OZNWIT1AkCwuUAW0l2uJ"
      },
      {
        "request_tokens": 15557,
        "response_tokens": 392,
        "n_messages": 22,
        "generation_id": "gen-1779679766-HR3huP3RC5zs93xQhnWO"
      },
      {
        "request_tokens": 9112,
        "response_tokens": 155,
        "n_messages": 26,
        "generation_id": "gen-1779679877-rASjI3HD4CPlS7dQaVpB"
      },
      {
        "request_tokens": 15561,
        "response_tokens": 406,
        "n_messages": 32,
        "generation_id": "gen-1779680009-09hsOySV7voV9FAgZjs2"
      }
    ],
    "outcome_status": "accepted",
    "outcome_reasoning": "a",
    "rotation_checked": false,
    "tool_calls": {
      "propose_centers": 4,
      "match_at": 4,
      "commit_match": 1,
      "final_result": 2
    },
    "total_tool_calls": 11,
    "n_turns": 24,
    "validator_retries": 0,
    "worker_request_tokens": 54812,
    "worker_response_tokens": 735,
    "request_tokens": 118117,
    "response_tokens": 2385,
    "total_tokens": 120502,
    "critic": {
      "n_rejections": 1,
      "iterations": [
        {
          "iter_idx": 0,
          "action": "retry_locate",
          "chosen_candidate_id": 3,
          "reasoning": "The planning map shows an open field bounded by a railway line to the southwest and residential buildings to the southeast. None of the candidates correctly locate this: Candidate 3 places the boundary over existing houses; Candidate 1 places it in an empty field but lacks the adjacent building and railway geometry seen on the source; Candidate 2 is entirely in a built-up area. All candidates show zero road name agreement.",
          "wall_s": 2.7,
          "llm_error": null,
          "geojson_changed": false
        }
      ],
      "tokens": {
        "request": 5264,
        "response": 114
      }
    }
  },
  "valid_ground_truth": true,
  "valid_prediction": true,
  "validation_error": null,
  "iou": 0.0,
  "precision": 0.0,
  "recall": 0.0,
  "f1_score": 0.0,
  "positioning_error_m": 1118.2855236166502,
  "worker_first_iou": 0.0,
  "worker_first_metrics": {
    "valid_ground_truth": true,
    "valid_prediction": true,
    "validation_error": null,
    "iou": 0.0,
    "precision": 0.0,
    "recall": 0.0,
    "f1_score": 0.0,
    "positioning_error_m": 1118.2855236166502
  }
}