{
  "sl_no": 121,
  "match_info": {
    "center": "live_locate:place:Frensham Common",
    "zoom": 15,
    "rotation": 0,
    "n_inliers": 49,
    "score": 19.69,
    "scale_factor": 1.06,
    "avg_scale": 1.4068,
    "window": [
      120,
      960
    ],
    "center_latlon": [
      51.163187181961014,
      -0.7723036941762587
    ],
    "anchor_latlon": [
      51.160474210898,
      -0.778439668093041
    ],
    "_inlier_pts_map": [
      [
        250.28571428571428,
        836.325
      ],
      [
        219.0,
        867.3000000000001
      ],
      [
        250.28571428571428,
        867.3000000000001
      ],
      [
        657.0,
        867.3000000000001
      ],
      [
        625.7142857142857,
        898.2750000000001
      ],
      [
        406.7142857142857,
        960.225
      ],
      [
        187.71428571428572,
        991.2
      ],
      [
        406.7142857142857,
        991.2
      ],
      [
        187.71428571428572,
        1022.1750000000001
      ],
      [
        438.0,
        1053.15
      ],
      [
        156.42857142857142,
        1084.125
      ],
      [
        187.71428571428572,
        1084.125
      ],
      [
        281.57142857142856,
        1084.125
      ],
      [
        344.1428571428571,
        1084.125
      ],
      [
        344.1428571428571,
        1115.1000000000001
      ],
      [
        438.0,
        1115.1000000000001
      ],
      [
        469.2857142857143,
        1115.1000000000001
      ],
      [
        500.57142857142856,
        1115.1000000000001
      ],
      [
        531.8571428571429,
        1115.1000000000001
      ],
      [
        281.57142857142856,
        1146.075
      ],
      [
        344.1428571428571,
        1146.075
      ],
      [
        438.0,
        1146.075
      ],
      [
        469.2857142857143,
        1146.075
      ],
      [
        500.57142857142856,
        1146.075
      ],
      [
        500.57142857142856,
        1177.05
      ],
      [
        500.57142857142856,
        1208.025
      ],
      [
        219.0,
        1362.9
      ],
      [
        531.8571428571429,
        1424.8500000000001
      ],
      [
        125.14285714285714,
        1455.825
      ],
      [
        344.1428571428571,
        1455.825
      ],
      [
        500.57142857142856,
        1455.825
      ],
      [
        219.0,
        1517.775
      ],
      [
        281.57142857142856,
        1517.775
      ],
      [
        312.85714285714283,
        1517.775
      ],
      [
        344.1428571428571,
        1517.775
      ],
      [
        219.0,
        1548.75
      ],
      [
        219.0,
        1579.7250000000001
      ],
      [
        438.0,
        1579.7250000000001
      ],
      [
        219.0,
        1610.7
      ],
      [
        438.0,
        1610.7
      ],
      [
        125.14285714285714,
        1641.6750000000002
      ],
      [
        156.42857142857142,
        1641.6750000000002
      ],
      [
        438.0,
        1641.6750000000002
      ],
      [
        219.0,
        1672.65
      ],
      [
        469.2857142857143,
        1672.65
      ],
      [
        438.0,
        1765.575
      ],
      [
        469.2857142857143,
        1765.575
      ],
      [
        469.2857142857143,
        1796.5500000000002
      ],
      [
        531.8571428571429,
        1827.525
      ]
    ],
    "_rot_map_shape": [
      2478,
      1752
    ]
  },
  "processing_time": 299.30323672294617,
  "agent_accepted": true,
  "agent_reason": "[accepted] The document is an Article 4 Direction covering a large area of land in the parishes of Frensham and Tilford. The primary map (page 7) is a 1:25,000 OS extract ",
  "agent_stats": {
    "position_calls": 1,
    "pdf_info": {
      "site_address": "Land in the Parishes of Frensham and Tilford, Hambledon Rural District, Surrey",
      "postcodes": [],
      "grid_refs": [],
      "scale": null,
      "map_pages": [
        7,
        6
      ],
      "map_page_details": [
        {
          "page": 1,
          "category": "discard",
          "area_group": -1,
          "boundary_clarity": "none",
          "detail_level": "wide",
          "caption": "Article 4 Direction text describing land boundaries in Frensham and Tilford."
        },
        {
          "page": 2,
          "category": "discard",
          "area_group": -1,
          "boundary_clarity": "none",
          "detail_level": "wide",
          "caption": "Article 4 Direction text (continued) and signatures."
        },
        {
          "page": 3,
          "category": "discard",
          "area_group": -1,
          "boundary_clarity": "ambiguous",
          "detail_level": "medium",
          "caption": "Small inset map with red boundary, low detail."
        },
        {
          "page": 4,
          "category": "discard",
          "area_group": -1,
          "boundary_clarity": "none",
          "detail_level": "wide",
          "caption": "Ordnance Survey 1:25,000 context map (SU84) - no boundary drawn."
        },
        {
          "page": 5,
          "category": "discard",
          "area_group": -1,
          "boundary_clarity": "none",
          "detail_level": "medium",
          "caption": "Ordnance Survey 1:25,000 context map (SU84) detail - no boundary drawn."
        },
        {
          "page": 6,
          "category": "match",
          "area_group": 0,
          "boundary_clarity": "clear",
          "detail_level": "wide",
          "caption": "Large scale map with hatched boundary covering Frensham Common and surrounding areas."
        },
        {
          "page": 7,
          "category": "match",
          "area_group": 0,
          "boundary_clarity": "clear",
          "detail_level": "wide",
          "caption": "Duplicate of page 6 with handwritten road annotations (C27, C28, A287, D110, D127)."
        }
      ],
      "road_names": [
        "A287",
        "Bacon Lane",
        "Tilford Road",
        "The Reeds Road",
        "Hale House Lane",
        "D110",
        "CX 28",
        "D 127",
        "CX 27"
      ],
      "place_names": [],
      "is_district_wide": false,
      "district_name": null,
      "house_number_road_pairs": [],
      "parish_names": [],
      "admin_region": null,
      "likely_town_or_city": null,
      "visible_map_labels": [],
      "adjacency_hints": []
    },
    "outcome_status": "accepted",
    "outcome_reasoning": "The document is an Article 4 Direction covering a large area of land in the parishes of Frensham and Tilford. The primary map (page 7) is a 1:25,000 OS extract with a hatched boundary. I attempted three different anchors: Frensham Common (49 inliers), The Reeds Road (15 inliers), and Tilford (21 inliers). The Frensham Common anchor (candidate 0) provided the strongest match with 49 inliers. Although the scale consistency was marginal (0.5), this is common for wide-area 1:25,000 maps in this pipeline. The resulting projection correctly covers the common and surrounding areas as shown on the map.",
    "rotation_checked": false,
    "tool_calls": {
      "submit_pdf_info": 1,
      "propose_centers": 3,
      "match_at": 3,
      "commit_match": 1,
      "final_result": 1
    },
    "total_tool_calls": 9,
    "n_turns": 19,
    "validator_retries": 0,
    "worker_request_tokens": 84983,
    "worker_response_tokens": 1153,
    "request_tokens": 84983,
    "response_tokens": 1153,
    "total_tokens": 86136
  },
  "valid_ground_truth": true,
  "valid_prediction": true,
  "validation_error": null,
  "iou": 0.9686745498423784,
  "precision": 0.9747943067597415,
  "recall": 0.9935607140808715,
  "f1_score": 0.9840880504296001,
  "positioning_error_m": 23.00449950504943
}