{
  "sl_no": 9001,
  "match_info": {
    "center": "live_locate:place:Stapledon Wood",
    "zoom": 16,
    "rotation": 0,
    "n_inliers": 150,
    "score": 77.41,
    "scale_factor": 0.891,
    "avg_scale": 1.0094,
    "window": [
      1056,
      396
    ],
    "center_latlon": [
      53.354597053212785,
      -3.161894230901936
    ],
    "anchor_latlon": [
      53.356,
      -3.145
    ],
    "_inlier_pts_map": [
      [
        1841.2500000000002,
        185.98214285714283
      ],
      [
        2209.5,
        185.98214285714283
      ],
      [
        1951.7250000000001,
        334.7678571428571
      ],
      [
        1951.7250000000001,
        371.96428571428567
      ],
      [
        1436.1750000000002,
        409.1607142857143
      ],
      [
        1914.9,
        409.1607142857143
      ],
      [
        1951.7250000000001,
        409.1607142857143
      ],
      [
        1988.5500000000002,
        409.1607142857143
      ],
      [
        2025.3750000000002,
        409.1607142857143
      ],
      [
        2099.025,
        409.1607142857143
      ],
      [
        1914.9,
        446.35714285714283
      ],
      [
        1951.7250000000001,
        446.35714285714283
      ],
      [
        1988.5500000000002,
        446.35714285714283
      ],
      [
        2025.3750000000002,
        446.35714285714283
      ],
      [
        2099.025,
        446.35714285714283
      ],
      [
        1767.6000000000001,
        483.5535714285714
      ],
      [
        1988.5500000000002,
        483.5535714285714
      ],
      [
        2025.3750000000002,
        483.5535714285714
      ],
      [
        2099.025,
        483.5535714285714
      ],
      [
        2135.8500000000004,
        483.5535714285714
      ],
      [
        1767.6000000000001,
        520.75
      ],
      [
        2025.3750000000002,
        520.75
      ],
      [
        2099.025,
        520.75
      ],
      [
        2135.8500000000004,
        520.75
      ],
      [
        1767.6000000000001,
        557.9464285714286
      ],
      [
        2099.025,
        557.9464285714286
      ],
      [
        2135.8500000000004,
        557.9464285714286
      ],
      [
        1804.4250000000002,
        595.1428571428571
      ],
      [
        2135.8500000000004,
        595.1428571428571
      ],
      [
        2172.675,
        595.1428571428571
      ],
      [
        2135.8500000000004,
        632.3392857142857
      ],
      [
        2209.5,
        706.7321428571428
      ],
      [
        2209.5,
        743.9285714285713
      ],
      [
        1730.775,
        781.125
      ],
      [
        1878.075,
        855.5178571428571
      ],
      [
        1509.825,
        929.9107142857142
      ],
      [
        1546.65,
        929.9107142857142
      ],
      [
        1620.3000000000002,
        929.9107142857142
      ],
      [
        1657.1250000000002,
        929.9107142857142
      ],
      [
        1730.775,
        929.9107142857142
      ],
      [
        2025.3750000000002,
        929.9107142857142
      ],
      [
        1583.4750000000001,
        967.1071428571428
      ],
      [
        1620.3000000000002,
        967.1071428571428
      ],
      [
        1657.1250000000002,
        967.1071428571428
      ],
      [
        1693.95,
        967.1071428571428
      ],
      [
        1730.775,
        967.1071428571428
      ],
      [
        1767.6000000000001,
        967.1071428571428
      ],
      [
        1988.5500000000002,
        967.1071428571428
      ],
      [
        2025.3750000000002,
        967.1071428571428
      ],
      [
        2062.2000000000003,
        967.1071428571428
      ],
      [
        1583.4750000000001,
        1004.3035714285713
      ],
      [
        1620.3000000000002,
        1004.3035714285713
      ],
      [
        1657.1250000000002,
        1004.3035714285713
      ],
      [
        1693.95,
        1004.3035714285713
      ],
      [
        1730.775,
        1004.3035714285713
      ],
      [
        1988.5500000000002,
        1004.3035714285713
      ],
      [
        2025.3750000000002,
        1004.3035714285713
      ],
      [
        2062.2000000000003,
        1004.3035714285713
      ],
      [
        1620.3000000000002,
        1041.5
      ],
      [
        1657.1250000000002,
        1041.5
      ],
      [
        1730.775,
        1041.5
      ],
      [
        1804.4250000000002,
        1041.5
      ],
      [
        1841.2500000000002,
        1041.5
      ],
      [
        1951.7250000000001,
        1041.5
      ],
      [
        1988.5500000000002,
        1041.5
      ],
      [
        2025.3750000000002,
        1041.5
      ],
      [
        2062.2000000000003,
        1041.5
      ],
      [
        2467.275,
        1041.5
      ],
      [
        1583.4750000000001,
        1078.6964285714284
      ],
      [
        1620.3000000000002,
        1078.6964285714284
      ],
      [
        1657.1250000000002,
        1078.6964285714284
      ],
      [
        1730.775,
        1078.6964285714284
      ],
      [
        1767.6000000000001,
        1078.6964285714284
      ],
      [
        1804.4250000000002,
        1078.6964285714284
      ],
      [
        1841.2500000000002,
        1078.6964285714284
      ],
      [
        1914.9,
        1078.6964285714284
      ],
      [
        1951.7250000000001,
        1078.6964285714284
      ],
      [
        1988.5500000000002,
        1078.6964285714284
      ],
      [
        2025.3750000000002,
        1078.6964285714284
      ],
      [
        2062.2000000000003,
        1078.6964285714284
      ],
      [
        2467.275,
        1078.6964285714284
      ],
      [
        1657.1250000000002,
        1115.892857142857
      ],
      [
        1693.95,
        1115.892857142857
      ],
      [
        1730.775,
        1115.892857142857
      ],
      [
        1767.6000000000001,
        1115.892857142857
      ],
      [
        1804.4250000000002,
        1115.892857142857
      ],
      [
        1841.2500000000002,
        1115.892857142857
      ],
      [
        1878.075,
        1115.892857142857
      ],
      [
        1914.9,
        1115.892857142857
      ],
      [
        1951.7250000000001,
        1115.892857142857
      ],
      [
        1988.5500000000002,
        1115.892857142857
      ],
      [
        2025.3750000000002,
        1115.892857142857
      ],
      [
        2062.2000000000003,
        1115.892857142857
      ],
      [
        2099.025,
        1115.892857142857
      ],
      [
        2467.275,
        1115.892857142857
      ],
      [
        1730.775,
        1153.0892857142856
      ],
      [
        1767.6000000000001,
        1153.0892857142856
      ],
      [
        1841.2500000000002,
        1153.0892857142856
      ],
      [
        1878.075,
        1153.0892857142856
      ],
      [
        1914.9,
        1153.0892857142856
      ],
      [
        1951.7250000000001,
        1153.0892857142856
      ],
      [
        1988.5500000000002,
        1153.0892857142856
      ],
      [
        2025.3750000000002,
        1153.0892857142856
      ],
      [
        2062.2000000000003,
        1153.0892857142856
      ],
      [
        2099.025,
        1153.0892857142856
      ],
      [
        2135.8500000000004,
        1153.0892857142856
      ],
      [
        1878.075,
        1190.2857142857142
      ],
      [
        1914.9,
        1190.2857142857142
      ],
      [
        1951.7250000000001,
        1190.2857142857142
      ],
      [
        1988.5500000000002,
        1190.2857142857142
      ],
      [
        2025.3750000000002,
        1190.2857142857142
      ],
      [
        2062.2000000000003,
        1190.2857142857142
      ],
      [
        2099.025,
        1190.2857142857142
      ],
      [
        1988.5500000000002,
        1227.482142857143
      ],
