{
  "sl_no": 90,
  "match_info": {
    "center": "live_locate:intersect:Highfield St x Upper Tichborne",
    "zoom": 17,
    "rotation": 0,
    "n_inliers": 234,
    "score": 129.15,
    "scale_factor": 0.876,
    "avg_scale": 0.9011,
    "window": [
      549,
      1281
    ],
    "center_latlon": [
      52.629281361015416,
      -1.118291896768227
    ],
    "anchor_latlon": [
      52.62832,
      -1.11659
    ],
    "_inlier_pts_map": [
      [
        387.8571428571429,
        614.4000000000001
      ],
      [
        465.42857142857144,
        614.4000000000001
      ],
      [
        491.2857142857143,
        614.4000000000001
      ],
      [
        258.57142857142856,
        640.0
      ],
      [
        387.8571428571429,
        640.0
      ],
      [
        413.7142857142857,
        640.0
      ],
      [
        439.57142857142856,
        640.0
      ],
      [
        465.42857142857144,
        640.0
      ],
      [
        491.2857142857143,
        640.0
      ],
      [
        517.1428571428571,
        640.0
      ],
      [
        387.8571428571429,
        665.6
      ],
      [
        413.7142857142857,
        665.6
      ],
      [
        439.57142857142856,
        665.6
      ],
      [
        491.2857142857143,
        665.6
      ],
      [
        543.0,
        665.6
      ],
      [
        232.71428571428572,
        691.2
      ],
      [
        387.8571428571429,
        691.2
      ],
      [
        413.7142857142857,
        691.2
      ],
      [
        439.57142857142856,
        691.2
      ],
      [
        491.2857142857143,
        691.2
      ],
      [
        1137.7142857142858,
        691.2
      ],
      [
        1163.5714285714287,
        691.2
      ],
      [
        1189.4285714285716,
        691.2
      ],
      [
        232.71428571428572,
        716.8000000000001
      ],
      [
        465.42857142857144,
        716.8000000000001
      ],
      [
        1137.7142857142858,
        716.8000000000001
      ],
      [
        1163.5714285714287,
        716.8000000000001
      ],
      [
        1189.4285714285716,
        716.8000000000001
      ],
      [
        801.5714285714286,
        742.4000000000001
      ],
      [
        1137.7142857142858,
        742.4000000000001
      ],
      [
        1163.5714285714287,
        742.4000000000001
      ],
      [
        1189.4285714285716,
        742.4000000000001
      ],
      [
        956.7142857142858,
        768.0
      ],
      [
        1163.5714285714287,
        768.0
      ],
      [
        1189.4285714285716,
        768.0
      ],
      [
        362.0,
        793.6
      ],
      [
        387.8571428571429,
        793.6
      ],
      [
        543.0,
        793.6
      ],
      [
        594.7142857142858,
        793.6
      ],
      [
        620.5714285714286,
        793.6
      ],
      [
        646.4285714285714,
        793.6
      ],
      [
        672.2857142857143,
        793.6
      ],
      [
        698.1428571428571,
        793.6
      ],
      [
        336.14285714285717,
        819.2
      ],
      [
        362.0,
        819.2
      ],
      [
        387.8571428571429,
        819.2
      ],
      [
        568.8571428571429,
        819.2
      ],
      [
        646.4285714285714,
        819.2
      ],
      [
        672.2857142857143,
        819.2
      ],
      [
        698.1428571428571,
        819.2
      ],
      [
        284.42857142857144,
        844.8000000000001
      ],
      [
        310.2857142857143,
        844.8000000000001
      ],
      [
        336.14285714285717,
        844.8000000000001
      ],
      [
        362.0,
        844.8000000000001
      ],
      [
        387.8571428571429,
        844.8000000000001
      ],
      [
        568.8571428571429,
        844.8000000000001
      ],
      [
        594.7142857142858,
        844.8000000000001
      ],
      [
        620.5714285714286,
        844.8000000000001
      ],
      [
        646.4285714285714,
        844.8000000000001
      ],
      [
        672.2857142857143,
        844.8000000000001
      ],
      [
        698.1428571428571,
        844.8000000000001
      ],
      [
        258.57142857142856,
        870.4000000000001
      ],
      [
        310.2857142857143,
        870.4000000000001
      ],
      [
        336.14285714285717,
        870.4000000000001
      ],
      [
        362.0,
        870.4000000000001
      ],
      [
        387.8571428571429,
        870.4000000000001
      ],
      [
        568.8571428571429,
        870.4000000000001
      ],
      [
        594.7142857142858,
        870.4000000000001
      ],
      [
        646.4285714285714,
        870.4000000000001
      ],
      [
        672.2857142857143,
        870.4000000000001
      ],
      [
        698.1428571428571,
        870.4000000000001
      ],
      [
        956.7142857142858,
        870.4000000000001
      ],
      [
        258.57142857142856,
        896.0
      ],
      [
        284.42857142857144,
        896.0
      ],
      [
        310.2857142857143,
        896.0
      ],
      [
        336.14285714285717,
        896.0
      ],
      [
        362.0,
        896.0
      ],
      [
        387.8571428571429,
        896.0
      ],
      [
        413.7142857142857,
        896.0
      ],
      [
        491.2857142857143,
        896.0
      ],
      [
        517.1428571428571,
        896.0
      ],
      [
        568.8571428571429,
        896.0
      ],
      [
        594.7142857142858,
        896.0
      ],
      [
        620.5714285714286,
        896.0
      ],
      [
        646.4285714285714,
        896.0
      ],
      [
        672.2857142857143,
        896.0
      ],
      [
        698.1428571428571,
        896.0
      ],
      [
        724.0,
        896.0
      ],
      [
        853.2857142857143,
        896.0
      ],
      [
        879.1428571428571,
        896.0
      ],
      [
        905.0,
        896.0
      ],
      [
        930.8571428571429,
        896.0
      ],
      [
        982.5714285714286,
        896.0
      ],
      [
        258.57142857142856,
        921.6
      ],
      [
        284.42857142857144,
        921.6
      ],
      [
        310.2857142857143,
        921.6
      ],
      [
        336.14285714285717,
        921.6
      ],
      [
        362.0,
        921.6
      ],
      [
        387.8571428571429,
        921.6
      ],
      [
        413.7142857142857,
        921.6
      ],
      [
        439.57142857142856,
        921.6
      ],
      [
        491.2857142857143,
        921.6
      ],
      [
        594.7142857142858,
        921.6
      ],
      [
        620.5714285714286,
        921.6
      ],
      [
        646.4285714285714,
        921.6
      ],
      [
        672.2857142857143,
        921.6
      ],
      [
        827.4285714285714,
        921.6
      ],
      [
        853.2857142857143,
        921.6
      ],
      [
        879.1428571428571,
        921.6
      ],
      [
        905.0,
        921.6
      ],
      [
        930.8571428571429,
        921.6
      ],
      [
        956.7142857142858,
        921.6
      ],
      [
        258.57142857142856,
        947.2
      ],
      [
        284.42857142857144,
        947.2
      ],
      [
        310.2857142857143,
        947.2
      ],
      [
        336.14285714285717,
        947.2
      ],
      [
        362.0,
        947.2
      ],
      [
        387.8571428571429,
        947.2
      ],
      [
        491.2857142857143,
        947.2
      ],
      [
        517.1428571428571,
        947.2
      ],
      [
        568.8571428571429,
        947.2
      ],
      [
        594.7142857142858,
        947.2
      ],
      [
        620.5714285714286,
        947.2
      ],
      [
        646.4285714285714,
        947.2
      ],
      [
        827.4285714285714,
        947.2
      ],
