{
  "sl_no": 130,
  "match_info": {
    "center": "live_locate:place:Hotwells",
    "zoom": 16,
    "rotation": 0,
    "n_inliers": 158,
    "score": 75.35,
    "scale_factor": 0.853,
    "avg_scale": 1.116,
    "window": [
      717,
      1673
    ],
    "center_latlon": [
      51.45607116164535,
      -2.6190263819115387
    ],
    "anchor_latlon": [
      51.455,
      -2.618
    ],
    "_inlier_pts_map": [
      [
        1296.75,
        554.3214285714286
      ],
      [
        1321.6875,
        554.3214285714286
      ],
      [
        1346.625,
        554.3214285714286
      ],
      [
        1371.5625,
        554.3214285714286
      ],
      [
        1246.875,
        579.5178571428572
      ],
      [
        1271.8125,
        579.5178571428572
      ],
      [
        1321.6875,
        579.5178571428572
      ],
      [
        1371.5625,
        579.5178571428572
      ],
      [
        1321.6875,
        604.7142857142858
      ],
      [
        1147.125,
        629.9107142857143
      ],
      [
        1346.625,
        629.9107142857143
      ],
      [
        1122.1875,
        655.1071428571429
      ],
      [
        1147.125,
        655.1071428571429
      ],
      [
        1172.0625,
        655.1071428571429
      ],
      [
        872.8125,
        680.3035714285714
      ],
      [
        897.75,
        680.3035714285714
      ],
      [
        1147.125,
        680.3035714285714
      ],
      [
        623.4375,
        705.5
      ],
      [
        872.8125,
        705.5
      ],
      [
        897.75,
        705.5
      ],
      [
        623.4375,
        730.6964285714287
      ],
      [
        648.375,
        730.6964285714287
      ],
      [
        673.3125,
        730.6964285714287
      ],
      [
        822.9375,
        730.6964285714287
      ],
      [
        847.875,
        730.6964285714287
      ],
      [
        872.8125,
        730.6964285714287
      ],
      [
        897.75,
        730.6964285714287
      ],
      [
        922.6875,
        730.6964285714287
      ],
      [
        1147.125,
        730.6964285714287
      ],
      [
        1172.0625,
        730.6964285714287
      ],
      [
        1446.375,
        730.6964285714287
      ],
      [
        1471.3125,
        730.6964285714287
      ],
      [
        847.875,
        755.8928571428572
      ],
      [
        872.8125,
        755.8928571428572
      ],
      [
        897.75,
        755.8928571428572
      ],
      [
        922.6875,
        755.8928571428572
      ],
      [
        947.625,
        755.8928571428572
      ],
      [
        1097.25,
        755.8928571428572
      ],
      [
        847.875,
        781.0892857142858
      ],
      [
        872.8125,
        781.0892857142858
      ],
      [
        922.6875,
        781.0892857142858
      ],
      [
        1097.25,
        781.0892857142858
      ],
      [
        1122.1875,
        781.0892857142858
      ],
      [
        299.25,
        806.2857142857143
      ],
      [
        324.1875,
        806.2857142857143
      ],
      [
        473.8125,
        806.2857142857143
      ],
      [
        1097.25,
        806.2857142857143
      ],
      [
        1296.75,
        806.2857142857143
      ],
      [
        1396.5,
        806.2857142857143
      ],
      [
        698.25,
        831.4821428571429
      ],
      [
        1097.25,
        831.4821428571429
      ],
      [
        1122.1875,
        831.4821428571429
      ],
      [
        1346.625,
        831.4821428571429
      ],
      [
        698.25,
        856.6785714285714
      ],
      [
        1047.375,
        856.6785714285714
      ],
      [
        1097.25,
        856.6785714285714
      ],
      [
        1122.1875,
        856.6785714285714
      ],
      [
        1296.75,
        856.6785714285714
      ],
      [
        1321.6875,
        856.6785714285714
      ],
      [
        1346.625,
        856.6785714285714
      ],
      [
        1396.5,
        856.6785714285714
      ],
      [
        49.875,
        881.875
      ],
      [
        174.5625,
        881.875
      ],
      [
        1022.4375,
        881.875
      ],
      [
        1047.375,
        881.875
      ],
      [
        1072.3125,
        881.875
      ],
      [
        1097.25,
        881.875
      ],
      [
        1147.125,
        881.875
      ],
      [
        1296.75,
        881.875
      ],
      [
        1321.6875,
        881.875
      ],
      [
        49.875,
        907.0714285714287
      ],
      [
        74.8125,
        907.0714285714287
      ],
      [
        174.5625,
        907.0714285714287
      ],
      [
        1072.3125,
        907.0714285714287
      ],
      [
        1271.8125,
        907.0714285714287
      ],
      [
        49.875,
        932.2678571428572
      ],
      [
        74.8125,
        932.2678571428572
      ],
      [
        99.75,
        932.2678571428572
      ],
      [
        149.625,
        932.2678571428572
      ],
      [
        847.875,
        932.2678571428572
      ],
      [
        1022.4375,
        932.2678571428572
      ],
      [
        1047.375,
        932.2678571428572
      ],
      [
        1072.3125,
        932.2678571428572
      ],
      [
        74.8125,
        957.4642857142858
      ],
      [
        99.75,
        957.4642857142858
      ],
      [
        124.6875,
        957.4642857142858
      ],
      [
        149.625,
        957.4642857142858
      ],
      [
        822.9375,
        957.4642857142858
      ],
      [
        1246.875,
        957.4642857142858
      ],
      [
        99.75,
        982.6607142857143
      ],
      [
        124.6875,
        982.6607142857143
      ],
      [
        224.4375,
        982.6607142857143
      ],
      [
        249.375,
        982.6607142857143
      ],
      [
        274.3125,
        982.6607142857143
      ],
      [
        498.75,
        982.6607142857143
      ],
      [
        897.75,
        982.6607142857143
      ],
      [
        922.6875,
        982.6607142857143
      ],
      [
        1396.5,
        982.6607142857143
      ],
      [
        224.4375,
        1007.8571428571429
      ],
      [
        249.375,
        1007.8571428571429
      ],
      [
        274.3125,
        1007.8571428571429
      ],
      [
        523.6875,
        1007.8571428571429
      ],
      [
        872.8125,
        1007.8571428571429
      ],
      [
        897.75,
        1007.8571428571429
      ],
      [
        473.8125,
        1033.0535714285716
      ],
      [
        623.4375,
        1033.0535714285716
      ],
      [
        648.375,
        1033.0535714285716
      ],
      [
        1097.25,
        1033.0535714285716
      ],
      [
        1271.8125,
        1033.0535714285716
      ],
      [
        498.75,
        1058.25
      ],
      [
        523.6875,
        1058.25
      ],
      [
        573.5625,
        1058.25
      ],
      [
        598.5,
        1058.25
      ],
      [
        1097.25,
        1058.25
      ],
      [
        473.8125,
        1083.4464285714287
      ],
      [
        523.6875,
        1083.4464285714287
      ],
      [
        548.625,
        1083.4464285714287
      ],
      [
        623.4375,
        1083.4464285714287
      ],
      [
        822.9375,
        1083.4464285714287
      ],
      [
        847.875,
        1083.4464285714287
      ],
      [
        997.5,
        1083.4464285714287
      ],
      [
        1072.3125,
        1083.4464285714287
      ],
      [
        1097.25,
        1083.4464285714287
      ],
      [
        448.875,
        1108.642857142857
      ],
      [
        473.8125,
        1108.642857142857
      ],
      [
        623.4375,
        1108.642857142857
      ],
      [
        947.625,
        1108.642857142857
      ],
      [
        972.5625,
