{
  "sl_no": 246,
  "match_info": {
    "center": "live_locate:place:Church Hill",
    "zoom": 18,
    "rotation": 0,
    "n_inliers": 61,
    "score": 25.64,
    "scale_factor": 0.424,
    "avg_scale": 0.9919,
    "window": [
      1197,
      1026
    ],
    "center_latlon": [
      51.18551159200339,
      1.2349765147824598
    ],
    "anchor_latlon": [
      51.1857306831069,
      1.23267206181179
    ],
    "_inlier_pts_map": [
      [
        162.73214285714286,
        61.9375
      ],
      [
        137.69642857142856,
        74.32499999999999
      ],
      [
        150.21428571428572,
        74.32499999999999
      ],
      [
        162.73214285714286,
        74.32499999999999
      ],
      [
        175.25,
        74.32499999999999
      ],
      [
        150.21428571428572,
        86.71249999999999
      ],
      [
        162.73214285714286,
        86.71249999999999
      ],
      [
        175.25,
        86.71249999999999
      ],
      [
        150.21428571428572,
        99.1
      ],
      [
        162.73214285714286,
        99.1
      ],
      [
        175.25,
        99.1
      ],
      [
        150.21428571428572,
        111.4875
      ],
      [
        162.73214285714286,
        111.4875
      ],
      [
        175.25,
        111.4875
      ],
      [
        112.66071428571428,
        123.875
      ],
      [
        137.69642857142856,
        123.875
      ],
      [
        162.73214285714286,
        123.875
      ],
      [
        175.25,
        123.875
      ],
      [
        112.66071428571428,
        136.2625
      ],
      [
        125.17857142857142,
        136.2625
      ],
      [
        137.69642857142856,
        136.2625
      ],
      [
        100.14285714285714,
        148.64999999999998
      ],
      [
        125.17857142857142,
        148.64999999999998
      ],
      [
        112.66071428571428,
        161.0375
      ],
      [
        600.8571428571429,
        384.0125
      ],
      [
        575.8214285714286,
        396.4
      ],
      [
        588.3392857142857,
        396.4
      ],
      [
        600.8571428571429,
        396.4
      ],
      [
        588.3392857142857,
        408.78749999999997
      ],
      [
        600.8571428571429,
        408.78749999999997
      ],
      [
        550.7857142857142,
        433.5625
      ],
      [
        588.3392857142857,
        458.3375
      ],
      [
        538.2678571428571,
        470.72499999999997
      ],
      [
        550.7857142857142,
        470.72499999999997
      ],
      [
        563.3035714285714,
        470.72499999999997
      ],
      [
        575.8214285714286,
        470.72499999999997
      ],
      [
        588.3392857142857,
        470.72499999999997
      ],
      [
        500.71428571428567,
        495.5
      ],
      [
        500.71428571428567,
        507.8875
      ],
      [
        550.7857142857142,
        532.6625
      ],
      [
        563.3035714285714,
        532.6625
      ],
      [
        488.19642857142856,
        545.05
      ],
      [
        550.7857142857142,
        545.05
      ],
      [
        563.3035714285714,
        545.05
      ],
      [
        250.35714285714283,
        557.4375
      ],
      [
        525.75,
        557.4375
      ],
      [
        538.2678571428571,
        557.4375
      ],
      [
        563.3035714285714,
        557.4375
      ],
      [
        250.35714285714283,
        569.8249999999999
      ],
      [
        513.2321428571429,
        569.8249999999999
      ],
      [
        538.2678571428571,
        569.8249999999999
      ],
      [
        563.3035714285714,
        569.8249999999999
      ],
      [
        513.2321428571429,
        582.2125
      ],
      [
        525.75,
        582.2125
      ],
      [
        538.2678571428571,
        582.2125
      ],
      [
        550.7857142857142,
        582.2125
      ],
      [
        538.2678571428571,
        594.5999999999999
      ],
      [
        550.7857142857142,
        594.5999999999999
      ],
      [
        538.2678571428571,
        606.9875
      ],
      [
        550.7857142857142,
        606.9875
      ],
      [
        563.3035714285714,
        606.9875
      ]
    ],
    "_rot_map_shape": [
      991,
      701
    ]
  },
  "processing_time": 197.54516005516052,
  "agent_accepted": true,
  "agent_reason": "[accepted] The site is located in Shepherdswell, Kent, at the junction of Moon Hill and Church Hill. I identified the map on page 4, which shows a red hatched boundary on ",
  "agent_stats": {
    "position_calls": 1,
    "pdf_info": {
      "site_address": "Land off Moon Hill, Shepherdswell, Near Dover, Kent",
      "postcodes": [
        "CT16 3PJ"
      ],
      "grid_refs": [
        "TR2647",
        "TR2648"
      ],
      "scale": "1:1250",
      "map_pages": [
        4
      ],
      "map_page_details": [
        {
          "page": 1,
          "category": "discard",
          "area_group": -1,
          "boundary_clarity": "none",
          "detail_level": "wide",
          "caption": "Cover page with title and council address."
        },
        {
          "page": 2,
          "category": "discard",
          "area_group": -1,
          "boundary_clarity": "none",
          "detail_level": "wide",
          "caption": "Article 4 Direction text."
        },
        {
          "page": 3,
          "category": "discard",
          "area_group": -1,
          "boundary_clarity": "none",
          "detail_level": "wide",
          "caption": "Schedule I and II text with site description."
        },
        {
          "page": 4,
          "category": "match",
          "area_group": 0,
          "boundary_clarity": "clear",
          "detail_level": "close",
          "caption": "Site plan at 1:1250 showing red hatched boundary on land off Moon Hill."
        }
      ],
      "road_names": [
        "Moon Hill",
        "Church Hill"
      ],
      "place_names": [
        "Shepherdswell",
        "Moon Hill Bungalow",
        "Mead House",
        "La Sarne",
        "Chryslyn",
        "Yew Tree Cottage",
        "Carlingcot",
        "Moonfleet"
      ],
      "is_district_wide": false,
      "district_name": null,
      "house_number_road_pairs": [
        "55 Church Hill",
        "59 Church Hill",
        "61 Church Hill",
        "69 Church Hill",
        "71 Church Hill",
        "73 Church Hill"
      ],
      "parish_names": [
        "Shepherdswell"
      ],
      "admin_region": null,
      "likely_town_or_city": "Shepherdswell",
      "visible_map_labels": [
        "Moon Hill",
        "Church Hill",
        "Mead House",
        "La Sarne",
        "Chryslyn",
        "Moon Hill Bungalow",
        "Yew Tree Cottage",
        "Carlingcot",
        "Moonfleet",
        "Path"
      ],
      "adjacency_hints": []
    },
    "outcome_status": "accepted",
    "outcome_reasoning": "The site is located in Shepherdswell, Kent, at the junction of Moon Hill and Church Hill. I identified the map on page 4, which shows a red hatched boundary on land off Moon Hill. I performed two match attempts using coordinates for Moon Hill and Church Hill. The second attempt (candidate 1) yielded 61 inliers with excellent scale consistency (0.98) and perfect road name agreement (Moon Hill and Church Hill both found). Given the rural nature and clear cartographic alignment, I committed this match.",
    "rotation_checked": false,
    "tool_calls": {
      "submit_pdf_info": 1,
      "propose_centers": 2,
      "match_at": 2,
      "commit_match": 1,
      "final_result": 1
    },
    "total_tool_calls": 7,
    "n_turns": 15,
    "validator_retries": 0,
    "worker_request_tokens": 62715,
    "worker_response_tokens": 873,
    "request_tokens": 62715,
    "response_tokens": 873,
    "total_tokens": 63588
  },
  "valid_ground_truth": true,
  "valid_prediction": true,
  "validation_error": null,