{
  "sl_no": 195,
  "match_info": {
    "center": "live_locate:place:Abington Pigotts",
    "zoom": 16,
    "rotation": 0,
    "n_inliers": 98,
    "score": 49.11,
    "scale_factor": 0.919,
    "avg_scale": 1.016,
    "window": [
      1356,
      1582
    ],
    "center_latlon": [
      52.08344935609808,
      -0.10191532979249018
    ],
    "anchor_latlon": [
      52.0832573161058,
      -0.0937065009624503
    ],
    "_inlier_pts_map": [
      [
        922.25,
        860.0
      ],
      [
        1329.125,
        1021.25
      ],
      [
        1356.25,
        1021.25
      ],
      [
        949.375,
        1048.125
      ],
      [
        1302.0,
        1048.125
      ],
      [
        1329.125,
        1048.125
      ],
      [
        1356.25,
        1048.125
      ],
      [
        1247.75,
        1075.0
      ],
      [
        1274.875,
        1075.0
      ],
      [
        1302.0,
        1075.0
      ],
      [
        1329.125,
        1075.0
      ],
      [
        1356.25,
        1075.0
      ],
      [
        1383.375,
        1075.0
      ],
      [
        1247.75,
        1101.875
      ],
      [
        1274.875,
        1101.875
      ],
      [
        1302.0,
        1101.875
      ],
      [
        1329.125,
        1101.875
      ],
      [
        1356.25,
        1101.875
      ],
      [
        1383.375,
        1101.875
      ],
      [
        1274.875,
        1128.75
      ],
      [
        1302.0,
        1128.75
      ],
      [
        1329.125,
        1128.75
      ],
      [
        1356.25,
        1128.75
      ],
      [
        1383.375,
        1128.75
      ],
      [
        1410.5,
        1128.75
      ],
      [
        1302.0,
        1155.625
      ],
      [
        1329.125,
        1155.625
      ],
      [
        1356.25,
        1155.625
      ],
      [
        1383.375,
        1155.625
      ],
      [
        1410.5,
        1155.625
      ],
      [
        1437.625,
        1155.625
      ],
      [
        1329.125,
        1182.5
      ],
      [
        1410.5,
        1182.5
      ],
      [
        1437.625,
        1182.5
      ],
      [
        1003.625,
        1209.375
      ],
      [
        1302.0,
        1209.375
      ],
      [
        1329.125,
        1209.375
      ],
      [
        895.125,
        1639.375
      ],
      [
        922.25,
        1639.375
      ],
      [
        976.5,
        1639.375
      ],
      [
        1003.625,
        1639.375
      ],
      [
        1057.875,
        1639.375
      ],
      [
        840.875,
        1666.25
      ],
      [
        868.0,
        1666.25
      ],
      [
        895.125,
        1666.25
      ],
      [
        922.25,
        1666.25
      ],
      [
        949.375,
        1666.25
      ],
      [
        976.5,
        1666.25
      ],
      [
        1003.625,
        1666.25
      ],
      [
        1030.75,
        1666.25
      ],
      [
        1057.875,
        1666.25
      ],
      [
        840.875,
        1693.125
      ],
      [
        868.0,
        1693.125
      ],
      [
        922.25,
        1693.125
      ],
      [
        949.375,
        1693.125
      ],
      [
        976.5,
        1693.125
      ],
      [
        1003.625,
        1693.125
      ],
      [
        1057.875,
        1693.125
      ],
      [
        678.125,
        1720.0
      ],
      [
        786.625,
        1720.0
      ],
      [
        813.75,
        1720.0
      ],
      [
        868.0,
        1720.0
      ],
      [
        895.125,
        1720.0
      ],
      [
        922.25,
        1720.0
      ],
      [
        949.375,
        1720.0
      ],
      [
        976.5,
        1720.0
      ],
      [
        1003.625,
        1720.0
      ],
      [
        1085.0,
        1720.0
      ],
      [
        569.625,
        1746.875
      ],
      [
        623.875,
        1746.875
      ],
      [
        651.0,
        1746.875
      ],
      [
        678.125,
        1746.875
      ],
      [
        759.5,
        1746.875
      ],
      [
        786.625,
        1746.875
      ],
      [
        813.75,
        1746.875
      ],
      [
        895.125,
        1746.875
      ],
      [
        949.375,
        1746.875
      ],
      [
        976.5,
        1746.875
      ],
      [
        1003.625,
        1746.875
      ],
      [
        1030.75,
        1746.875
      ],
      [
        596.75,
        1773.75
      ],
      [
        651.0,
        1773.75
      ],
      [
        678.125,
        1773.75
      ],
      [
        732.375,
        1773.75
      ],
      [
        759.5,
        1773.75
      ],
      [
        786.625,
        1773.75
      ],
      [
        949.375,
        1773.75
      ],
      [
        976.5,
        1773.75
      ],
      [
        1003.625,
        1773.75
      ],
      [
        1030.75,
        1773.75
      ],
      [
        1057.875,
        1773.75
      ],
      [
        651.0,
        1800.625
      ],
      [
        678.125,
        1800.625
      ],
      [
        759.5,
        1800.625
      ],
      [
        786.625,
        1800.625
      ],
      [
        1003.625,
        1800.625
      ],
      [
        1030.75,
        1800.625
      ],
      [
        1057.875,
        1827.5
      ]
    ],
    "_rot_map_shape": [
      2150,
      1519
    ]
  },
  "processing_time": 194.91134786605835,
  "agent_accepted": true,
  "agent_reason": "[accepted] The map is a wide-area site plan (1:12500) covering land near Abington Pigotts. Two candidates were tested: the village center (98 inliers, 0.97 scale consisten",
  "agent_stats": {
    "position_calls": 1,
    "pdf_info": {
      "site_address": "Land at Abington Pigotts near Royston Hertfordshire",
      "postcodes": [],
      "grid_refs": [],
      "scale": "1:12500",
      "map_pages": [
        2
      ],
      "map_page_details": [
        {
          "page": 2,
          "category": "match",
          "area_group": 0,
          "boundary_clarity": "clear",
          "detail_level": "wide",
          "caption": "Site plan at 1:12500 showing large boundary near Abington Pigotts and Royston."
        }
      ],
      "road_names": [],
      "place_names": [
        "Abington Pigotts",
        "Royston",
        "Hertfordshire",
        "St. Michaels Church",
        "Down Hall Farm"
      ],
      "is_district_wide": false,
      "district_name": "South Cambridgeshire District, UK",
      "house_number_road_pairs": [],
      "parish_names": [
        "Abington Pigotts CP"
      ],
      "admin_region": "South Cambridgeshire",
      "likely_town_or_city": "Royston",
      "visible_map_labels": [
        "ABINGTON PIGOTTS CP",
        "SOUTH CAMBRIDGESHIRE No 1 RD",
        "Abington Pigotts",
        "SCALE 1:12500"
      ],
      "adjacency_hints": [
        "St. Michaels Church",
        "Down Hall Farm"
      ]
    },
    "reader_request_tokens": 4480,
    "reader_response_tokens": 299,
    "outcome_status": "accepted",
    "outcome_reasoning": "The map is a wide-area site plan (1:12500) covering land near Abington Pigotts. Two candidates were tested: the village center (98 inliers, 0.97 scale consistency) and North Brook End (78 inliers, 0.75 scale consistency). The first candidate provided a near-STRONG match with excellent scale agreement and was committed. The resulting polygon covers the large site boundary shown on page 2.",
    "rotation_checked": false,
    "tool_calls": {
      "propose_centers": 2,
      "match_at": 2,
      "commit_match": 1,
      "final_result": 1
    },
    "total_tool_calls": 6,
    "n_turns": 13,
    "validator_retries": 0,
    "worker_request_tokens": 31085,
    "worker_response_tokens": 392,
    "request_tokens": 35565,
    "response_tokens": 691,
    "total_tokens": 36256,
    "critic": {
      "n_rejections": 0,
      "iterations": [
        {
          "iter_idx": 0,