{
  "sl_no": 48,
  "match_info": {
    "center": "live_locate:intersect:Station New Road x Braydeston",
    "zoom": 17,
    "rotation": 0,
    "n_inliers": 141,
    "score": 58.15,
    "scale_factor": 0.438,
    "avg_scale": 0.9837,
    "window": [
      696,
      232
    ],
    "center_latlon": [
      52.62214373398749,
      1.441831875933019
    ],
    "anchor_latlon": [
      52.621,
      1.441
    ],
    "_inlier_pts_map": [
      [
        219.78571428571428,
        242.9625
      ],
      [
        232.71428571428572,
        242.9625
      ],
      [
        142.21428571428572,
        255.75
      ],
      [
        155.14285714285714,
        255.75
      ],
      [
        168.07142857142858,
        255.75
      ],
      [
        181.0,
        255.75
      ],
      [
        193.92857142857144,
        255.75
      ],
      [
        206.85714285714286,
        255.75
      ],
      [
        232.71428571428572,
        255.75
      ],
      [
        245.64285714285714,
        255.75
      ],
      [
        284.42857142857144,
        255.75
      ],
      [
        310.2857142857143,
        255.75
      ],
      [
        155.14285714285714,
        268.53749999999997
      ],
      [
        168.07142857142858,
        268.53749999999997
      ],
      [
        181.0,
        268.53749999999997
      ],
      [
        193.92857142857144,
        268.53749999999997
      ],
      [
        206.85714285714286,
        268.53749999999997
      ],
      [
        219.78571428571428,
        268.53749999999997
      ],
      [
        271.5,
        268.53749999999997
      ],
      [
        284.42857142857144,
        268.53749999999997
      ],
      [
        310.2857142857143,
        268.53749999999997
      ],
      [
        142.21428571428572,
        281.325
      ],
      [
        181.0,
        281.325
      ],
      [
        193.92857142857144,
        281.325
      ],
      [
        219.78571428571428,
        281.325
      ],
      [
        232.71428571428572,
        281.325
      ],
      [
        258.57142857142856,
        281.325
      ],
      [
        271.5,
        281.325
      ],
      [
        284.42857142857144,
        281.325
      ],
      [
        103.42857142857143,
        294.1125
      ],
      [
        116.35714285714286,
        294.1125
      ],
      [
        129.28571428571428,
        294.1125
      ],
      [
        142.21428571428572,
        294.1125
      ],
      [
        155.14285714285714,
        294.1125
      ],
      [
        181.0,
        294.1125
      ],
      [
        232.71428571428572,
        294.1125
      ],
      [
        258.57142857142856,
        294.1125
      ],
      [
        271.5,
        294.1125
      ],
      [
        284.42857142857144,
        294.1125
      ],
      [
        116.35714285714286,
        306.9
      ],
      [
        129.28571428571428,
        306.9
      ],
      [
        245.64285714285714,
        306.9
      ],
      [
        258.57142857142856,
        306.9
      ],
      [
        271.5,
        306.9
      ],
      [
        258.57142857142856,
        319.6875
      ],
      [
        271.5,
        319.6875
      ],
      [
        245.64285714285714,
        332.47499999999997
      ],
      [
        258.57142857142856,
        332.47499999999997
      ],
      [
        142.21428571428572,
        345.2625
      ],
      [
        168.07142857142858,
        345.2625
      ],
      [
        245.64285714285714,
        345.2625
      ],
      [
        258.57142857142856,
        345.2625
      ],
      [
        77.57142857142857,
        358.05
      ],
      [
        142.21428571428572,
        358.05
      ],
      [
        155.14285714285714,
        358.05
      ],
      [
        168.07142857142858,
        358.05
      ],
      [
        181.0,
        358.05
      ],
      [
        193.92857142857144,
        358.05
      ],
      [
        232.71428571428572,
        358.05
      ],
      [
        245.64285714285714,
        358.05
      ],
      [
        465.42857142857144,
        358.05
      ],
      [
        452.5,
        370.8375
      ],
      [
        465.42857142857144,
        370.8375
      ],
      [
        168.07142857142858,
        383.625
      ],
      [
        452.5,
        383.625
      ],
      [
        465.42857142857144,
        383.625
      ],
      [
        478.3571428571429,
        383.625
      ],
      [
        491.2857142857143,
        383.625
      ],
      [
        181.0,
        396.41249999999997
      ],
      [
        193.92857142857144,
        396.41249999999997
      ],
      [
        206.85714285714286,
        396.41249999999997
      ],
      [
        219.78571428571428,
        396.41249999999997
      ],
      [
        452.5,
        396.41249999999997
      ],
      [
        465.42857142857144,
        396.41249999999997
      ],
      [
        181.0,
        409.2
      ],
      [
        193.92857142857144,
        409.2
      ],
      [
        206.85714285714286,
        409.2
      ],
      [
        219.78571428571428,
        409.2
      ],
      [
        181.0,
        421.9875
      ],
      [
        193.92857142857144,
        421.9875
      ],
      [
        206.85714285714286,
        421.9875
      ],
      [
        219.78571428571428,
        421.9875
      ],
      [
        168.07142857142858,
        434.775
      ],
      [
        181.0,
        434.775
      ],
      [
        206.85714285714286,
        434.775
      ],
      [
        219.78571428571428,
        434.775
      ],
      [
        219.78571428571428,
        447.5625
      ],
      [
        232.71428571428572,
        447.5625
      ],
      [
        258.57142857142856,
        447.5625
      ],
      [
        336.14285714285717,
        447.5625
      ],
      [
        374.92857142857144,
        447.5625
      ],
      [
        517.1428571428571,
        460.34999999999997
      ],
      [
        90.5,
        473.1375
      ],
      [
        77.57142857142857,
        485.925
      ],
      [
        90.5,
        485.925
      ],
      [
        103.42857142857143,
        485.925
      ],
      [
        77.57142857142857,
        524.2875
      ],
      [
        129.28571428571428,
        524.2875
      ],
      [
        142.21428571428572,
        524.2875
      ],
      [
        155.14285714285714,
        524.2875
      ],
      [
        374.92857142857144,
        549.8625
      ],
      [
        400.7857142857143,
        549.8625
      ],
      [
        426.64285714285717,
        562.65
      ],
      [
        504.2142857142857,
        562.65
      ],
      [
        517.1428571428571,
        562.65
      ],
      [
        77.57142857142857,
        575.4375
      ],
      [
        90.5,
        575.4375
      ],
      [
        465.42857142857144,
        575.4375
      ],
      [
        478.3571428571429,
        575.4375
      ],
      [
        491.2857142857143,
        575.4375
      ],
      [
        77.57142857142857,
        588.225
      ],
      [
        90.5,
        588.225
      ],
      [
        439.57142857142856,
        588.225
      ],
      [
        452.5,
        588.225
      ],
      [
        478.3571428571429,
        588.225
      ],
      [
        491.2857142857143,
        588.225
      ],
      [
        64.64285714285714,
        601.0124999999999
      ],
      [
        77.57142857142857,
        601.0124999999999
      ],
      [
        478.3571428571429,
        601.0124999999999
      ],
      [
        64.64285714285714,
        613.8
      ],
      [
        168.07142857142858,
        639.375
      ],
      [
        323.2142857142857,
        639.375
      ],
      [
        129.28571428571428,
        652.1625
      ],
      [
        142.21428571428572,
        652.1625
      ],
      [
        155.14285714285714,
        652.1625
      ],
      [
