{
  "sl_no": 192,
  "match_info": {
    "center": "live_locate:place:Heydon Grange (approx)",
    "zoom": 16,
    "rotation": 0,
    "n_inliers": 22,
    "score": 8.79,
    "scale_factor": 0.865,
    "avg_scale": 1.0259,
    "window": [
      555,
      555
    ],
    "center_latlon": [
      52.05382339809688,
      0.04949888239195843
    ],
    "anchor_latlon": [
      52.048,
      0.068
    ],
    "_inlier_pts_map": [
      [
        1061.0249999999999,
        204.14285714285714
      ],
      [
        1086.2875,
        204.14285714285714
      ],
      [
        631.5625,
        1199.3392857142858
      ],
      [
        631.5625,
        1224.857142857143
      ],
      [
        656.8249999999999,
        1224.857142857143
      ],
      [
        682.0875,
        1224.857142857143
      ],
      [
        707.35,
        1224.857142857143
      ],
      [
        606.3,
        1250.375
      ],
      [
        631.5625,
        1250.375
      ],
      [
        656.8249999999999,
        1250.375
      ],
      [
        682.0875,
        1250.375
      ],
      [
        707.35,
        1250.375
      ],
      [
        606.3,
        1275.892857142857
      ],
      [
        631.5625,
        1275.892857142857
      ],
      [
        656.8249999999999,
        1275.892857142857
      ],
      [
        682.0875,
        1275.892857142857
      ],
      [
        707.35,
        1275.892857142857
      ],
      [
        606.3,
        1301.4107142857142
      ],
      [
        631.5625,
        1301.4107142857142
      ],
      [
        656.8249999999999,
        1301.4107142857142
      ],
      [
        682.0875,
        1301.4107142857142
      ],
      [
        656.8249999999999,
        1326.9285714285713
      ]
    ],
    "_rot_map_shape": [
      1429,
      2021
    ]
  },
  "processing_time": 415.5483121871948,
  "agent_accepted": true,
  "agent_reason": "[accepted] a",
  "agent_stats": {
    "position_calls": 1,
    "pdf_info": {
      "site_address": "Ordnance Survey Parcel No. 14, Great Chishill, South Cambridgeshire",
      "postcodes": [],
      "grid_refs": [],
      "scale": "1:10000",
      "map_pages": [
        3
      ],
      "map_page_details": [
        {
          "page": 3,
          "category": "match",
          "area_group": 0,
          "boundary_clarity": "clear",
          "detail_level": "medium",
          "caption": "OS map extract showing Area in Copley Hill Farm subject to Article IV Direction edged in blue/black."
        }
      ],
      "road_names": [
        "A505",
        "B1368"
      ],
      "place_names": [
        "Great Chishill",
        "Heydon",
        "Copley Hill Farm",
        "Heydon Grange"
      ],
      "is_district_wide": false,
      "district_name": "South Cambridgeshire District, UK",
      "house_number_road_pairs": [],
      "parish_names": [
        "Great Chishill"
      ],
      "admin_region": "South Cambridgeshire",
      "likely_town_or_city": "Great Chishill",
      "visible_map_labels": [
        "A505",
        "B1368",
        "HEYDON",
        "Heydon Grange",
        "Copley Hill Farm"
      ],
      "adjacency_hints": [
        "Copley Hill Farm"
      ]
    },
    "reader_request_tokens": 5012,
    "reader_response_tokens": 301,
    "outcome_status": "accepted",
    "outcome_reasoning": "a",
    "rotation_checked": true,
    "tool_calls": {
      "propose_centers": 5,
      "match_at": 5,
      "commit_match": 1,
      "final_result": 2
    },
    "total_tool_calls": 13,
    "n_turns": 28,
    "validator_retries": 0,
    "worker_request_tokens": 67522,
    "worker_response_tokens": 996,
    "request_tokens": 72534,
    "response_tokens": 1297,
    "total_tokens": 73831,
    "critic": {
      "n_rejections": 1,
      "iterations": [
        {
          "iter_idx": 0,
          "action": "retry_locate",
          "chosen_candidate_id": 0,
          "reasoning": "None of the candidates show a correct match. The planning map depicts a rural area with the A505 and B1368 junction clearly labelled, as well as the settlement of Heydon. In candidate 0, the OS tile is matched to an incorrect rural location where the road pattern (a single vertical road) does not match the complex road grid including the A505 seen on the planning map. The n_inliers is very low (22) and road_name_agreement is 0.0.",
          "wall_s": 3.3,
          "llm_error": null,
          "geojson_changed": false
        }
      ],
      "tokens": {
        "request": 5297,
        "response": 141
      }
    }
  },
  "valid_ground_truth": true,
  "valid_prediction": true,
  "validation_error": null,
  "iou": 0.0,
  "precision": 0.0,
  "recall": 0.0,
  "f1_score": 0.0,
  "positioning_error_m": 1194.6934555933153,
  "worker_first_iou": 0.0,
  "worker_first_metrics": {
    "valid_ground_truth": true,
    "valid_prediction": true,
    "validation_error": null,
    "iou": 0.0,
    "precision": 0.0,
    "recall": 0.0,
    "f1_score": 0.0,
    "positioning_error_m": 1194.6934555933153
  }
}