{
  "sl_no": 246,
  "match_info": {
    "center": "live_locate:Church Hill",
    "zoom": 18,
    "rotation": 0,
    "n_inliers": 61,
    "score": 25.64,
    "scale_factor": 0.424,
    "avg_scale": 0.9919,
    "window": [
      1197,
      1026
    ],
    "center_latlon": [
      51.18551159200339,
      1.2349765147824598
    ],
    "anchor_latlon": [
      51.1857306831069,
      1.23267206181179
    ],
    "_inlier_pts_map": [
      [
        162.73214285714286,
        61.9375
      ],
      [
        137.69642857142856,
        74.32499999999999
      ],
      [
        150.21428571428572,
        74.32499999999999
      ],
      [
        162.73214285714286,
        74.32499999999999
      ],
      [
        175.25,
        74.32499999999999
      ],
      [
        150.21428571428572,
        86.71249999999999
      ],
      [
        162.73214285714286,
        86.71249999999999
      ],
      [
        175.25,
        86.71249999999999
      ],
      [
        150.21428571428572,
        99.1
      ],
      [
        162.73214285714286,
        99.1
      ],
      [
        175.25,
        99.1
      ],
      [
        150.21428571428572,
        111.4875
      ],
      [
        162.73214285714286,
        111.4875
      ],
      [
        175.25,
        111.4875
      ],
      [
        112.66071428571428,
        123.875
      ],
      [
        137.69642857142856,
        123.875
      ],
      [
        162.73214285714286,
        123.875
      ],
      [
        175.25,
        123.875
      ],
      [
        112.66071428571428,
        136.2625
      ],
      [
        125.17857142857142,
        136.2625
      ],
      [
        137.69642857142856,
        136.2625
      ],
      [
        100.14285714285714,
        148.64999999999998
      ],
      [
        125.17857142857142,
        148.64999999999998
      ],
      [
        112.66071428571428,
        161.0375
      ],
      [
        600.8571428571429,
        384.0125
      ],
      [
        575.8214285714286,
        396.4
      ],
      [
        588.3392857142857,
        396.4
      ],
      [
        600.8571428571429,
        396.4
      ],
      [
        588.3392857142857,
        408.78749999999997
      ],
      [
        600.8571428571429,
        408.78749999999997
      ],
      [
        550.7857142857142,
        433.5625
      ],
      [
        588.3392857142857,
        458.3375
      ],
      [
        538.2678571428571,
        470.72499999999997
      ],
      [
        550.7857142857142,
        470.72499999999997
      ],
      [
        563.3035714285714,
        470.72499999999997
      ],
      [
        575.8214285714286,
        470.72499999999997
      ],
      [
        588.3392857142857,
        470.72499999999997
      ],
      [
        500.71428571428567,
        495.5
      ],
      [
        500.71428571428567,
        507.8875
      ],
      [
        550.7857142857142,
        532.6625
      ],
      [
        563.3035714285714,
        532.6625
      ],
      [
        488.19642857142856,
        545.05
      ],
      [
        550.7857142857142,
        545.05
      ],
      [
        563.3035714285714,
        545.05
      ],
      [
        250.35714285714283,
        557.4375
      ],
      [
        525.75,
        557.4375
      ],
      [
        538.2678571428571,
        557.4375
      ],
      [
        563.3035714285714,
        557.4375
      ],
      [
        250.35714285714283,
        569.8249999999999
      ],
      [
        513.2321428571429,
        569.8249999999999
      ],
      [
        538.2678571428571,
        569.8249999999999
      ],
      [
        563.3035714285714,
        569.8249999999999
      ],
      [
        513.2321428571429,
        582.2125
      ],
      [
        525.75,
        582.2125
      ],
      [
        538.2678571428571,
        582.2125
      ],
      [
        550.7857142857142,
        582.2125
      ],
      [
        538.2678571428571,
        594.5999999999999
      ],
      [
        550.7857142857142,
        594.5999999999999
      ],
      [
        538.2678571428571,
        606.9875
      ],
      [
        550.7857142857142,
        606.9875
      ],
      [
        563.3035714285714,
        606.9875
      ]
    ],
    "_rot_map_shape": [
      991,
      701
    ]
  },
  "processing_time": 153.49222612380981,
  "agent_accepted": true,
  "agent_reason": "[accepted] The site was located at the junction of Moon Hill and Church Hill in Shepherdswell. Two candidates were tested: the first at Moon Hill (57 inliers) and the seco",
  "agent_stats": {
    "position_calls": 1,
    "pdf_info": {
      "site_address": "Land adjacent to Moon Hill, Shepherdswell, Near Dover, Kent",
      "postcodes": [
        "CT16 3PJ"
      ],
      "grid_refs": [
        "TR2647",
        "TR2648"
      ],
      "scale": "1:1250",
      "map_pages": [
        4
      ],
      "map_page_details": [
        {
          "page": 4,
          "category": "match",
          "area_group": 0,
          "boundary_clarity": "clear",
          "detail_level": "close",
          "caption": "Site plan showing land shaded red off Moon Hill, Shepherdswell at 1:1250 scale."
        }
      ],
      "road_names": [
        "Moon Hill",
        "Church Hill"
      ],
      "place_names": [
        "Shepherdswell",
        "Moon Hill Bungalow",
        "Chryslyn",
        "Yew Tree Cottage",
        "Mead House",
        "La Sarne",
        "Moonfleet",
        "Carlingcot",
        "Church Hill"
      ],
      "is_district_wide": false,
      "district_name": "Dover District, Kent, UK",
      "house_number_road_pairs": [
        "55 Church Hill",
        "59 Church Hill",
        "61 Church Hill",
        "69 Church Hill",
        "71 Church Hill",
        "73 Church Hill"
      ],
      "parish_names": [
        "Shepherdswell"
      ],
      "admin_region": "Dover",
      "likely_town_or_city": "Shepherdswell",
      "visible_map_labels": [
        "Moon Hill",
        "Church Hill",
        "Path",
        "Chryslyn",
        "Moon Hill Bungalow",
        "Yew Tree Cottage",
        "Mead House",
        "La Sarne",
        "Moonfleet",
        "Carlingcot",
        "Church",
        "Shelter"
      ],
      "adjacency_hints": [
        "Moon Hill"
      ]
    },
    "reader_request_tokens": 5544,
    "reader_response_tokens": 401,
    "outcome_status": "accepted",
    "outcome_reasoning": "The site was located at the junction of Moon Hill and Church Hill in Shepherdswell. Two candidates were tested: the first at Moon Hill (57 inliers) and the second at Church Hill (61 inliers). Both showed excellent scale consistency (0.99) and perfect road name agreement. The second candidate (ID 1) was committed as it provided the highest inlier count and a stable affine match for the site boundary.",
    "rotation_checked": false,
    "tool_calls": {
      "propose_centers": 2,
      "match_at": 2,
      "commit_match": 1,
      "final_result": 1
    },
    "total_tool_calls": 6,
    "n_turns": 13,
    "validator_retries": 0,
    "worker_request_tokens": 31676,
    "worker_response_tokens": 375,
    "request_tokens": 37220,
    "response_tokens": 776,
    "total_tokens": 37996,
    "critic": {
      "n_rejections": 0,
      "iterations": [
        {
          "iter_idx": 0,
          "action": "approve",
          "chosen_candidate_id": 1,
          "reasoning": "The committed candidate 1 shows strong visual alignment with the road network and building footprints in Shepherdswell. Specifically, the 'L' shaped property boundary correctly encloses Moon Hill Bungalow and respects the path line to the north, matching the OS vector geometry at zoom 18. High metrics (n_inliers=61, road_name_agreement=1.0) support this valid match.",
          "wall_s": 11.5,
          "llm_error": null
        }
      ],
      "tokens": {
        "request": 4082,
        "response": 112
      }
    }
  },
  "valid_ground_truth": true,