{
  "sl_no": 268,
  "match_info": {
    "center": "live_locate:place:Gailey Lower Reservoir",
    "zoom": 17,
    "rotation": 0,
    "n_inliers": 218,
    "score": 92.5,
    "scale_factor": 0.877,
    "avg_scale": 0.999,
    "window": [
      132,
      924
    ],
    "center_latlon": [
      52.6896878552058,
      -2.098465822393621
    ],
    "anchor_latlon": [
      52.6898,
      -2.0965
    ],
    "_inlier_pts_map": [
      [
        310.7142857142857,
        640.625
      ],
      [
        284.82142857142856,
        666.25
      ],
      [
        310.7142857142857,
        666.25
      ],
      [
        336.60714285714283,
        666.25
      ],
      [
        310.7142857142857,
        691.875
      ],
      [
        336.60714285714283,
        691.875
      ],
      [
        362.5,
        691.875
      ],
      [
        414.2857142857143,
        691.875
      ],
      [
        310.7142857142857,
        717.5
      ],
      [
        362.5,
        717.5
      ],
      [
        388.3928571428571,
        717.5
      ],
      [
        414.2857142857143,
        717.5
      ],
      [
        310.7142857142857,
        743.125
      ],
      [
        388.3928571428571,
        743.125
      ],
      [
        414.2857142857143,
        743.125
      ],
      [
        440.17857142857144,
        743.125
      ],
      [
        388.3928571428571,
        768.75
      ],
      [
        414.2857142857143,
        768.75
      ],
      [
        414.2857142857143,
        794.375
      ],
      [
        233.03571428571428,
        871.25
      ],
      [
        207.14285714285714,
        896.875
      ],
      [
        233.03571428571428,
        896.875
      ],
      [
        336.60714285714283,
        896.875
      ],
      [
        362.5,
        896.875
      ],
      [
        155.35714285714286,
        922.5
      ],
      [
        181.25,
        922.5
      ],
      [
        207.14285714285714,
        922.5
      ],
      [
        233.03571428571428,
        922.5
      ],
      [
        258.92857142857144,
        922.5
      ],
      [
        284.82142857142856,
        922.5
      ],
      [
        310.7142857142857,
        922.5
      ],
      [
        336.60714285714283,
        922.5
      ],
      [
        362.5,
        922.5
      ],
      [
        129.46428571428572,
        948.125
      ],
      [
        155.35714285714286,
        948.125
      ],
      [
        181.25,
        948.125
      ],
      [
        207.14285714285714,
        948.125
      ],
      [
        233.03571428571428,
        948.125
      ],
      [
        258.92857142857144,
        948.125
      ],
      [
        310.7142857142857,
        948.125
      ],
      [
        336.60714285714283,
        948.125
      ],
      [
        362.5,
        948.125
      ],
      [
        129.46428571428572,
        973.75
      ],
      [
        155.35714285714286,
        973.75
      ],
      [
        181.25,
        973.75
      ],
      [
        207.14285714285714,
        973.75
      ],
      [
        233.03571428571428,
        973.75
      ],
      [
        258.92857142857144,
        973.75
      ],
      [
        284.82142857142856,
        973.75
      ],
      [
        310.7142857142857,
        973.75
      ],
      [
        336.60714285714283,
        973.75
      ],
      [
        362.5,
        973.75
      ],
      [
        388.3928571428571,
        973.75
      ],
      [
        129.46428571428572,
        999.375
      ],
      [
        155.35714285714286,
        999.375
      ],
      [
        181.25,
        999.375
      ],
      [
        207.14285714285714,
        999.375
      ],
      [
        233.03571428571428,
        999.375
      ],
      [
        258.92857142857144,
        999.375
      ],
      [
        284.82142857142856,
        999.375
      ],
      [
        310.7142857142857,
        999.375
      ],
      [
        336.60714285714283,
        999.375
      ],
      [
        362.5,
        999.375
      ],
      [
        388.3928571428571,
        999.375
      ],
      [
        414.2857142857143,
        999.375
      ],
      [
        155.35714285714286,
        1025.0
      ],
      [
        181.25,
        1025.0
      ],
      [
        284.82142857142856,
        1025.0
      ],
      [
        310.7142857142857,
        1025.0
      ],
      [
        336.60714285714283,
        1025.0
      ],
      [
        362.5,
        1025.0
      ],
      [
        388.3928571428571,
        1025.0
      ],
      [
        414.2857142857143,
        1025.0
      ],
      [
        440.17857142857144,
        1025.0
      ],
      [
        129.46428571428572,
        1050.625
      ],
      [
        155.35714285714286,
        1050.625
      ],
      [
        181.25,
        1050.625
      ],
      [
        336.60714285714283,
        1050.625
      ],
      [
        362.5,
        1050.625
      ],
      [
        388.3928571428571,
        1050.625
      ],
      [
        414.2857142857143,
        1050.625
      ],
      [
        440.17857142857144,
        1050.625
      ],
      [
        466.07142857142856,
        1050.625
      ],
      [
        129.46428571428572,
        1076.25
      ],
      [
        155.35714285714286,
        1076.25
      ],
      [
        362.5,
        1076.25
      ],
      [
        388.3928571428571,
        1076.25
      ],
      [
        414.2857142857143,
        1076.25
      ],
      [
        440.17857142857144,
        1076.25
      ],
      [
        466.07142857142856,
        1076.25
      ],
      [
        77.67857142857143,
        1101.875
      ],
      [
        129.46428571428572,
        1101.875
      ],
      [
        362.5,
        1101.875
      ],
      [
        388.3928571428571,
        1101.875
      ],
      [
        414.2857142857143,
        1101.875
      ],
      [
        440.17857142857144,
        1101.875
      ],
      [
        466.07142857142856,
        1101.875
      ],
      [
        491.9642857142857,
        1101.875
      ],
      [
        362.5,
        1127.5
      ],
      [
        388.3928571428571,
        1127.5
      ],
      [
        414.2857142857143,
        1127.5
      ],
      [
        440.17857142857144,
        1127.5
      ],
      [
        491.9642857142857,
        1127.5
      ],
      [
        517.8571428571429,
        1127.5
      ],
      [
        388.3928571428571,
        1153.125
      ],
      [
        414.2857142857143,
        1153.125
      ],
      [
        440.17857142857144,
        1153.125
      ],
      [
        466.07142857142856,
        1153.125
      ],
      [
        491.9642857142857,
        1153.125
      ],
      [
        362.5,
        1178.75
      ],
      [
        388.3928571428571,
        1178.75
      ],
      [
        414.2857142857143,
        1178.75
      ],
      [
        440.17857142857144,
        1178.75
      ],
      [
        466.07142857142856,
        1178.75
      ],
      [
        491.9642857142857,
        1178.75
      ],
      [
        517.8571428571429,
        1178.75
      ],
      [
        543.75,
        1178.75
      ],
      [
        129.46428571428572,
        1204.375
      ],
      [
        155.35714285714286,
        1204.375
      ],
      [
        181.25,
        1204.375
      ],
      [
        310.7142857142857,
        1204.375
      ],
      [
        362.5,
        1204.375
      ],
      [
        388.3928571428571,
        1204.375
      ],
      [
        414.2857142857143,
        1204.375
      ],
      [
        440.17857142857144,
        1204.375
      ],
      [
        466.07142857142856,
        1204.375
      ],
      [
        491.9642857142857,
        1204.375
      ],
      [
        517.8571428571429,
        1204.375
      ],
      [
        543.75,
        1204.375
      ],
      [
        569.6428571428571,
        1204.375
      ],
