{
  "sl_no": 194,
  "match_info": {
    "center": "live_locate:place:Hilda's Wood",
    "zoom": 18,
    "rotation": 0,
    "n_inliers": 160,
    "score": 66.72,
    "scale_factor": 0.866,
    "avg_scale": 0.9769,
    "window": [
      1652,
      1180
    ],
    "center_latlon": [
      52.11562126644583,
      0.24441461572519074
    ],
    "anchor_latlon": [
      52.115,
      0.243
    ],
    "_inlier_pts_map": [
      [
        255.71428571428572,
        227.8125
      ],
      [
        306.8571428571429,
        227.8125
      ],
      [
        153.42857142857144,
        278.4375
      ],
      [
        179.0,
        278.4375
      ],
      [
        179.0,
        303.75
      ],
      [
        306.8571428571429,
        455.625
      ],
      [
        332.42857142857144,
        455.625
      ],
      [
        281.2857142857143,
        480.9375
      ],
      [
        306.8571428571429,
        480.9375
      ],
      [
        332.42857142857144,
        480.9375
      ],
      [
        358.0,
        480.9375
      ],
      [
        281.2857142857143,
        506.25
      ],
      [
        306.8571428571429,
        506.25
      ],
      [
        332.42857142857144,
        506.25
      ],
      [
        306.8571428571429,
        531.5625
      ],
      [
        332.42857142857144,
        531.5625
      ],
      [
        1048.4285714285716,
        531.5625
      ],
      [
        1074.0,
        531.5625
      ],
      [
        1048.4285714285716,
        556.875
      ],
      [
        434.7142857142857,
        658.125
      ],
      [
        511.42857142857144,
        658.125
      ],
      [
        434.7142857142857,
        683.4375
      ],
      [
        485.8571428571429,
        683.4375
      ],
      [
        511.42857142857144,
        683.4375
      ],
      [
        537.0,
        683.4375
      ],
      [
        434.7142857142857,
        708.75
      ],
      [
        460.28571428571433,
        708.75
      ],
      [
        485.8571428571429,
        708.75
      ],
      [
        511.42857142857144,
        708.75
      ],
      [
        537.0,
        708.75
      ],
      [
        460.28571428571433,
        734.0625
      ],
      [
        485.8571428571429,
        734.0625
      ],
      [
        460.28571428571433,
        759.375
      ],
      [
        127.85714285714286,
        987.1875
      ],
      [
        102.28571428571429,
        1037.8125
      ],
      [
        127.85714285714286,
        1037.8125
      ],
      [
        792.7142857142858,
        1139.0625
      ],
      [
        818.2857142857143,
        1139.0625
      ],
      [
        792.7142857142858,
        1164.375
      ],
      [
        818.2857142857143,
        1164.375
      ],
      [
        869.4285714285714,
        1164.375
      ],
      [
        767.1428571428572,
        1189.6875
      ],
      [
        792.7142857142858,
        1189.6875
      ],
      [
        818.2857142857143,
        1189.6875
      ],
      [
        843.8571428571429,
        1189.6875
      ],
      [
        792.7142857142858,
        1215.0
      ],
      [
        818.2857142857143,
        1215.0
      ],
      [
        792.7142857142858,
        1240.3125
      ],
      [
        1227.4285714285716,
        1240.3125
      ],
      [
        1253.0,
        1240.3125
      ],
      [
        1176.2857142857144,
        1265.625
      ],
      [
        971.7142857142858,
        1290.9375
      ],
      [
        767.1428571428572,
        1316.25
      ],
      [
        971.7142857142858,
        1316.25
      ],
      [
        997.2857142857143,
        1316.25
      ],
      [
        997.2857142857143,
        1341.5625
      ],
      [
        1022.8571428571429,
        1341.5625
      ],
      [
        1048.4285714285716,
        1341.5625
      ],
      [
        946.1428571428572,
        1366.875
      ],
      [
        1048.4285714285716,
        1366.875
      ],
      [
        946.1428571428572,
        1392.1875
      ],
      [
        971.7142857142858,
        1392.1875
      ],
      [
        997.2857142857143,
        1392.1875
      ],
      [
        1022.8571428571429,
        1392.1875
      ],
      [
        1048.4285714285716,
        1392.1875
      ],
      [
        1074.0,
        1392.1875
      ],
      [
        971.7142857142858,
        1417.5
      ],
      [
        997.2857142857143,
        1417.5
      ],
      [
        1022.8571428571429,
        1417.5
      ],
      [
        1048.4285714285716,
        1417.5
      ],
      [
        843.8571428571429,
        1442.8125
      ],
      [
        946.1428571428572,
        1442.8125
      ],
      [
        971.7142857142858,
        1442.8125
      ],
      [
        997.2857142857143,
        1442.8125
      ],
      [
        843.8571428571429,
        1468.125
      ],
      [
        869.4285714285714,
        1468.125
      ],
      [
        895.0,
        1468.125
      ],
      [
        920.5714285714287,
        1468.125
      ],
      [
        946.1428571428572,
        1468.125
      ],
      [
        971.7142857142858,
        1468.125
      ],
      [
        997.2857142857143,
        1468.125
      ],
      [
        818.2857142857143,
        1493.4375
      ],
      [
        843.8571428571429,
        1493.4375
      ],
      [
        869.4285714285714,
        1493.4375
      ],
      [
        895.0,
        1493.4375
      ],
      [
        920.5714285714287,
        1493.4375
      ],
      [
        946.1428571428572,
        1493.4375
      ],
      [
        971.7142857142858,
        1493.4375
      ],
      [
        997.2857142857143,
        1493.4375
      ],
      [
        818.2857142857143,
        1518.75
      ],
      [
        843.8571428571429,
        1518.75
      ],
      [
        869.4285714285714,
        1518.75
      ],
      [
        895.0,
        1518.75
      ],
      [
        920.5714285714287,
        1518.75
      ],
      [
        946.1428571428572,
        1518.75
      ],
      [
        971.7142857142858,
        1518.75
      ],
      [
        997.2857142857143,
        1518.75
      ],
      [
        588.1428571428572,
        1544.0625
      ],
      [
        818.2857142857143,
        1544.0625
      ],
      [
        843.8571428571429,
        1544.0625
      ],
      [
        869.4285714285714,
        1544.0625
      ],
      [
        895.0,
        1544.0625
      ],
      [
        920.5714285714287,
        1544.0625
      ],
      [
        946.1428571428572,
        1544.0625
      ],
      [
        971.7142857142858,
        1544.0625
      ],
      [
        792.7142857142858,
        1569.375
      ],
      [
        818.2857142857143,
        1569.375
      ],
      [
        843.8571428571429,
        1569.375
      ],
      [
        869.4285714285714,
        1569.375
      ],
      [
        895.0,
        1569.375
      ],
      [
        920.5714285714287,
        1569.375
      ],
      [
        946.1428571428572,
        1569.375
      ],
      [
        818.2857142857143,
        1594.6875
      ],
      [
        843.8571428571429,
        1594.6875
      ],
      [
        869.4285714285714,
        1594.6875
      ],
      [
        895.0,
        1594.6875
      ],
      [
        920.5714285714287,
        1594.6875
      ],
      [
        946.1428571428572,
        1594.6875
      ],
      [
        792.7142857142858,
        1620.0
      ],
      [
        818.2857142857143,
        1620.0
      ],
      [
        843.8571428571429,
        1620.0
      ],
      [
        869.4285714285714,
        1620.0
      ],
      [
        895.0,
        1620.0
      ],
      [
        920.5714285714287,
        1620.0
      ],
      [
        946.1428571428572,
        1620.0
      ],
      [
        818.2857142857143,
        1645.3125
      ],
      [
        895.0,
        1645.3125
      ],
