{
  "sl_no": 121,
  "match_info": {
    "center": "live_locate:place:Millbridge",
    "zoom": 15,
    "rotation": 0,
    "n_inliers": 63,
    "score": 26.38,
    "scale_factor": 1.06,
    "avg_scale": 1.4009,
    "window": [
      788,
      1773
    ],
    "center_latlon": [
      51.163333075047355,
      -0.7723594451905171
    ],
    "anchor_latlon": [
      51.17454,
      -0.78712
    ],
    "_inlier_pts_map": [
      [
        406.94642857142856,
        805.6750000000001
      ],
      [
        250.42857142857142,
        867.65
      ],
      [
        563.4642857142857,
        867.65
      ],
      [
        626.0714285714286,
        867.65
      ],
      [
        688.6785714285714,
        867.65
      ],
      [
        719.9821428571428,
        867.65
      ],
      [
        250.42857142857142,
        929.625
      ],
      [
        375.6428571428571,
        960.6125000000001
      ],
      [
        406.94642857142856,
        991.6
      ],
      [
        93.91071428571428,
        1022.5875
      ],
      [
        156.51785714285714,
        1022.5875
      ],
      [
        375.6428571428571,
        1022.5875
      ],
      [
        406.94642857142856,
        1022.5875
      ],
      [
        469.5535714285714,
        1022.5875
      ],
      [
        156.51785714285714,
        1053.575
      ],
      [
        187.82142857142856,
        1053.575
      ],
      [
        406.94642857142856,
        1053.575
      ],
      [
        156.51785714285714,
        1084.5625
      ],
      [
        187.82142857142856,
        1084.5625
      ],
      [
        250.42857142857142,
        1084.5625
      ],
      [
        281.73214285714283,
        1084.5625
      ],
      [
        313.0357142857143,
        1084.5625
      ],
      [
        469.5535714285714,
        1084.5625
      ],
      [
        187.82142857142856,
        1115.55
      ],
      [
        250.42857142857142,
        1115.55
      ],
      [
        281.73214285714283,
        1115.55
      ],
      [
        344.3392857142857,
        1115.55
      ],
      [
        375.6428571428571,
        1115.55
      ],
      [
        406.94642857142856,
        1115.55
      ],
      [
        438.25,
        1115.55
      ],
      [
        469.5535714285714,
        1115.55
      ],
      [
        500.85714285714283,
        1115.55
      ],
      [
        532.1607142857142,
        1115.55
      ],
      [
        469.5535714285714,
        1177.525
      ],
      [
        469.5535714285714,
        1208.5125
      ],
      [
        500.85714285714283,
        1270.4875
      ],
      [
        563.4642857142857,
        1394.4375
      ],
      [
        594.7678571428571,
        1394.4375
      ],
      [
        219.125,
        1425.425
      ],
      [
        281.73214285714283,
        1425.425
      ],
      [
        500.85714285714283,
        1425.425
      ],
      [
        344.3392857142857,
        1456.4125000000001
      ],
      [
        313.0357142857143,
        1487.4
      ],
      [
        344.3392857142857,
        1487.4
      ],
      [
        406.94642857142856,
        1487.4
      ],
      [
        250.42857142857142,
        1518.3875
      ],
      [
        313.0357142857143,
        1518.3875
      ],
      [
        344.3392857142857,
        1518.3875
      ],
      [
        187.82142857142856,
        1549.375
      ],
      [
        438.25,
        1580.3625
      ],
      [
        438.25,
        1611.3500000000001
      ],
      [
        500.85714285714283,
        1611.3500000000001
      ],
      [
        438.25,
        1642.3375
      ],
      [
        187.82142857142856,
        1673.325
      ],
      [
        500.85714285714283,
        1673.325
      ],
      [
        187.82142857142856,
        1735.3
      ],
      [
        500.85714285714283,
        1735.3
      ],
      [
        438.25,
        1766.2875000000001
      ],
      [
        438.25,
        1797.275
      ],
      [
        500.85714285714283,
        1797.275
      ],
      [
        532.1607142857142,
        1797.275
      ],
      [
        500.85714285714283,
        1859.25
      ],
      [
        594.7678571428571,
        1859.25
      ]
    ],
    "_rot_map_shape": [
      2479,
      1753
    ]
  },
  "processing_time": 249.30932712554932,
  "agent_accepted": true,
  "agent_reason": "[accepted] I performed three match attempts across the site area (Rushmoor, Millbridge, and Tilford). The Millbridge candidate (ID 2) yielded the highest n_inliers (63) fo",
  "agent_stats": {
    "position_calls": 1,
    "pdf_info": {
      "site_address": "Land in the Parishes of Frensham and Tilford within the Rural District of Hambledon, Surrey",
      "postcodes": [],
      "grid_refs": [
        "SU84"
      ],
      "scale": "1:25000",
      "map_pages": [
        7,
        6,
        3
      ],
      "map_page_details": [
        {
          "page": 1,
          "category": "discard",
          "area_group": -1,
          "boundary_clarity": "none",
          "detail_level": "wide",
          "caption": "Title page with text description of boundary and Article 4 direction details."
        },
        {
          "page": 2,
          "category": "discard",
          "area_group": -1,
          "boundary_clarity": "none",
          "detail_level": "wide",
          "caption": "Signature page for the Article 4 direction."
        },
        {
          "page": 3,
          "category": "match",
          "area_group": 0,
          "boundary_clarity": "ambiguous",
          "detail_level": "medium",
          "caption": "Partial map scan showing site boundary (red edge) and seal."
        },
        {
          "page": 4,
          "category": "discard",
          "area_group": -1,
          "boundary_clarity": "none",
          "detail_level": "wide",
          "caption": "Reference OS map SU84 (wide view) without planning boundary."
        },
        {
          "page": 5,
          "category": "discard",
          "area_group": -1,
          "boundary_clarity": "none",
          "detail_level": "medium",
          "caption": "Reference OS map SU84 (medium view) without planning boundary."
        },
        {
          "page": 6,
          "category": "match",
          "area_group": 0,
          "boundary_clarity": "clear",
          "detail_level": "medium",
          "caption": "Map showing hatched planning boundary area across Frensham and Tilford."
        },
        {
          "page": 7,
          "category": "match",
          "area_group": 0,
          "boundary_clarity": "clear",
          "detail_level": "medium",
          "caption": "Annotated map showing hatched boundary with road names (D110, C27, C28, A287, D127)."
        }
      ],
      "road_names": [
        "D 110",
        "CX 28",
        "D 127",
        "CX 27",
        "A 287",
        "Bacon Lane",
        "Tilford Road",
        "The Reeds Road",
        "Hale House Lane"
      ],
      "place_names": [
        "Frensham Common",
        "Hankley Common",
        "Shortfield Common",
        "Millbridge",
        "Spreakley",
        "Lane End",
        "Dockenfield",
        "Rowledge",
        "Tilford Reeds",
        "Rushmoor",
        "Churt",
        "Pierrepont House"
      ],
      "is_district_wide": false,
      "district_name": "Hambledon Rural District, Surrey, UK",
      "house_number_road_pairs": [],
      "parish_names": [
        "Frensham",
        "Tilford"
      ],
      "admin_region": "Hambledon",
      "likely_town_or_city": "Frensham",