{
  "sl_no": 124,
  "match_info": {
    "center": "live_locate:place:Rosemary Lane",
    "zoom": 17,
    "rotation": 0,
    "n_inliers": 22,
    "score": 8.64,
    "scale_factor": 0.423,
    "avg_scale": 1.0713,
    "window": [
      1309,
      374
    ],
    "center_latlon": [
      51.100780080285894,
      -0.522537902237616
    ],
    "anchor_latlon": [
      51.095506,
      -0.528036
    ],
    "_inlier_pts_map": [
      [
        244.82500000000002,
        618.125
      ],
      [
        244.82500000000002,
        635.7857142857142
      ],
      [
        262.3125,
        635.7857142857142
      ],
      [
        279.8,
        635.7857142857142
      ],
      [
        297.2875,
        635.7857142857142
      ],
      [
        244.82500000000002,
        653.4464285714286
      ],
      [
        262.3125,
        653.4464285714286
      ],
      [
        279.8,
        653.4464285714286
      ],
      [
        297.2875,
        653.4464285714286
      ],
      [
        314.77500000000003,
        653.4464285714286
      ],
      [
        209.85000000000002,
        671.1071428571428
      ],
      [
        262.3125,
        671.1071428571428
      ],
      [
        279.8,
        671.1071428571428
      ],
      [
        297.2875,
        671.1071428571428
      ],
      [
        209.85000000000002,
        688.7678571428571
      ],
      [
        244.82500000000002,
        688.7678571428571
      ],
      [
        262.3125,
        688.7678571428571
      ],
      [
        279.8,
        688.7678571428571
      ],
      [
        192.3625,
        706.4285714285713
      ],
      [
        209.85000000000002,
        706.4285714285713
      ],
      [
        244.82500000000002,
        706.4285714285713
      ],
      [
        262.3125,
        706.4285714285713
      ]
    ],
    "_rot_map_shape": [
      989,
      1399
    ]
  },
  "processing_time": 237.82645511627197,
  "agent_accepted": true,
  "agent_reason": "[accepted] The planning boundary for Sydney Farm, Alfold was identified on page 3. Despite the map being an older 1986 scan, multiple positioning attempts were made using ",
  "agent_stats": {
    "position_calls": 1,
    "pdf_info": {
      "site_address": "Sydney Farm, Rosemary Lane, Alfold",
      "postcodes": [
        "GU6 8EY",
        "GU7 1HR"
      ],
      "grid_refs": [],
      "scale": "1:2500",
      "map_pages": [
        3
      ],
      "map_page_details": [
        {
          "page": 1,
          "category": "discard",
          "area_group": -1,
          "boundary_clarity": "none",
          "detail_level": "wide",
          "caption": "Article 4 Direction text, Schedule I description of development."
        },
        {
          "page": 2,
          "category": "discard",
          "area_group": -1,
          "boundary_clarity": "none",
          "detail_level": "wide",
          "caption": "Schedule II description of land at Sydney Farm, Rosemary Lane, Alfold."
        },
        {
          "page": 3,
          "category": "match",
          "area_group": 0,
          "boundary_clarity": "clear",
          "detail_level": "medium",
          "caption": "Site plan showing red boundary around Sydney Farm, Rosemary Lane, Alfold. Scale 1:2500."
        },
        {
          "page": 4,
          "category": "discard",
          "area_group": -1,
          "boundary_clarity": "none",
          "detail_level": "wide",
          "caption": "Memorandum confirming the Article 4 Direction."
        }
      ],
      "road_names": [
        "Rosemary Lane"
      ],
      "place_names": [
        "Sydney Farm",
        "Alfold",
        "Sydney Cottage",
        "Gennets Wood",
        "Barberry Furze"
      ],
      "is_district_wide": false,
      "district_name": null,
      "house_number_road_pairs": [],
      "parish_names": [
        "Alfold"
      ],
      "admin_region": null,
      "likely_town_or_city": null,
      "visible_map_labels": [
        "Sydney Farm",
        "Sydney Cottage",
        "Rosemary Lane",
        "Gennets Wood",
        "Chichester District Council",
        "Barberry Furze"
      ],
      "adjacency_hints": []
    },
    "outcome_status": "accepted",
    "outcome_reasoning": "The planning boundary for Sydney Farm, Alfold was identified on page 3. Despite the map being an older 1986 scan, multiple positioning attempts were made using postcode and road-based anchors. The best match (candidate 1) yielded 22 inliers with high scale consistency (0.87) and perfect road name agreement (Rosemary Lane). The location correctly aligns with the farm buildings and the administrative boundary with Chichester District Council as shown on the map. The resulting polygon covers the farmstead and adjacent land as indicated by the red boundary.",
    "rotation_checked": false,
    "tool_calls": {
      "submit_pdf_info": 1,
      "propose_centers": 3,
      "match_at": 3,
      "commit_match": 1,
      "final_result": 1
    },
    "total_tool_calls": 9,
    "n_turns": 19,
    "validator_retries": 1,
    "worker_request_tokens": 80418,
    "worker_response_tokens": 968,
    "request_tokens": 80418,
    "response_tokens": 968,
    "total_tokens": 81386
  },
  "valid_ground_truth": true,
  "valid_prediction": true,
  "validation_error": null,
  "iou": 0.0,
  "precision": 0.0,
  "recall": 0.0,
  "f1_score": 0.0,
  "positioning_error_m": 2160.600062244175
}