{
  "sl_no": 59,
  "match_info": {
    "center": "live_locate:intersect:Droveway Gardens x Sea Street",
    "zoom": 17,
    "rotation": 0,
    "n_inliers": 225,
    "score": 106.03,
    "scale_factor": 0.424,
    "avg_scale": 1.0067,
    "window": [
      714,
      714
    ],
    "center_latlon": [
      51.15164174170788,
      1.376539654359135
    ],
    "anchor_latlon": [
      51.1526,
      1.3755
    ],
    "_inlier_pts_map": [
      [
        287.5,
        74.25
      ],
      [
        312.5,
        74.25
      ],
      [
        325.0,
        74.25
      ],
      [
        275.0,
        86.625
      ],
      [
        287.5,
        86.625
      ],
      [
        300.0,
        86.625
      ],
      [
        312.5,
        86.625
      ],
      [
        275.0,
        99.0
      ],
      [
        287.5,
        99.0
      ],
      [
        300.0,
        99.0
      ],
      [
        312.5,
        99.0
      ],
      [
        325.0,
        99.0
      ],
      [
        262.5,
        111.375
      ],
      [
        212.5,
        123.75
      ],
      [
        225.0,
        123.75
      ],
      [
        250.0,
        123.75
      ],
      [
        262.5,
        123.75
      ],
      [
        275.0,
        123.75
      ],
      [
        162.5,
        136.125
      ],
      [
        175.0,
        136.125
      ],
      [
        187.5,
        136.125
      ],
      [
        200.0,
        136.125
      ],
      [
        212.5,
        136.125
      ],
      [
        225.0,
        136.125
      ],
      [
        237.5,
        136.125
      ],
      [
        250.0,
        136.125
      ],
      [
        262.5,
        136.125
      ],
      [
        275.0,
        136.125
      ],
      [
        150.0,
        148.5
      ],
      [
        162.5,
        148.5
      ],
      [
        175.0,
        148.5
      ],
      [
        187.5,
        148.5
      ],
      [
        200.0,
        148.5
      ],
      [
        212.5,
        148.5
      ],
      [
        225.0,
        148.5
      ],
      [
        237.5,
        148.5
      ],
      [
        250.0,
        148.5
      ],
      [
        262.5,
        148.5
      ],
      [
        275.0,
        148.5
      ],
      [
        287.5,
        148.5
      ],
      [
        150.0,
        160.875
      ],
      [
        162.5,
        160.875
      ],
      [
        175.0,
        160.875
      ],
      [
        187.5,
        160.875
      ],
      [
        200.0,
        160.875
      ],
      [
        212.5,
        160.875
      ],
      [
        225.0,
        160.875
      ],
      [
        237.5,
        160.875
      ],
      [
        250.0,
        160.875
      ],
      [
        262.5,
        160.875
      ],
      [
        275.0,
        160.875
      ],
      [
        287.5,
        160.875
      ],
      [
        300.0,
        160.875
      ],
      [
        312.5,
        160.875
      ],
      [
        325.0,
        160.875
      ],
      [
        337.5,
        160.875
      ],
      [
        50.0,
        173.25
      ],
      [
        75.0,
        173.25
      ],
      [
        125.0,
        173.25
      ],
      [
        137.5,
        173.25
      ],
      [
        150.0,
        173.25
      ],
      [
        162.5,
        173.25
      ],
      [
        175.0,
        173.25
      ],
      [
        187.5,
        173.25
      ],
      [
        200.0,
        173.25
      ],
      [
        212.5,
        173.25
      ],
      [
        225.0,
        173.25
      ],
      [
        237.5,
        173.25
      ],
      [
        250.0,
        173.25
      ],
      [
        262.5,
        173.25
      ],
      [
        275.0,
        173.25
      ],
      [
        287.5,
        173.25
      ],
      [
        300.0,
        173.25
      ],
      [
        312.5,
        173.25
      ],
      [
        325.0,
        173.25
      ],
      [
        50.0,
        185.625
      ],
      [
        62.5,
        185.625
      ],
      [
        100.0,
        185.625
      ],
      [
        200.0,
        185.625
      ],
      [
        212.5,
        185.625
      ],
      [
        237.5,
        185.625
      ],
      [
        250.0,
        185.625
      ],
      [
        262.5,
        185.625
      ],
      [
        275.0,
        185.625
      ],
      [
        287.5,
        185.625
      ],
      [
        300.0,
        185.625
      ],
      [
        312.5,
        185.625
      ],
      [
        337.5,
        185.625
      ],
      [
        350.0,
        185.625
      ],
      [
        100.0,
        198.0
      ],
      [
        200.0,
        198.0
      ],
      [
        212.5,
        198.0
      ],
      [
        250.0,
        198.0
      ],
      [
        262.5,
        198.0
      ],
      [
        275.0,
        198.0
      ],
      [
        287.5,
        198.0
      ],
      [
        300.0,
        198.0
      ],
      [
        87.5,
        210.375
      ],
      [
        100.0,
        210.375
      ],
      [
        287.5,
        210.375
      ],
      [
        300.0,
        210.375
      ],
      [
        312.5,
        210.375
      ],
      [
        100.0,
        222.75
      ],
      [
        112.5,
        222.75
      ],
      [
        125.0,
        222.75
      ],
      [
        362.5,
        222.75
      ],
      [
        100.0,
        235.125
      ],
      [
        112.5,
        235.125
      ],
      [
        125.0,
        235.125
      ],
      [
        137.5,
        235.125
      ],
      [
        150.0,
        235.125
      ],
      [
        100.0,
        247.5
      ],
      [
        112.5,
        247.5
      ],
      [
        125.0,
        247.5
      ],
      [
        137.5,
        247.5
      ],
      [
        100.0,
        259.875
      ],
      [
        112.5,
        259.875
      ],
      [
        125.0,
        259.875
      ],
      [
        137.5,
        259.875
      ],
      [
        200.0,
        259.875
      ],
      [
        637.5,
        259.875
      ],
      [
        87.5,
        272.25
      ],
      [
        100.0,
        272.25
      ],
      [
        125.0,
        272.25
      ],
      [
        612.5,
        272.25
      ],
      [
        625.0,
        272.25
      ],
      [
        637.5,
        272.25
      ],
      [
        175.0,
        284.625
      ],
      [
        187.5,
        284.625
      ],
      [
        562.5,
        284.625
      ],
      [
        587.5,
        284.625
      ],
      [
        600.0,
        284.625
      ],
      [
        612.5,
        284.625
      ],
      [
        625.0,
        284.625
      ],
      [
        637.5,
        284.625
      ],
      [
        550.0,
        297.0
      ],
      [
        575.0,
        297.0
      ],
      [
        587.5,
        297.0
      ],
      [
        612.5,
        297.0
      ],
      [
        625.0,
        297.0
      ],
      [
        637.5,
        297.0
      ],
      [
        562.5,
        309.375
      ],
      [
        600.0,
        309.375
      ],
      [
        612.5,
        309.375
      ],
      [
        187.5,
        321.75
      ],
      [
        550.0,
        321.75
      ],
      [
        562.5,
        321.75
      ],
      [
        575.0,
        321.75
      ],
      [
        600.0,
        321.75
      ],
      [
        612.5,
        321.75
      ],
      [
        625.0,
        321.75
      ],
      [
        187.5,
        334.125
      ],
      [
        537.5,
        334.125
      ],
      [
        550.0,
        334.125
      ],
      [
        562.5,
        334.125
      ],
      [
        575.0,
        334.125
      ],
      [
        587.5,
        334.125
      ],
      [
        612.5,
        334.125
      ],
      [
        537.5,
        346.5
      ],
      [
        550.0,
        346.5
      ],
      [
