{
  "sl_no": 66,
  "match_info": {
    "center": "live_locate:intersect:Dawson Place x Pembridge Place",
    "zoom": 18,
    "rotation": 0,
    "n_inliers": 105,
    "score": 39.29,
    "scale_factor": 0.726,
    "avg_scale": 0.5856,
    "window": [
      648,
      972
    ],
    "center_latlon": [
      51.512251175128355,
      -0.19585777504465796
    ],
    "anchor_latlon": [
      51.5125,
      -0.1955
    ],
    "_inlier_pts_map": [
      [
        535.7142857142857,
        190.9125
      ],
      [
        664.2857142857142,
        190.9125
      ],
      [
        278.57142857142856,
        212.125
      ],
      [
        342.85714285714283,
        212.125
      ],
      [
        364.2857142857143,
        212.125
      ],
      [
        664.2857142857142,
        233.33749999999998
      ],
      [
        664.2857142857142,
        254.54999999999998
      ],
      [
        728.5714285714286,
        254.54999999999998
      ],
      [
        492.85714285714283,
        360.61249999999995
      ],
      [
        557.1428571428571,
        360.61249999999995
      ],
      [
        728.5714285714286,
        360.61249999999995
      ],
      [
        600.0,
        403.03749999999997
      ],
      [
        642.8571428571428,
        403.03749999999997
      ],
      [
        664.2857142857142,
        403.03749999999997
      ],
      [
        707.1428571428571,
        403.03749999999997
      ],
      [
        728.5714285714286,
        403.03749999999997
      ],
      [
        642.8571428571428,
        424.25
      ],
      [
        728.5714285714286,
        424.25
      ],
      [
        707.1428571428571,
        445.4625
      ],
      [
        471.4285714285714,
        466.67499999999995
      ],
      [
        642.8571428571428,
        466.67499999999995
      ],
      [
        728.5714285714286,
        466.67499999999995
      ],
      [
        771.4285714285713,
        466.67499999999995
      ],
      [
        942.8571428571428,
        572.7375
      ],
      [
        814.2857142857142,
        593.9499999999999
      ],
      [
        235.7142857142857,
        615.1624999999999
      ],
      [
        771.4285714285713,
        615.1624999999999
      ],
      [
        128.57142857142856,
        657.5875
      ],
      [
        150.0,
        657.5875
      ],
      [
        192.85714285714283,
        657.5875
      ],
      [
        600.0,
        657.5875
      ],
      [
        621.4285714285713,
        657.5875
      ],
      [
        600.0,
        678.8
      ],
      [
        621.4285714285713,
        678.8
      ],
      [
        707.1428571428571,
        700.0124999999999
      ],
      [
        771.4285714285713,
        742.4375
      ],
      [
        750.0,
        763.65
      ],
      [
        771.4285714285713,
        763.65
      ],
      [
        814.2857142857142,
        763.65
      ],
      [
        750.0,
        784.8625
      ],
      [
        771.4285714285713,
        784.8625
      ],
      [
        814.2857142857142,
        784.8625
      ],
      [
        750.0,
        827.2874999999999
      ],
      [
        771.4285714285713,
        827.2874999999999
      ],
      [
        814.2857142857142,
        827.2874999999999
      ],
      [
        1007.1428571428571,
        848.5
      ],
      [
        1071.4285714285713,
        848.5
      ],
      [
        364.2857142857143,
        869.7125
      ],
      [
        385.71428571428567,
        869.7125
      ],
      [
        492.85714285714283,
        869.7125
      ],
      [
        750.0,
        869.7125
      ],
      [
        771.4285714285713,
        869.7125
      ],
      [
        1071.4285714285713,
        869.7125
      ],
      [
        492.85714285714283,
        890.925
      ],
      [
        342.85714285714283,
        912.1374999999999
      ],
      [
        449.99999999999994,
        933.3499999999999
      ],
      [
        621.4285714285713,
        954.5624999999999
      ],
      [
        642.8571428571428,
        954.5624999999999
      ],
      [
        685.7142857142857,
        954.5624999999999
      ],
      [
        707.1428571428571,
        954.5624999999999
      ],
      [
        621.4285714285713,
        975.775
      ],
      [
        642.8571428571428,
        975.775
      ],
      [
        664.2857142857142,
        975.775
      ],
      [
        621.4285714285713,
        1018.1999999999999
      ],
      [
        642.8571428571428,
        1018.1999999999999
      ],
      [
        664.2857142857142,
        1018.1999999999999
      ],
      [
        707.1428571428571,
        1018.1999999999999
      ],
      [
        449.99999999999994,
        1060.625
      ],
      [
        642.8571428571428,
        1060.625
      ],
      [
        278.57142857142856,
        1209.1125
      ],
      [
        300.0,
        1209.1125
      ],
      [
        278.57142857142856,
        1230.3249999999998
      ],
      [
        342.85714285714283,
        1251.5375
      ],
      [
        278.57142857142856,
        1272.75
      ],
      [
        300.0,
        1272.75
      ],
      [
        342.85714285714283,
        1272.75
      ],
      [
        278.57142857142856,
        1293.9624999999999
      ],
      [
        300.0,
        1293.9624999999999
      ],
      [
        342.85714285714283,
        1293.9624999999999
      ],
      [
        171.42857142857142,
        1336.3874999999998
      ],
      [
        278.57142857142856,
        1336.3874999999998
      ],
      [
        857.1428571428571,
        1336.3874999999998
      ],
      [
        235.7142857142857,
        1378.8125
      ],
      [
        300.0,
        1378.8125
      ],
      [
        342.85714285714283,
        1378.8125
      ],
      [
        407.1428571428571,
        1378.8125
      ],
      [
        792.8571428571428,
        1378.8125
      ],
      [
        857.1428571428571,
        1378.8125
      ],
      [
        878.5714285714286,
        1378.8125
      ],
      [
        342.85714285714283,
        1421.2375
      ],
      [
        407.1428571428571,
        1421.2375
      ],
      [
        835.7142857142857,
        1421.2375
      ],
      [
        857.1428571428571,
        1421.2375
      ],
      [
        899.9999999999999,
        1421.2375
      ],
      [
        942.8571428571428,
        1421.2375
      ],
      [
        300.0,
        1442.4499999999998
      ],
      [
        342.85714285714283,
        1442.4499999999998
      ],
      [
        407.1428571428571,
        1442.4499999999998
      ],
      [
        835.7142857142857,
        1442.4499999999998
      ],
      [
        857.1428571428571,
        1442.4499999999998
      ],
      [
        899.9999999999999,
        1442.4499999999998
      ],
      [
        942.8571428571428,
        1442.4499999999998
      ],
      [
        835.7142857142857,
        1484.875
      ],
      [
        899.9999999999999,
        1506.0874999999999
      ],
      [
        942.8571428571428,
        1506.0874999999999
      ]
    ],
    "_rot_map_shape": [
      1697,
      1200
    ]
  },
  "processing_time": 112.78551387786865,
  "agent_accepted": true,
  "agent_reason": "[accepted] The document identifies the site as 13 Dawson Place, London W2. Page 9 contains a clear site plan with the property shaded red. I located the site at the inters",
  "agent_stats": {
    "position_calls": 1,
    "pdf_info": {
      "site_address": "13 Dawson Place, London W2",
      "postcodes": [
        "W2 4TJ",
        "W11 2SE",
        "W8 7NX"
      ],
      "grid_refs": [],
      "scale": null,
      "map_pages": [
        9
      ],
      "map_page_details": [
        {
          "page": 1,
          "category": "discard",
          "area_group": -1,
          "boundary_clarity": "none",
          "detail_level": "wide",