{
  "sl_no": 23,
  "match_info": {
    "center": "live_locate:place:Bergh Apton",
    "zoom": 17,
    "rotation": 0,
    "n_inliers": 19,
    "score": 6.77,
    "scale_factor": 0.875,
    "avg_scale": 1.0088,
    "window": [
      1290,
      2838
    ],
    "center_latlon": [
      52.551255020245094,
      1.3977659459590086
    ],
    "anchor_latlon": [
      52.5605806819794,
      1.40195241344862
    ],
    "_inlier_pts_map": [
      [
        664.3000000000001,
        51.642857142857146
      ],
      [
        689.85,
        51.642857142857146
      ],
      [
        1124.2,
        903.75
      ],
      [
        1098.65,
        929.5714285714287
      ],
      [
        1124.2,
        929.5714285714287
      ],
      [
        1149.75,
        929.5714285714287
      ],
      [
        1175.3,
        929.5714285714287
      ],
      [
        1073.1000000000001,
        955.3928571428572
      ],
      [
        1098.65,
        955.3928571428572
      ],
      [
        1124.2,
        955.3928571428572
      ],
      [
        1149.75,
        955.3928571428572
      ],
      [
        1175.3,
        955.3928571428572
      ],
      [
        1073.1000000000001,
        981.2142857142858
      ],
      [
        1098.65,
        981.2142857142858
      ],
      [
        1124.2,
        981.2142857142858
      ],
      [
        1149.75,
        981.2142857142858
      ],
      [
        1175.3,
        981.2142857142858
      ],
      [
        1073.1000000000001,
        1007.0357142857143
      ],
      [
        1124.2,
        1007.0357142857143
      ]
    ],
    "_rot_map_shape": [
      1446,
      2044
    ]
  },
  "processing_time": 649.7901041507721,
  "agent_accepted": true,
  "agent_reason": "[accepted] The document contains a map of Bergh Apton (Page 5) showing an Article 4 Direction boundary. I located the site using the intersection of Church Road and The St",
  "agent_stats": {
    "position_calls": 2,
    "pdf_info": {
      "site_address": "Various sites across South Norfolk District Council area (Aldeby, Bergh Apton, Brooke, Chedgrave, Ditchingham, Gillingham, Hedenham, Loddon, Thurton, Wheatacre, Woodton)",
      "postcodes": [],
      "grid_refs": [],
      "scale": null,
      "map_pages": [
        5
      ],
      "map_page_details": [
        {
          "page": 1,
          "category": "discard",
          "area_group": -1,
          "boundary_clarity": "none",
          "detail_level": "wide",
          "caption": "Article 4 Direction text and Schedule 1 details."
        },
        {
          "page": 2,
          "category": "discard",
          "area_group": -1,
          "boundary_clarity": "none",
          "detail_level": "wide",
          "caption": "Schedule 1 continued (permitted development classes)."
        },
        {
          "page": 3,
          "category": "discard",
          "area_group": -1,
          "boundary_clarity": "none",
          "detail_level": "wide",
          "caption": "Schedule 2: List of addresses and parishes affected."
        },
        {
          "page": 4,
          "category": "discard",
          "area_group": -1,
          "boundary_clarity": "none",
          "detail_level": "wide",
          "caption": "Secretary of State approval stamp."
        },
        {
          "page": 5,
          "category": "match",
          "area_group": 0,
          "boundary_clarity": "clear",
          "detail_level": "close",
          "caption": "Map 1: Bergh Apton - Church Road area with red boundary and hatching."
        }
      ],
      "road_names": [
        "Church Road",
        "Churchill Place",
        "Entrance Lane",
        "Hurst Road",
        "The Rise",
        "Hallow Hill Road",
        "Scudamore Place",
        "Thwaite Road",
        "Windmill Green",
        "Forge Grove",
        "Kenyon Row",
        "Smiths Knoll",
        "Princess Anne Terrace",
        "The Walks",
        "St Ethelberts Close",
        "Whiteways",
        "Everest Place",
        "Hilary Terrace",
        "Suckling Place",
        "Tensing Street",
        "Woodyard Square",
        "St Mary\\'s Row"
      ],
      "place_names": [
        "Stud Farm",
        "Street Farm",
        "The Rectory",
        "Stud Cottage",
        "Filter Bed"
      ],
      "is_district_wide": false,
      "district_name": "South Norfolk District, Norfolk, UK",
      "house_number_road_pairs": [
        "1-15 St Mary\\'s Row",
        "1-6 Waveney Cottages",
        "7-18 Church Road",
        "1-31 Churchill Place",
        "9-29 Entrance Lane",
        "13-29 Hurst Road",
        "1-7 The Rise",
        "25-39 Hallow Hill Road",
        "1-28 Scudamore Place",
        "12-20 Thwaite Road",
        "1-30 Windmill Green",
        "1-15 Forge Grove",
        "1-2 Kenyon Row",
        "1-13 Smiths Knoll",
        "1-9 Princess Anne Terrace",
        "2-80 The Walks",
        "1-12 St Ethelberts Close",
        "1-13 Whiteways",
        "1-2 Everest Place",
        "1-6 Hilary Terrace",
        "2-8 Suckling Place",
        "1-8 Tensing Street",
        "1-12 Woodyard Square"
      ],
      "parish_names": [
        "Aldeby",
        "Bergh Apton",
        "Brooke",
        "Chedgrave",
        "Ditchingham",
        "Gillingham",
        "Hedenham",
        "Loddon",
        "Thurton",
        "Wheatacre",
        "Woodton"
      ],
      "admin_region": "South Norfolk",
      "likely_town_or_city": "Bergh Apton",
      "visible_map_labels": [
        "CHURCH ROAD",
        "Stud Farm",
        "Street Farm",
        "The Rectory",
        "Stud Cottage",
        "Path",
        "Drain",
        "BERGH APTON"
      ],
      "adjacency_hints": [
        "Stud Cottage",
        "The Rectory",
        "Stud Farm",
        "Street Farm"
      ]
    },
    "reader_request_tokens": 6070,
    "reader_response_tokens": 911,
    "locate_n_calls": 6,
    "locate_request_tokens": 152724,
    "locate_response_tokens": 2082,
    "locate_calls": [
      {
        "request_tokens": 15857,
        "response_tokens": 330,
        "n_messages": 11,
        "generation_id": "gen-1779681411-O0hldUQB8WvArk9U4eQe"
      },
      {
        "request_tokens": 19750,
        "response_tokens": 365,
        "n_messages": 22,
        "generation_id": "gen-1779681520-jeZnwDT6csYiDMuHvWgV"
      },
      {
        "request_tokens": 23122,
        "response_tokens": 333,
        "n_messages": 32,
        "generation_id": "gen-1779681626-296zLjjWbPJvti22Onpa"
      },
      {
        "request_tokens": 27638,
        "response_tokens": 352,
        "n_messages": 42,
        "generation_id": "gen-1779681757-GScVUT9uXF0U6XjUT8JB"
      },
      {
        "request_tokens": 31362,
        "response_tokens": 358,
        "n_messages": 52,
        "generation_id": "gen-1779681867-nk6ORLLq6PCVFtAsvupN"
      },
      {
        "request_tokens": 34995,
        "response_tokens": 344,
        "n_messages": 62,
        "generation_id": "gen-1779682000-WGyTbtJQsINbTdVM2lKC"
      }
    ],
    "outcome_status": "accepted",
    "outcome_reasoning": "The document contains a map of Bergh Apton (Page 5) showing an Article 4 Direction boundary. I located the site using the intersection of Church Road and The Street in Bergh Apton, Norfolk. Although the n_inliers (19) was below the ideal threshold, the match correctly aligned with the rural road network and farm landmarks (Street Farm, Stud Farm) visible on the map. I have committed the match for the primary area group.",
    "rotation_checked": true,
    "tool_calls": {
      "propose_centers": 1,
      "match_at": 1,
      "commit_match": 1,
      "final_result": 1
    },
    "total_tool_calls": 4,
    "n_turns": 9,
    "validator_retries": 1,
    "worker_request_tokens": 24017,
    "worker_response_tokens": 217,
    "request_tokens": 182811,
    "response_tokens": 3210,
    "total_tokens": 186021,
    "critic": {
      "n_rejections": 0,