{
  "sl_no": 267,
  "match_info": {
    "center": "live_locate:place:Hyde Lea",
    "zoom": 19,
    "rotation": 0,
    "n_inliers": 24,
    "score": 8.87,
    "scale_factor": 0.879,
    "avg_scale": 1.002,
    "window": [
      774,
      1806
    ],
    "center_latlon": [
      52.776401748954314,
      -2.134618254658733
    ],
    "anchor_latlon": [
      52.7778531222291,
      -2.13201354585906
    ],
    "_inlier_pts_map": [
      [
        1323.267857142857,
        744.575
      ],
      [
        1349.2142857142858,
        744.575
      ],
      [
        1323.267857142857,
        770.25
      ],
      [
        1349.2142857142858,
        770.25
      ],
      [
        1271.375,
        821.6
      ],
      [
        1297.3214285714287,
        821.6
      ],
      [
        1245.4285714285716,
        847.275
      ],
      [
        830.2857142857143,
        1052.675
      ],
      [
        856.2321428571429,
        1052.675
      ],
      [
        882.1785714285714,
        1052.675
      ],
      [
        830.2857142857143,
        1078.3500000000001
      ],
      [
        674.6071428571429,
        1155.375
      ],
      [
        700.5535714285714,
        1155.375
      ],
      [
        1011.9107142857143,
        1181.05
      ],
      [
        1037.857142857143,
        1181.05
      ],
      [
        882.1785714285714,
        1206.7250000000001
      ],
      [
        830.2857142857143,
        1258.075
      ],
      [
        856.2321428571429,
        1258.075
      ],
      [
        804.3392857142858,
        1283.75
      ],
      [
        830.2857142857143,
        1283.75
      ],
      [
        856.2321428571429,
        1283.75
      ],
      [
        804.3392857142858,
        1309.425
      ],
      [
        830.2857142857143,
        1309.425
      ],
      [
        856.2321428571429,
        1309.425
      ]
    ],
    "_rot_map_shape": [
      2054,
      1453
    ]
  },
  "processing_time": 244.66932821273804,
  "agent_accepted": true,
  "agent_reason": "[accepted] The site is located on land to the rear of 'Kevina' in Hyde Lea, Stafford. I identified the site plan on page 2. Two match attempts were made using candidates f",
  "agent_stats": {
    "position_calls": 1,
    "pdf_info": {
      "site_address": "Land rear of \"Kevina\", Hyde Lea, Staffordshire",
      "postcodes": [
        "WV8 1PX"
      ],
      "grid_refs": [],
      "scale": null,
      "map_pages": [
        2
      ],
      "map_page_details": [
        {
          "page": 1,
          "category": "discard",
          "area_group": -1,
          "boundary_clarity": "none",
          "detail_level": "wide",
          "caption": "Article 4 Direction text document for Land rear of Kevina, Hyde Lea, Staffordshire."
        },
        {
          "page": 2,
          "category": "match",
          "area_group": 0,
          "boundary_clarity": "clear",
          "detail_level": "close",
          "caption": "Site plan showing red boundary on land rear of Kevina, Hyde Lea, Stafford. Includes Bradley Lane and house names."
        }
      ],
      "road_names": [
        "Bradley Lane"
      ],
      "place_names": [
        "Kevina",
        "Hyde Lea",
        "Staffordshire",
        "Stafford",
        "Aorangi",
        "Newlands",
        "The Knoll",
        "Thaxted",
        "Four Winds",
        "Home Lea",
        "Meadowsweet",
        "Tanglemere"
      ],
      "is_district_wide": false,
      "district_name": null,
      "house_number_road_pairs": [],
      "parish_names": [],
      "admin_region": null,
      "likely_town_or_city": null,
      "visible_map_labels": [
        "Bradley Lane",
        "Kevina",
        "Aorangi",
        "Newlands",
        "The Knoll",
        "Thaxted",
        "Four Winds",
        "Home Lea",
        "Meadowsweet",
        "Tanglemere"
      ],
      "adjacency_hints": []
    },
    "outcome_status": "accepted",
    "outcome_reasoning": "The site is located on land to the rear of 'Kevina' in Hyde Lea, Stafford. I identified the site plan on page 2. Two match attempts were made using candidates from the locate sub-agent. The first attempt (candidate 0) yielded 24 inliers with excellent scale consistency (0.99) and perfect road name agreement (Bradley Lane). The second attempt yielded 22 inliers. Although the inlier count is slightly below the 'OK' threshold (50), the high scale consistency and road agreement in a rural/residential setting with sparse features provide high confidence in the match. I have committed the best match (candidate 0).",
    "rotation_checked": false,
    "tool_calls": {
      "submit_pdf_info": 1,
      "propose_centers": 2,
      "match_at": 2,
      "commit_match": 1,
      "final_result": 1
    },
    "total_tool_calls": 7,
    "n_turns": 15,
    "validator_retries": 0,
    "worker_request_tokens": 59851,
    "worker_response_tokens": 762,
    "request_tokens": 59851,
    "response_tokens": 762,
    "total_tokens": 60613
  },
  "valid_ground_truth": true,
  "valid_prediction": true,
  "validation_error": null,
  "iou": 0.6422442019441563,
  "precision": 0.7179951569573298,
  "recall": 0.8589050244269955,
  "f1_score": 0.7821543241672049,
  "positioning_error_m": 2.6015877418810915
}