{
  "sl_no": 3,
  "match_info": {
    "center": "live_locate:place:Martin",
    "zoom": 17,
    "rotation": 0,
    "n_inliers": 50,
    "score": 21.16,
    "scale_factor": 0.424,
    "avg_scale": 0.9954,
    "window": [
      1638,
      1365
    ],
    "center_latlon": [
      51.17122099831563,
      1.3422528714015698
    ],
    "anchor_latlon": [
      51.1705,
      1.34
    ],
    "_inlier_pts_map": [
      [
        574.1785714285714,
        272.25
      ],
      [
        586.6607142857143,
        272.25
      ],
      [
        574.1785714285714,
        284.625
      ],
      [
        586.6607142857143,
        284.625
      ],
      [
        574.1785714285714,
        297.0
      ],
      [
        586.6607142857143,
        297.0
      ],
      [
        574.1785714285714,
        309.375
      ],
      [
        586.6607142857143,
        309.375
      ],
      [
        599.1428571428571,
        309.375
      ],
      [
        574.1785714285714,
        321.75
      ],
      [
        586.6607142857143,
        321.75
      ],
      [
        599.1428571428571,
        321.75
      ],
      [
        586.6607142857143,
        334.125
      ],
      [
        561.6964285714286,
        346.5
      ],
      [
        574.1785714285714,
        358.875
      ],
      [
        586.6607142857143,
        358.875
      ],
      [
        599.1428571428571,
        358.875
      ],
      [
        611.625,
        358.875
      ],
      [
        574.1785714285714,
        371.25
      ],
      [
        599.1428571428571,
        371.25
      ],
      [
        561.6964285714286,
        383.625
      ],
      [
        599.1428571428571,
        383.625
      ],
      [
        624.1071428571429,
        408.375
      ],
      [
        611.625,
        420.75
      ],
      [
        624.1071428571429,
        420.75
      ],
      [
        586.6607142857143,
        433.125
      ],
      [
        599.1428571428571,
        433.125
      ],
      [
        536.7321428571429,
        680.625
      ],
      [
        511.76785714285717,
        693.0
      ],
      [
        524.25,
        693.0
      ],
      [
        511.76785714285717,
        705.375
      ],
      [
        524.25,
        705.375
      ],
      [
        536.7321428571429,
        705.375
      ],
      [
        511.76785714285717,
        717.75
      ],
      [
        524.25,
        717.75
      ],
      [
        536.7321428571429,
        717.75
      ],
      [
        499.28571428571433,
        730.125
      ],
      [
        511.76785714285717,
        730.125
      ],
      [
        524.25,
        730.125
      ],
      [
        661.5535714285714,
        767.25
      ],
      [
        649.0714285714286,
        779.625
      ],
      [
        661.5535714285714,
        779.625
      ],
      [
        649.0714285714286,
        792.0
      ],
      [
        661.5535714285714,
        792.0
      ],
      [
        649.0714285714286,
        804.375
      ],
      [
        661.5535714285714,
        804.375
      ],
      [
        212.19642857142858,
        816.75
      ],
      [
        649.0714285714286,
        816.75
      ],
      [
        661.5535714285714,
        816.75
      ],
      [
        661.5535714285714,
        829.125
      ]
    ],
    "_rot_map_shape": [
      990,
      699
    ]
  },
  "processing_time": 150.16548895835876,
  "agent_accepted": true,
  "agent_reason": "[accepted] The document defines an Article 4 Direction for land in the Parish of Langdon, specifically between the villages of Martin, Martin Mill, and East Langdon. Page ",
  "agent_stats": {
    "position_calls": 1,
    "pdf_info": {
      "site_address": "Land in the Parish of Langdon between the villages of Martin, Martin Mill and East Langdon.",
      "postcodes": [],
      "grid_refs": [],
      "scale": "1:2500",
      "map_pages": [
        7,
        6
      ],
      "map_page_details": [
        {
          "page": 1,
          "category": "discard",
          "area_group": -1,
          "boundary_clarity": "none",
          "detail_level": "wide",
          "caption": "Memorandum from Director of Legal & Administrative Services regarding Article 4 Directions."
        },
        {
          "page": 2,
          "category": "discard",
          "area_group": -1,
          "boundary_clarity": "none",
          "detail_level": "wide",
          "caption": "Blank page."
        },
        {
          "page": 3,
          "category": "discard",
          "area_group": -1,
          "boundary_clarity": "none",
          "detail_level": "wide",
          "caption": "Dover District Council Article 4 Direction No. 1 1980."
        },
        {
          "page": 4,
          "category": "discard",
          "area_group": -1,
          "boundary_clarity": "none",
          "detail_level": "wide",
          "caption": "Schedule of development permitted under Article 3."
        },
        {
          "page": 5,
          "category": "discard",
          "area_group": -1,
          "boundary_clarity": "none",
          "detail_level": "wide",
          "caption": "Statement of circumstances for the Article 4 Direction in the Parish of Langdon."
        },
        {
          "page": 6,
          "category": "match",
          "area_group": 0,
          "boundary_clarity": "ambiguous",
          "detail_level": "close",
          "caption": "Title block and partial map showing East Langdon County Primary School."
        },
        {
          "page": 7,
          "category": "match",
          "area_group": 0,
          "boundary_clarity": "clear",
          "detail_level": "close",
          "caption": "Site plan showing stippled boundary between Martin, Martin Mill and East Langdon."
        },
        {
          "page": 8,
          "category": "discard",
          "area_group": -1,
          "boundary_clarity": "none",
          "detail_level": "wide",
          "caption": "Blank page."
        }
      ],
      "road_names": [],
      "place_names": [
        "Martin",
        "Martin Mill",
        "East Langdon",
        "The Grange",
        "East Langdon County Primary School"
      ],
      "is_district_wide": false,
      "district_name": null,
      "house_number_road_pairs": [],
      "parish_names": [
        "Langdon"
      ],
      "admin_region": null,
      "likely_town_or_city": null,
      "visible_map_labels": [
        "The Grange",
        "East Langdon County Primary School",
        "Stone",
        "TR 3346"
      ],
      "adjacency_hints": []
    },
    "outcome_status": "accepted",
    "outcome_reasoning": "The document defines an Article 4 Direction for land in the Parish of Langdon, specifically between the villages of Martin, Martin Mill, and East Langdon. Page 7 provides a clear site plan with a stippled boundary. I performed two match attempts in the area between Martin and East Langdon. The first attempt at (51.1705, 1.34) yielded 50 inliers with excellent scale consistency (0.99). The second attempt yielded slightly fewer inliers (46). I committed the first candidate, which successfully projected the boundary for the specified area.",
    "rotation_checked": false,
    "tool_calls": {
      "submit_pdf_info": 1,
      "propose_centers": 2,
      "match_at": 2,
      "commit_match": 1,
      "final_result": 1
    },
    "total_tool_calls": 7,
    "n_turns": 15,
    "validator_retries": 0,
    "worker_request_tokens": 67050,
    "worker_response_tokens": 936,
    "request_tokens": 67050,
    "response_tokens": 936,
    "total_tokens": 67986
  },
  "valid_ground_truth": true,
  "valid_prediction": true,
  "validation_error": null,
  "iou": 0.9032998052520836,
  "precision": 0.9350014629922386,
  "recall": 0.9638227991375959,
  "f1_score": 0.9491933984960929,
  "positioning_error_m": 2.614155810938387
}