{
  "sl_no": 38,
  "match_info": {
    "center": "live_locate:place:Marlingford Road, Bawburgh",
    "zoom": 18,
    "rotation": 0,
    "n_inliers": 93,
    "score": 39.68,
    "scale_factor": 0.876,
    "avg_scale": 0.9734,
    "window": [
      1032,
      516
    ],
    "center_latlon": [
      52.64146687629793,
      1.1783911292919527
    ],
    "anchor_latlon": [
      52.6389475793071,
      1.18060061163918
    ],
    "_inlier_pts_map": [
      [
        1035.0,
        1408.0
      ],
      [
        1060.875,
        1408.0
      ],
      [
        1086.75,
        1408.0
      ],
      [
        207.0,
        1433.6000000000001
      ],
      [
        232.875,
        1433.6000000000001
      ],
      [
        258.75,
        1433.6000000000001
      ],
      [
        1009.125,
        1433.6000000000001
      ],
      [
        1035.0,
        1433.6000000000001
      ],
      [
        1060.875,
        1433.6000000000001
      ],
      [
        1086.75,
        1433.6000000000001
      ],
      [
        1112.625,
        1433.6000000000001
      ],
      [
        232.875,
        1459.2
      ],
      [
        258.75,
        1459.2
      ],
      [
        1035.0,
        1459.2
      ],
      [
        1060.875,
        1459.2
      ],
      [
        1086.75,
        1459.2
      ],
      [
        1112.625,
        1459.2
      ],
      [
        181.125,
        1484.8000000000002
      ],
      [
        207.0,
        1484.8000000000002
      ],
      [
        232.875,
        1484.8000000000002
      ],
      [
        258.75,
        1484.8000000000002
      ],
      [
        853.875,
        1484.8000000000002
      ],
      [
        879.75,
        1484.8000000000002
      ],
      [
        905.625,
        1484.8000000000002
      ],
      [
        931.5,
        1484.8000000000002
      ],
      [
        957.375,
        1484.8000000000002
      ],
      [
        983.25,
        1484.8000000000002
      ],
      [
        1009.125,
        1484.8000000000002
      ],
      [
        1035.0,
        1484.8000000000002
      ],
      [
        1060.875,
        1484.8000000000002
      ],
      [
        1086.75,
        1484.8000000000002
      ],
      [
        1112.625,
        1484.8000000000002
      ],
      [
        181.125,
        1510.4
      ],
      [
        207.0,
        1510.4
      ],
      [
        232.875,
        1510.4
      ],
      [
        258.75,
        1510.4
      ],
      [
        879.75,
        1510.4
      ],
      [
        905.625,
        1510.4
      ],
      [
        931.5,
        1510.4
      ],
      [
        957.375,
        1510.4
      ],
      [
        983.25,
        1510.4
      ],
      [
        1009.125,
        1510.4
      ],
      [
        1035.0,
        1510.4
      ],
      [
        1060.875,
        1510.4
      ],
      [
        1112.625,
        1510.4
      ],
      [
        181.125,
        1536.0
      ],
      [
        207.0,
        1536.0
      ],
      [
        232.875,
        1536.0
      ],
      [
        258.75,
        1536.0
      ],
      [
        853.875,
        1536.0
      ],
      [
        905.625,
        1536.0
      ],
      [
        983.25,
        1536.0
      ],
      [
        1035.0,
        1536.0
      ],
      [
        1086.75,
        1536.0
      ],
      [
        1112.625,
        1536.0
      ],
      [
        181.125,
        1561.6000000000001
      ],
      [
        207.0,
        1561.6000000000001
      ],
      [
        232.875,
        1561.6000000000001
      ],
      [
        905.625,
        1561.6000000000001
      ],
      [
        931.5,
        1561.6000000000001
      ],
      [
        957.375,
        1561.6000000000001
      ],
      [
        931.5,
        1587.2
      ],
      [
        957.375,
        1587.2
      ],
      [
        646.875,
        1740.8000000000002
      ],
      [
        905.625,
        1766.4
      ],
      [
        569.25,
        1792.0
      ],
      [
        595.125,
        1792.0
      ],
      [
        621.0,
        1792.0
      ],
      [
        646.875,
        1792.0
      ],
      [
        672.75,
        1792.0
      ],
      [
        517.5,
        1817.6000000000001
      ],
      [
        543.375,
        1817.6000000000001
      ],
      [
        569.25,
        1817.6000000000001
      ],
      [
        595.125,
        1817.6000000000001
      ],
      [
        621.0,
        1817.6000000000001
      ],
      [
        646.875,
        1817.6000000000001
      ],
      [
        543.375,
        1843.2
      ],
      [
        569.25,
        1843.2
      ],
      [
        595.125,
        1843.2
      ],
      [
        621.0,
        1843.2
      ],
      [
        646.875,
        1843.2
      ],
      [
        672.75,
        1843.2
      ],
      [
        1242.0,
        1843.2
      ],
      [
        1371.375,
        1843.2
      ],
      [
        543.375,
        1868.8000000000002
      ],
      [
        569.25,
        1868.8000000000002
      ],
      [
        595.125,
        1868.8000000000002
      ],
      [
        621.0,
        1868.8000000000002
      ],
      [
        646.875,
        1868.8000000000002
      ],
      [
        1345.5,
        1868.8000000000002
      ],
      [
        569.25,
        1894.4
      ],
      [
        672.75,
        1894.4
      ],
      [
        957.375,
        1920.0
      ]
    ],
    "_rot_map_shape": [
      2048,
      1449
    ]
  },
  "processing_time": 242.37061190605164,
  "agent_accepted": true,
  "agent_reason": "[accepted] The site is Glen Lodge Farm in Bawburgh, South Norfolk. I identified the map on page 3, which shows a clear red boundary at 1:2500 scale. The first propose_cent",
  "agent_stats": {
    "position_calls": 1,
    "pdf_info": {
      "site_address": "O.S. 0759, part O.S 1962 and part O.S. 2375 in the parish of Bawburgh, South Norfolk",
      "postcodes": [],
      "grid_refs": [],
      "scale": "1:2500",
      "map_pages": [
        3
      ],
      "map_page_details": [
        {
          "page": 1,
          "category": "discard",
          "area_group": -1,
          "boundary_clarity": "none",
          "detail_level": "wide",
          "caption": "Article 4 Direction text mentioning land in the parish of Bawburgh, South Norfolk."
        },
        {
          "page": 2,
          "category": "discard",
          "area_group": -1,
          "boundary_clarity": "none",
          "detail_level": "wide",
          "caption": "Secretary of State approval page."
        },
        {
          "page": 3,
          "category": "match",
          "area_group": 0,
          "boundary_clarity": "clear",
          "detail_level": "medium",
          "caption": "Site plan at 1:2500 showing red boundary around Glen Lodge Farm, Bawburgh."
        }
      ],
      "road_names": [
        "Watton Road (B1108)",
        "Marlingford Road"
      ],
      "place_names": [
        "Glen Lodge Farm",
        "The Hangings",
        "Valley Farm",
        "Heath Cottage",
        "Bawburgh"
      ],
      "is_district_wide": false,
      "district_name": null,
      "house_number_road_pairs": [],
      "parish_names": [
        "Bawburgh"
      ],
      "admin_region": null,
      "likely_town_or_city": null,
      "visible_map_labels": [
        "Glen Lodge Farm",
        "The Hangings",
        "MARLINGFORD ROAD",
        "Valley Farm",
        "Heath Cottage",
        "Bawburgh",
        "CAR PARKING AREA",
        "MARKET STALLS AREA"
      ],
      "adjacency_hints": []
    },
    "outcome_status": "accepted",