{
  "sl_no": 1,
  "match_info": {
    "center": "live_locate:grid_ref:TR 26 48",
    "zoom": 17,
    "rotation": 0,
    "n_inliers": 33,
    "score": 16.38,
    "scale_factor": 0.424,
    "avg_scale": 0.9973,
    "window": [
      0,
      1309
    ],
    "center_latlon": [
      51.19109486713891,
      1.2417584342537396
    ],
    "anchor_latlon": [
      51.1976861724235,
      1.25273665483454
    ],
    "_inlier_pts_map": [
      [
        637.0714285714287,
        227.825
      ],
      [
        583.9821428571429,
        245.34999999999997
      ],
      [
        601.6785714285714,
        245.34999999999997
      ],
      [
        619.375,
        245.34999999999997
      ],
      [
        637.0714285714287,
        245.34999999999997
      ],
      [
        548.5892857142858,
        262.875
      ],
      [
        566.2857142857143,
        262.875
      ],
      [
        583.9821428571429,
        262.875
      ],
      [
        601.6785714285714,
        262.875
      ],
      [
        637.0714285714287,
        262.875
      ],
      [
        672.4642857142858,
        262.875
      ],
      [
        300.8392857142857,
        280.4
      ],
      [
        477.80357142857144,
        280.4
      ],
      [
        495.50000000000006,
        280.4
      ],
      [
        513.1964285714287,
        280.4
      ],
      [
        530.8928571428572,
        280.4
      ],
      [
        548.5892857142858,
        280.4
      ],
      [
        566.2857142857143,
        280.4
      ],
      [
        583.9821428571429,
        280.4
      ],
      [
        654.7678571428572,
        280.4
      ],
      [
        672.4642857142858,
        280.4
      ],
      [
        283.14285714285717,
        297.92499999999995
      ],
      [
        477.80357142857144,
        297.92499999999995
      ],
      [
        495.50000000000006,
        297.92499999999995
      ],
      [
        513.1964285714287,
        297.92499999999995
      ],
      [
        530.8928571428572,
        297.92499999999995
      ],
      [
        548.5892857142858,
        297.92499999999995
      ],
      [
        566.2857142857143,
        297.92499999999995
      ],
      [
        690.1607142857143,
        297.92499999999995
      ],
      [
        283.14285714285717,
        315.45
      ],
      [
        530.8928571428572,
        315.45
      ],
      [
        548.5892857142858,
        315.45
      ],
      [
        513.1964285714287,
        332.97499999999997
      ]
    ],
    "_rot_map_shape": [
      1402,
      991
    ]
  },
  "processing_time": 274.5811870098114,
  "agent_accepted": true,
  "agent_reason": "[accepted] The site was located using the grid reference TR 26 48 and the place name 'Golgotha' on Shepherdswell Road. While initial attempts near Eythorne station yielded",
  "agent_stats": {
    "position_calls": 1,
    "pdf_info": {
      "site_address": "Land at Golgotha, Shepherdswell in the Rural District of Dover and Eythorne in the Rural District of Eastry",
      "postcodes": [],
      "grid_refs": [
        "TR 2648"
      ],
      "scale": "1:2500",
      "map_pages": [
        4
      ],
      "map_page_details": [
        {
          "page": 4,
          "category": "match",
          "area_group": 0,
          "boundary_clarity": "clear",
          "detail_level": "close",
          "caption": "Site plan at Golgotha, Shepherdswell showing pink shaded area at 1:2500 scale."
        }
      ],
      "road_names": [
        "Shepherdswell Road"
      ],
      "place_names": [
        "Golgotha",
        "Shepherdswell",
        "Eythorne",
        "Summerfield",
        "Railway Bungalows",
        "Minster Farm"
      ],
      "is_district_wide": false,
      "district_name": "Dover District, Kent, UK",
      "house_number_road_pairs": [],
      "parish_names": [
        "Shepherdswell",
        "Eythorne"
      ],
      "admin_region": "Dover",
      "likely_town_or_city": "Shepherdswell",
      "visible_map_labels": [
        "Golgotha",
        "Shepherdswell Road",
        "Railway Bungalows",
        "Summerfield",
        "Minster Farm",
        "R.D. Bdy"
      ],
      "adjacency_hints": [
        "Shepherdswell Road",
        "Railway Bungalows"
      ]
    },
    "reader_request_tokens": 5568,
    "reader_response_tokens": 324,
    "outcome_status": "accepted",
    "outcome_reasoning": "The site was located using the grid reference TR 26 48 and the place name 'Golgotha' on Shepherdswell Road. While initial attempts near Eythorne station yielded low inliers, the grid-reference-based center (51.19768, 1.25273) provided a stronger match with 33 inliers and excellent scale consistency (0.99). This location correctly aligns the map's features, including Shepherdswell Road and the railway line, allowing for a successful extraction of the application boundary.",
    "rotation_checked": false,
    "tool_calls": {
      "propose_centers": 3,
      "match_at": 3,
      "commit_match": 1,
      "final_result": 1
    },
    "total_tool_calls": 8,
    "n_turns": 17,
    "validator_retries": 0,
    "worker_request_tokens": 42360,
    "worker_response_tokens": 582,
    "request_tokens": 47928,
    "response_tokens": 906,
    "total_tokens": 48834,
    "critic": {
      "n_rejections": 0,
      "iterations": [
        {
          "iter_idx": 0,
          "action": "approve",
          "chosen_candidate_id": 2,
          "reasoning": "Candidate 2 correctly identifies the unique field boundary shape north of the railway tracks and east of the diagonal road. It has the highest n_inliers (33) and excellent scale_consistency (0.99), with the red polygon correctly positioned relative to the local settlement pattern of Shepherdswell.",
          "wall_s": 3.2,
          "llm_error": null
        }
      ],
      "tokens": {
        "request": 5213,
        "response": 91
      }
    }
  },
  "valid_ground_truth": true,
  "valid_prediction": true,
  "validation_error": null,
  "iou": 0.8808988193868672,
  "precision": 0.934011297642177,
  "recall": 0.939361143801255,
  "f1_score": 0.9366785818632347,
  "positioning_error_m": 6.321236632519476,
  "worker_first_iou": 0.8808988193868672,
  "worker_first_metrics": {
    "valid_ground_truth": true,
    "valid_prediction": true,
    "validation_error": null,
    "iou": 0.8808988193868672,
    "precision": 0.934011297642177,
    "recall": 0.939361143801255,
    "f1_score": 0.9366785818632347,
    "positioning_error_m": 6.321236632519476
  }
}