{
  "sl_no": 208,
  "match_info": {
    "center": "live_locate:place:Cunningham Avenue (refined)",
    "zoom": 18,
    "rotation": 0,
    "n_inliers": 32,
    "score": 11.88,
    "scale_factor": 0.73,
    "avg_scale": 1.0308,
    "window": [
      805,
      966
    ],
    "center_latlon": [
      51.744757327537016,
      -0.3224504990753019
    ],
    "anchor_latlon": [
      51.7442,
      -0.3215
    ],
    "_inlier_pts_map": [
      [
        1408.2749999999999,
        409.5178571428571
      ],
      [
        426.75,
        431.07142857142856
      ],
      [
        533.4375,
        474.1785714285714
      ],
      [
        1194.8999999999999,
        668.1607142857142
      ],
      [
        1194.8999999999999,
        689.7142857142857
      ],
      [
        1258.9125,
        689.7142857142857
      ],
      [
        1280.25,
        689.7142857142857
      ],
      [
        1194.8999999999999,
        711.2678571428571
      ],
      [
        1216.2375,
        711.2678571428571
      ],
      [
        1237.5749999999998,
        711.2678571428571
      ],
      [
        1258.9125,
        711.2678571428571
      ],
      [
        1173.5625,
        732.8214285714286
      ],
      [
        1194.8999999999999,
        732.8214285714286
      ],
      [
        1216.2375,
        732.8214285714286
      ],
      [
        1237.5749999999998,
        732.8214285714286
      ],
      [
        1130.8874999999998,
        754.375
      ],
      [
        1152.225,
        754.375
      ],
      [
        1173.5625,
        754.375
      ],
      [
        1194.8999999999999,
        754.375
      ],
      [
        1173.5625,
        775.9285714285713
      ],
      [
        1194.8999999999999,
        775.9285714285713
      ],
      [
        1216.2375,
        775.9285714285713
      ],
      [
        1408.2749999999999,
        775.9285714285713
      ],
      [
        1237.5749999999998,
        797.4821428571428
      ],
      [
        1365.6,
        797.4821428571428
      ],
      [
        1386.9375,
        797.4821428571428
      ],
      [
        1280.25,
        840.5892857142857
      ],
      [
        1088.2124999999999,
        948.3571428571428
      ],
      [
        1109.55,
        948.3571428571428
      ],
      [
        1130.8874999999998,
        948.3571428571428
      ],
      [
        1130.8874999999998,
        969.9107142857142
      ],
      [
        1024.1999999999998,
        1013.0178571428571
      ]
    ],
    "_rot_map_shape": [
      1207,
      1707
    ]
  },
  "processing_time": 191.2051808834076,
  "agent_accepted": true,
  "agent_reason": "[accepted] The document defines an Article 4 Direction area for Cunningham Avenue in St Albans. I identified the map on page 1 and used the road name 'Cunningham Avenue' t",
  "agent_stats": {
    "position_calls": 1,
    "pdf_info": {
      "site_address": "Cunningham Avenue, St Albans",
      "postcodes": [],
      "grid_refs": [],
      "scale": null,
      "map_pages": [
        1
      ],
      "map_page_details": [
        {
          "page": 1,
          "category": "match",
          "area_group": 0,
          "boundary_clarity": "clear",
          "detail_level": "close",
          "caption": "Site plan showing Cunningham Avenue Article 4 Direction area with hatched boundary."
        },
        {
          "page": 2,
          "category": "discard",
          "area_group": -1,
          "boundary_clarity": "none",
          "detail_level": "wide",
          "caption": "Text page describing withdrawn permitted development rights."
        },
        {
          "page": 3,
          "category": "discard",
          "area_group": -1,
          "boundary_clarity": "none",
          "detail_level": "wide",
          "caption": "Text page describing other minor types of development and microgeneration equipment."
        }
      ],
      "road_names": [
        "Cunningham Avenue"
      ],
      "place_names": [
        "Cunningham Avenue Conservation Area",
        "St Albans City & District Council"
      ],
      "is_district_wide": false,
      "district_name": null,
      "house_number_road_pairs": [],
      "parish_names": [],
      "admin_region": null,
      "likely_town_or_city": "St Albans",
      "visible_map_labels": [
        "Cunningham Avenue",
        "Article 4 Direction"
      ],
      "adjacency_hints": []
    },
    "outcome_status": "accepted",
    "outcome_reasoning": "The document defines an Article 4 Direction area for Cunningham Avenue in St Albans. I identified the map on page 1 and used the road name 'Cunningham Avenue' to propose centers. Two attempts were made; the second attempt (candidate 1) provided a slightly better match with 32 inliers and excellent scale consistency (0.94). The road name agreement was perfect (1.0). Although the inlier count is in the 'WEAK' tier, it is consistent with the residential street layout shown on the map, and the scale/road agreement signals are strong. I have committed this match.",
    "rotation_checked": false,
    "tool_calls": {
      "submit_pdf_info": 1,
      "propose_centers": 2,
      "match_at": 2,
      "commit_match": 1,
      "final_result": 1
    },
    "total_tool_calls": 7,
    "n_turns": 15,
    "validator_retries": 0,
    "worker_request_tokens": 60496,
    "worker_response_tokens": 655,
    "request_tokens": 60496,
    "response_tokens": 655,
    "total_tokens": 61151
  },
  "valid_ground_truth": true,
  "valid_prediction": true,
  "validation_error": null,
  "iou": 0.9528538944474907,
  "precision": 0.9661727944307831,
  "recall": 0.9857390259129829,
  "f1_score": 0.9758578428794917,
  "positioning_error_m": 4.74309196202693
}