{
  "sl_no": 8,
  "match_info": {
    "center": "live_locate:grid_ref:TR 2839/2840",
    "zoom": 17,
    "rotation": 0,
    "n_inliers": 20,
    "score": 7.15,
    "scale_factor": 0.423,
    "avg_scale": 0.9891,
    "window": [
      0,
      1323
    ],
    "center_latlon": [
      51.108360374059316,
      1.2548600944386124
    ],
    "anchor_latlon": [
      51.112,
      1.258
    ],
    "_inlier_pts_map": [
      [
        618.75,
        524.625
      ],
      [
        618.75,
        549.6071428571429
      ],
      [
        445.5,
        699.5
      ],
      [
        470.25,
        699.5
      ],
      [
        470.25,
        724.4821428571429
      ],
      [
        495.0,
        724.4821428571429
      ],
      [
        519.75,
        724.4821428571429
      ],
      [
        495.0,
        749.4642857142858
      ],
      [
        519.75,
        749.4642857142858
      ],
      [
        544.5,
        749.4642857142858
      ],
      [
        519.75,
        774.4464285714286
      ],
      [
        544.5,
        774.4464285714286
      ],
      [
        569.25,
        774.4464285714286
      ],
      [
        544.5,
        799.4285714285714
      ],
      [
        569.25,
        799.4285714285714
      ],
      [
        544.5,
        824.4107142857143
      ],
      [
        569.25,
        824.4107142857143
      ],
      [
        544.5,
        849.3928571428571
      ],
      [
        569.25,
        849.3928571428571
      ],
      [
        594.0,
        849.3928571428571
      ]
    ],
    "_rot_map_shape": [
      1399,
      1980
    ]
  },
  "processing_time": 324.52038979530334,
  "agent_accepted": true,
  "agent_reason": "[accepted] The site is a rural area northwest of the A20 Folkestone Road, near Broomfield Wood and Hougham Lodge. I performed four match attempts using various anchors (Br",
  "agent_stats": {
    "position_calls": 1,
    "pdf_info": {
      "site_address": "Land Northwest of the A20 Folkestone Road, Hougham Without Parish, Dover",
      "postcodes": [
        "CT16 3PG"
      ],
      "grid_refs": [
        "TR 2839",
        "TR 2840"
      ],
      "scale": "1:2500",
      "map_pages": [
        5
      ],
      "map_page_details": [
        {
          "page": 5,
          "category": "match",
          "area_group": 0,
          "boundary_clarity": "clear",
          "detail_level": "medium",
          "caption": "Site plan showing land northwest of A20 Folkestone Road with red boundary line."
        }
      ],
      "road_names": [
        "A20 Folkestone Road"
      ],
      "place_names": [
        "Broomfield Wood",
        "Hougham Lodge",
        "The Plough",
        "Gorse Park"
      ],
      "is_district_wide": false,
      "district_name": null,
      "house_number_road_pairs": [],
      "parish_names": [
        "Hougham Without"
      ],
      "admin_region": "Dover",
      "likely_town_or_city": "Dover",
      "visible_map_labels": [
        "A20 FOLKESTONE ROAD",
        "Broomfield Wood",
        "Hougham Lodge",
        "The Plough (P.H.)",
        "Gorse Park"
      ],
      "adjacency_hints": [
        "A20 Folkestone Road"
      ]
    },
    "reader_request_tokens": 6070,
    "reader_response_tokens": 306,
    "locate_n_calls": 4,
    "locate_request_tokens": 76078,
    "locate_response_tokens": 1229,
    "locate_calls": [
      {
        "request_tokens": 14267,
        "response_tokens": 294,
        "n_messages": 11,
        "generation_id": "gen-1779678919-DDkFg414giZK3Wo4YRGj"
      },
      {
        "request_tokens": 22751,
        "response_tokens": 344,
        "n_messages": 24,
        "generation_id": "gen-1779679029-pEA9ysJ6WpzauZkFLFSa"
      },
      {
        "request_tokens": 17848,
        "response_tokens": 351,
        "n_messages": 32,
        "generation_id": "gen-1779679097-6Mi17Epz7OLH3SY5sp3r"
      },
      {
        "request_tokens": 21212,
        "response_tokens": 240,
        "n_messages": 40,
        "generation_id": "gen-1779679160-fvfMYAcrmia5C4BHiCGl"
      }
    ],
    "outcome_status": "accepted",
    "outcome_reasoning": "The site is a rural area northwest of the A20 Folkestone Road, near Broomfield Wood and Hougham Lodge. I performed four match attempts using various anchors (Broomfield Wood, grid references TR 2839/2840, and road intersections). While n_inliers remained low (max 20) due to the sparse rural cartography and large scale (1:2500), the scale consistency (0.98) and road name agreement (1.0) for candidate 2 (grid reference TR 2839/2840) were excellent. This candidate correctly positioned the map along the A20 corridor. I have committed this match to extract the boundary.",
    "rotation_checked": false,
    "tool_calls": {
      "propose_centers": 4,
      "match_at": 4,
      "commit_match": 1,
      "final_result": 1
    },
    "total_tool_calls": 10,
    "n_turns": 21,
    "validator_retries": 0,
    "worker_request_tokens": 53939,
    "worker_response_tokens": 675,
    "request_tokens": 136087,
    "response_tokens": 2210,
    "total_tokens": 138297,
    "critic": {
      "n_rejections": 0,
      "iterations": [
        {
          "iter_idx": 0,
          "action": "approve",
          "chosen_candidate_id": 2,
          "reasoning": "The committed candidate (2) shows a much better locational fit than 0 or 1, specifically matching the orientation of the road boundary and the proximity to the cluster of buildings to the west. Candidate 1 incorrectly overlays some of those buildings, whereas Candidate 2 correctly positions the site in the adjacent field. n_inliers is low but visual correspondence of the road curve and the settlement shape is strong.",
          "wall_s": 3.5,
          "llm_error": null
        }
      ],
      "tokens": {
        "request": 5212,
        "response": 113
      }
    }
  },
  "valid_ground_truth": true,
  "valid_prediction": true,
  "validation_error": null,
  "iou": 0.0,
  "precision": 0.0,
  "recall": 0.0,
  "f1_score": 0.0,
  "positioning_error_m": 994.1702173549951,
  "worker_first_iou": 0.0,
  "worker_first_metrics": {
    "valid_ground_truth": true,
    "valid_prediction": true,
    "validation_error": null,
    "iou": 0.0,
    "precision": 0.0,
    "recall": 0.0,
    "f1_score": 0.0,
    "positioning_error_m": 994.1702173549951
  }
}