{
  "sl_no": 23,
  "match_info": {
    "center": "live_locate:place:Bergh Apton",
    "zoom": 16,
    "rotation": 0,
    "n_inliers": 21,
    "score": 7.25,
    "scale_factor": 0.875,
    "avg_scale": 1.0172,
    "window": [
      470,
      2115
    ],
    "center_latlon": [
      52.546496957616114,
      1.3850858733810867
    ],
    "anchor_latlon": [
      52.5605806819794,
      1.40195241344862
    ],
    "_inlier_pts_map": [
      [
        485.45,
        180.75
      ],
      [
        511.0,
        180.75
      ],
      [
        485.45,
        206.57142857142858
      ],
      [
        511.0,
        206.57142857142858
      ],
      [
        536.5500000000001,
        206.57142857142858
      ],
      [
        562.1,
        206.57142857142858
      ],
      [
        511.0,
        232.39285714285717
      ],
      [
        562.1,
        232.39285714285717
      ],
      [
        536.5500000000001,
        619.7142857142858
      ],
      [
        638.75,
        645.5357142857143
      ],
      [
        740.95,
        723.0
      ],
      [
        664.3000000000001,
        748.8214285714287
      ],
      [
        689.85,
        748.8214285714287
      ],
      [
        664.3000000000001,
        774.6428571428572
      ],
      [
        689.85,
        774.6428571428572
      ],
      [
        715.4,
        774.6428571428572
      ],
      [
        740.95,
        774.6428571428572
      ],
      [
        689.85,
        800.4642857142858
      ],
      [
        715.4,
        800.4642857142858
      ],
      [
        689.85,
        826.2857142857143
      ],
      [
        715.4,
        826.2857142857143
      ]
    ],
    "_rot_map_shape": [
      1446,
      2044
    ]
  },
  "processing_time": 373.97084283828735,
  "agent_accepted": true,
  "agent_reason": "[accepted] The document contains a site plan for 7-18 Church Road in Bergh Apton. I attempted three different centers in Bergh Apton using village centroids and postcodes.",
  "agent_stats": {
    "position_calls": 1,
    "pdf_info": {
      "site_address": "Various sites across South Norfolk District Council area",
      "postcodes": [],
      "grid_refs": [],
      "scale": null,
      "map_pages": [
        5
      ],
      "map_page_details": [
        {
          "page": 5,
          "category": "match",
          "area_group": 0,
          "boundary_clarity": "clear",
          "detail_level": "close",
          "caption": "Site plan for Bergh Apton showing 7-18 Church Road with red boundary and hatching."
        }
      ],
      "road_names": [
        "Church Road",
        "Entrance Lane",
        "Hurst Road",
        "Hallow Hill Road",
        "Thwaite Road",
        "Tensing Street"
      ],
      "place_names": [
        "St Mary\\'s Row",
        "Waveney Cottages",
        "Churchill Place",
        "Entrance Lane",
        "Hurst Road",
        "The Rise",
        "Hallow Hill Road",
        "Scudamore Place",
        "Thwaite Road",
        "Windmill Green",
        "Forge Grove",
        "Kenyon Row",
        "Smiths Knoll",
        "Princess Anne Terrace",
        "The Walks",
        "St Ethelberts Close",
        "Whiteways",
        "Everest Place",
        "Hilary Terrace",
        "Suckling Place",
        "Tensing Street",
        "Woodyard Square",
        "Stud Farm",
        "Street Farm",
        "The Rectory",
        "Stud Cottage"
      ],
      "is_district_wide": false,
      "district_name": "South Norfolk District, Norfolk, UK",
      "house_number_road_pairs": [
        "1-15 St Mary\\'s Row",
        "1-6 Waveney Cottages",
        "7-18 Church Road",
        "1-31 Churchill Place",
        "9-29 Entrance Lane",
        "13-29 Hurst Road",
        "1-7 The Rise",
        "25-39 Hallow Hill Road",
        "1-28 Scudamore Place",
        "12-20 Thwaite Road",
        "1-30 Windmill Green",
        "1-15 Forge Grove",
        "1-2 Kenyon Row",
        "1-13 Smiths Knoll",
        "1-9 Princess Anne Terrace",
        "2-80 The Walks",
        "1-12 St Ethelberts Close",
        "1-13 Whiteways",
        "1-2 Everest Place",
        "1-6 Hilary Terrace",
        "2-8 Suckling Place",
        "1-8 Tensing Street",
        "1-12 Woodyard Square"
      ],
      "parish_names": [
        "Aldeby",
        "Bergh Apton",
        "Brooke",
        "Chedgrave",
        "Ditchingham",
        "Gillingham",
        "Hedenham",
        "Loddon",
        "Thurton",
        "Wheatacre",
        "Woodton"
      ],
      "admin_region": "South Norfolk",
      "likely_town_or_city": "Bergh Apton",
      "visible_map_labels": [
        "CHURCH ROAD",
        "Stud Farm",
        "Street Farm",
        "The Rectory",
        "Stud Cottage",
        "Path",
        "Drain",
        "Filter Bed"
      ],
      "adjacency_hints": [
        "Stud Cottage",
        "The Rectory",
        "Stud Farm",
        "Street Farm"
      ]
    },
    "reader_request_tokens": 6076,
    "reader_response_tokens": 719,
    "outcome_status": "accepted",
    "outcome_reasoning": "The document contains a site plan for 7-18 Church Road in Bergh Apton. I attempted three different centers in Bergh Apton using village centroids and postcodes. All attempts yielded relatively low inlier counts (19-21), likely due to the rural nature of the site and sparse cartographic features. Candidate 0 (Bergh Apton village centroid) and Candidate 1 (offset) both achieved 21 inliers. I committed Candidate 0 as it had the best combination of inliers (21), scale consistency (0.97), and road name agreement (0.33) for this rural location. The resulting polygon covers the residential cluster on Church Road as indicated in the PDF.",
    "rotation_checked": true,
    "tool_calls": {
      "propose_centers": 3,
      "match_at": 3,
      "commit_match": 1,
      "final_result": 1
    },
    "total_tool_calls": 8,
    "n_turns": 17,
    "validator_retries": 0,
    "worker_request_tokens": 46000,
    "worker_response_tokens": 563,
    "request_tokens": 52076,
    "response_tokens": 1282,
    "total_tokens": 53358,
    "critic": {
      "n_rejections": 0,
      "iterations": [
        {
          "iter_idx": 0,
          "action": "approve",
          "chosen_candidate_id": 0,
          "reasoning": "Candidate 0 shows a correct alignment at zoom 16 where the distinctive T-junction and the curved road heading north match the OS map. The red polygon correctly encompasses the green boundary mask along Church Road. Although n_inliers is low (21), the visual layout of the fields and forest patches at that location is consistent with the planning map.",
          "wall_s": 4.4,
          "llm_error": null
        }
      ],
      "tokens": {
        "request": 5191,
        "response": 102
      }
    }
  },
  "valid_ground_truth": true,
  "valid_prediction": true,
  "validation_error": null,
  "iou": 0.0,
  "precision": 0.0,
  "recall": 0.0,
  "f1_score": 0.0,
  "positioning_error_m": 1493.752367759166,
  "worker_first_iou": 0.0,
  "worker_first_metrics": {
    "valid_ground_truth": true,
    "valid_prediction": true,
    "validation_error": null,
    "iou": 0.0,
    "precision": 0.0,
    "recall": 0.0,
    "f1_score": 0.0,
    "positioning_error_m": 1493.752367759166
  }
}