{
  "sl_no": 10,
  "match_info": {
    "center": "live_locate:manual_offset:Prince's Golf Club",
    "zoom": 17,
    "rotation": 0,
    "n_inliers": 28,
    "score": 11.04,
    "scale_factor": 0.425,
    "avg_scale": 1.0027,
    "window": [
      242,
      0
    ],
    "center_latlon": [
      51.28916895424373,
      1.3749274572126353
    ],
    "anchor_latlon": [
      51.282,
      1.388
    ],
    "_inlier_pts_map": [
      [
        170.0,
        226.7
      ],
      [
        170.0,
        255.0375
      ],
      [
        170.0,
        283.375
      ],
      [
        198.33333333333331,
        283.375
      ],
      [
        680.0,
        1898.6125
      ],
      [
        736.6666666666666,
        1898.6125
      ],
      [
        765.0,
        1898.6125
      ],
      [
        708.3333333333333,
        1926.9499999999998
      ],
      [
        736.6666666666666,
        1926.9499999999998
      ],
      [
        765.0,
        1926.9499999999998
      ],
      [
        708.3333333333333,
        1955.2875
      ],
      [
        736.6666666666666,
        1955.2875
      ],
      [
        765.0,
        1955.2875
      ],
      [
        736.6666666666666,
        1983.625
      ],
      [
        765.0,
        1983.625
      ],
      [
        793.3333333333333,
        1983.625
      ],
      [
        793.3333333333333,
        2040.3
      ],
      [
        821.6666666666666,
        2068.6375
      ],
      [
        850.0,
        2068.6375
      ],
      [
        878.3333333333333,
        2068.6375
      ],
      [
        906.6666666666666,
        2068.6375
      ],
      [
        821.6666666666666,
        2096.975
      ],
      [
        850.0,
        2096.975
      ],
      [
        878.3333333333333,
        2096.975
      ],
      [
        906.6666666666666,
        2096.975
      ],
      [
        850.0,
        2125.3125
      ],
      [
        878.3333333333333,
        2125.3125
      ],
      [
        850.0,
        2153.65
      ]
    ],
    "_rot_map_shape": [
      2267,
      1020
    ]
  },
  "processing_time": 197.82964491844177,
  "agent_accepted": true,
  "agent_reason": "[accepted] The planning boundary is a coastal strip at Sandwich Bay, Kent, specifically land at Sandwich Bay in the Parish of Worth, abutting Prince's Golf Links. I identi",
  "agent_stats": {
    "position_calls": 1,
    "pdf_info": {
      "site_address": "Land at Sandwich Bay in the Parish of Worth, Kent",
      "postcodes": [],
      "grid_refs": [],
      "scale": "1:2500",
      "map_pages": [
        7
      ],
      "map_page_details": [
        {
          "page": 1,
          "category": "discard",
          "area_group": -1,
          "boundary_clarity": "none",
          "detail_level": "wide",
          "caption": "Notice of Article 4 Direction - Land at Sandwich Bay, Parish of Worth"
        },
        {
          "page": 2,
          "category": "discard",
          "area_group": -1,
          "boundary_clarity": "none",
          "detail_level": "wide",
          "caption": "Statement of Issues - Nature Conservancy, Kent Development Plan, Sandwich Bay"
        },
        {
          "page": 3,
          "category": "discard",
          "area_group": -1,
          "boundary_clarity": "none",
          "detail_level": "wide",
          "caption": "Statement of Issues continued - Dover District Council Article 4 Direction details"
        },
        {
          "page": 4,
          "category": "discard",
          "area_group": -1,
          "boundary_clarity": "none",
          "detail_level": "wide",
          "caption": "Article 4 Direction text - Land at Sandwich Bay, Parish of Worth, abutting Princes Golf Club"
        },
        {
          "page": 5,
          "category": "discard",
          "area_group": -1,
          "boundary_clarity": "none",
          "detail_level": "wide",
          "caption": "Schedule and Common Seal of Dover District Council"
        },
        {
          "page": 6,
          "category": "discard",
          "area_group": -1,
          "boundary_clarity": "none",
          "detail_level": "wide",
          "caption": "Cover page for Direction No. 2, 1975"
        },
        {
          "page": 7,
          "category": "match",
          "area_group": 0,
          "boundary_clarity": "clear",
          "detail_level": "medium",
          "caption": "Site plan at 1:2500 showing pink hatched boundary along the coast at Sandwich Bay"
        }
      ],
      "road_names": [],
      "place_names": [
        "Sandwich Bay",
        "Princes Golf Club House and Links",
        "Sand & Mud"
      ],
      "is_district_wide": false,
      "district_name": null,
      "house_number_road_pairs": [],
      "parish_names": [
        "Worth"
      ],
      "admin_region": null,
      "likely_town_or_city": null,
      "visible_map_labels": [
        "Prince's Golf Links",
        "Sand & Mud",
        "Prince's Golf Club",
        "Worth Parish",
        "Sandwich Estate"
      ],
      "adjacency_hints": []
    },
    "outcome_status": "accepted",
    "outcome_reasoning": "The planning boundary is a coastal strip at Sandwich Bay, Kent, specifically land at Sandwich Bay in the Parish of Worth, abutting Prince's Golf Links. I identified the site map on page 7. Due to the sparse coastal cartography (sand, mud, and golf links), RANSAC inliers were relatively low (peak 28), but the scale consistency was exceptionally high (0.994), indicating a very accurate affine transformation. I tested three candidates along the coast (Sandwich Bay Estate, the bay centroid, and Prince's Golf Club) and committed the strongest match at Prince's Golf Club.",
    "rotation_checked": false,
    "tool_calls": {
      "submit_pdf_info": 1,
      "propose_centers": 3,
      "match_at": 3,
      "commit_match": 1,
      "final_result": 1
    },
    "total_tool_calls": 9,
    "n_turns": 19,
    "validator_retries": 0,
    "worker_request_tokens": 84683,
    "worker_response_tokens": 1112,
    "request_tokens": 84683,
    "response_tokens": 1112,
    "total_tokens": 85795
  },
  "valid_ground_truth": true,
  "valid_prediction": true,
  "validation_error": null,
  "iou": 0.4114683105063147,
  "precision": 0.6441710110551686,
  "recall": 0.5324989395139598,
  "f1_score": 0.5830358463502895,
  "positioning_error_m": 123.87158993522623
}