{
  "sl_no": 51,
  "match_info": {
    "center": "live_locate:place:Thorpe St Andrew",
    "zoom": 17,
    "rotation": 0,
    "n_inliers": 30,
    "score": 15.19,
    "scale_factor": 0.876,
    "avg_scale": 0.9994,
    "window": [
      0,
      660
    ],
    "center_latlon": [
      52.63411348927002,
      1.3337877898191266
    ],
    "anchor_latlon": [
      52.6344944685008,
      1.34350258573725
    ],
    "_inlier_pts_map": [
      [
        388.125,
        742.4000000000001
      ],
      [
        414.0,
        742.4000000000001
      ],
      [
        362.25,
        768.0
      ],
      [
        388.125,
        768.0
      ],
      [
        414.0,
        768.0
      ],
      [
        439.875,
        768.0
      ],
      [
        362.25,
        793.6
      ],
      [
        388.125,
        793.6
      ],
      [
        414.0,
        793.6
      ],
      [
        439.875,
        793.6
      ],
      [
        362.25,
        819.2
      ],
      [
        388.125,
        819.2
      ],
      [
        414.0,
        819.2
      ],
      [
        439.875,
        819.2
      ],
      [
        362.25,
        844.8000000000001
      ],
      [
        388.125,
        844.8000000000001
      ],
      [
        414.0,
        844.8000000000001
      ],
      [
        439.875,
        844.8000000000001
      ],
      [
        465.75,
        844.8000000000001
      ],
      [
        414.0,
        870.4000000000001
      ],
      [
        439.875,
        870.4000000000001
      ],
      [
        465.75,
        870.4000000000001
      ],
      [
        414.0,
        896.0
      ],
      [
        439.875,
        896.0
      ],
      [
        465.75,
        896.0
      ],
      [
        414.0,
        921.6
      ],
      [
        414.0,
        972.8000000000001
      ],
      [
        388.125,
        998.4000000000001
      ],
      [
        414.0,
        1049.6000000000001
      ],
      [
        1009.125,
        1100.8
      ]
    ],
    "_rot_map_shape": [
      2048,
      1449
    ]
  },
  "processing_time": 324.5373020172119,
  "agent_accepted": true,
  "agent_reason": "[accepted] The map shows the RAF Coltishall Conservation Area boundary, but the specific site plan provided (Page 2) depicts the Thorpe Lodge council office complex on Yar",
  "agent_stats": {
    "position_calls": 1,
    "pdf_info": {
      "site_address": "RAF Coltishall Conservation Area",
      "postcodes": [
        "NR7 0DU"
      ],
      "grid_refs": [],
      "scale": null,
      "map_pages": [
        2
      ],
      "map_page_details": [
        {
          "page": 1,
          "category": "discard",
          "area_group": -1,
          "boundary_clarity": "none",
          "detail_level": "wide",
          "caption": "Article 4(2) Direction notice text for RAF Coltishall Conservation Area."
        },
        {
          "page": 2,
          "category": "match",
          "area_group": 0,
          "boundary_clarity": "clear",
          "detail_level": "medium",
          "caption": "Site plan showing the RAF Coltishall Conservation Area boundary in red."
        }
      ],
      "road_names": [
        "Yarmouth Road"
      ],
      "place_names": [
        "RAF Coltishall Conservation Area",
        "Thorpe Lodge"
      ],
      "is_district_wide": false,
      "district_name": "Broadland District, Norfolk, UK",
      "house_number_road_pairs": [],
      "parish_names": [],
      "admin_region": "Broadland",
      "likely_town_or_city": "Coltishall",
      "visible_map_labels": [],
      "adjacency_hints": []
    },
    "reader_request_tokens": 4480,
    "reader_response_tokens": 266,
    "outcome_status": "accepted",
    "outcome_reasoning": "The map shows the RAF Coltishall Conservation Area boundary, but the specific site plan provided (Page 2) depicts the Thorpe Lodge council office complex on Yarmouth Road in Thorpe St Andrew (Broadland District Council HQ). \n\nI tested three locations:\n1. NR7 0DU (Thorpe Lodge): 26 inliers, 1.0 road agreement, 0.96 scale.\n2. Badersfield (RAF Coltishall site): 19 inliers, 0.0 road agreement.\n3. Thorpe St Andrew (Thorpe Lodge): 30 inliers, 1.0 road agreement, 0.99 scale.\n\nCandidate 2 (Thorpe St Andrew) provided the strongest match with 30 inliers and excellent scale consistency (0.99). Although the inlier count is in the 'WEAK' tier (25-49), it is the best available across multiple attempts and is corroborated by perfect road name agreement and scale. I have committed this match.",
    "rotation_checked": false,
    "tool_calls": {
      "propose_centers": 3,
      "match_at": 3,
      "commit_match": 1,
      "final_result": 1
    },
    "total_tool_calls": 8,
    "n_turns": 17,
    "validator_retries": 0,
    "worker_request_tokens": 41936,
    "worker_response_tokens": 739,
    "request_tokens": 46416,
    "response_tokens": 1005,
    "total_tokens": 47421,
    "critic": {
      "n_rejections": 0,
      "iterations": [
        {
          "iter_idx": 0,
          "action": "approve",
          "chosen_candidate_id": 2,
          "reasoning": "Candidate 2 shows the best alignment, particularly evident in the triangular shape of the boundary block and the matching complex building to its east. It has the highest n_inliers (30) and perfect scale_consistency (1.0). Although Cand 0 is similar, Cand 2's specific alignment with the surrounding street network and internal building footprints is superior.",
          "wall_s": 3.1,
          "llm_error": null
        }
      ],
      "tokens": {
        "request": 5218,
        "response": 105
      }
    }
  },
  "valid_ground_truth": true,
  "valid_prediction": true,
  "validation_error": null,
  "iou": 0.0,
  "precision": 0.0,
  "recall": 0.0,
  "f1_score": 0.0,
  "positioning_error_m": 13933.82225771091,
  "worker_first_iou": 0.0,
  "worker_first_metrics": {
    "valid_ground_truth": true,
    "valid_prediction": true,
    "validation_error": null,
    "iou": 0.0,
    "precision": 0.0,
    "recall": 0.0,
    "f1_score": 0.0,
    "positioning_error_m": 13933.82225771091
  }
}