{
  "sl_no": 67,
  "match_info": {
    "center": "live_locate:place:Brewster Gardens",
    "zoom": 19,
    "rotation": 0,
    "n_inliers": 84,
    "score": 31.14,
    "scale_factor": 0.854,
    "avg_scale": 1.0031,
    "window": [
      1841,
      1578
    ],
    "center_latlon": [
      51.520178337521386,
      -0.22681918759997188
    ],
    "anchor_latlon": [
      51.5212623367219,
      -0.227134781943775
    ],
    "_inlier_pts_map": [
      [
        983.3571428571429,
        773.8375
      ],
      [
        1008.5714285714287,
        773.8375
      ],
      [
        983.3571428571429,
        798.8
      ],
      [
        1008.5714285714287,
        798.8
      ],
      [
        1033.7857142857142,
        798.8
      ],
      [
        1059.0,
        798.8
      ],
      [
        1008.5714285714287,
        823.7624999999999
      ],
      [
        1033.7857142857142,
        823.7624999999999
      ],
      [
        1084.2142857142858,
        848.7249999999999
      ],
      [
        1109.4285714285716,
        848.7249999999999
      ],
      [
        1084.2142857142858,
        873.6875
      ],
      [
        1109.4285714285716,
        873.6875
      ],
      [
        1084.2142857142858,
        898.65
      ],
      [
        1109.4285714285716,
        898.65
      ],
      [
        1134.642857142857,
        898.65
      ],
      [
        1159.857142857143,
        898.65
      ],
      [
        1084.2142857142858,
        923.6125
      ],
      [
        1109.4285714285716,
        923.6125
      ],
      [
        1134.642857142857,
        923.6125
      ],
      [
        1159.857142857143,
        923.6125
      ],
      [
        1185.0714285714287,
        923.6125
      ],
      [
        1084.2142857142858,
        948.5749999999999
      ],
      [
        1109.4285714285716,
        948.5749999999999
      ],
      [
        1134.642857142857,
        948.5749999999999
      ],
      [
        1159.857142857143,
        948.5749999999999
      ],
      [
        1134.642857142857,
        973.5374999999999
      ],
      [
        1159.857142857143,
        973.5374999999999
      ],
      [
        1185.0714285714287,
        973.5374999999999
      ],
      [
        1109.4285714285716,
        998.5
      ],
      [
        1134.642857142857,
        998.5
      ],
      [
        1033.7857142857142,
        1023.4625
      ],
      [
        1059.0,
        1023.4625
      ],
      [
        882.5,
        1123.3125
      ],
      [
        907.7142857142858,
        1123.3125
      ],
      [
        1084.2142857142858,
        1123.3125
      ],
      [
        1059.0,
        1148.2749999999999
      ],
      [
        1084.2142857142858,
        1148.2749999999999
      ],
      [
        857.2857142857143,
        1173.2375
      ],
      [
        882.5,
        1173.2375
      ],
      [
        907.7142857142858,
        1173.2375
      ],
      [
        932.9285714285714,
        1173.2375
      ],
      [
        1008.5714285714287,
        1173.2375
      ],
      [
        1109.4285714285716,
        1173.2375
      ],
      [
        832.0714285714286,
        1198.1999999999998
      ],
      [
        857.2857142857143,
        1198.1999999999998
      ],
      [
        882.5,
        1198.1999999999998
      ],
      [
        907.7142857142858,
        1198.1999999999998
      ],
      [
        932.9285714285714,
        1198.1999999999998
      ],
      [
        983.3571428571429,
        1198.1999999999998
      ],
      [
        706.0,
        1223.1625
      ],
      [
        731.2142857142858,
        1223.1625
      ],
      [
        832.0714285714286,
        1223.1625
      ],
      [
        857.2857142857143,
        1223.1625
      ],
      [
        882.5,
        1223.1625
      ],
      [
        907.7142857142858,
        1223.1625
      ],
      [
        932.9285714285714,
        1223.1625
      ],
      [
        958.1428571428572,
        1223.1625
      ],
      [
        983.3571428571429,
        1223.1625
      ],
      [
        1033.7857142857142,
        1223.1625
      ],
      [
        857.2857142857143,
        1248.125
      ],
      [
        882.5,
        1248.125
      ],
      [
        907.7142857142858,
        1248.125
      ],
      [
        983.3571428571429,
        1248.125
      ],
      [
        1008.5714285714287,
        1248.125
      ],
      [
        1033.7857142857142,
        1248.125
      ],
      [
        1059.0,
        1248.125
      ],
      [
        857.2857142857143,
        1273.0874999999999
      ],
      [
        882.5,
        1273.0874999999999
      ],
      [
        983.3571428571429,
        1273.0874999999999
      ],
      [
        1033.7857142857142,
        1273.0874999999999
      ],
      [
        1059.0,
        1273.0874999999999
      ],
      [
        958.1428571428572,
        1298.05
      ],
      [
        983.3571428571429,
        1298.05
      ],
      [
        1008.5714285714287,
        1298.05
      ],
      [
        1033.7857142857142,
        1298.05
      ],
      [
        1059.0,
        1298.05
      ],
      [
        756.4285714285714,
        1323.0124999999998
      ],
      [
        781.6428571428572,
        1323.0124999999998
      ],
      [
        958.1428571428572,
        1323.0124999999998
      ],
      [
        983.3571428571429,
        1323.0124999999998
      ],
      [
        731.2142857142858,
        1347.975
      ],
      [
        630.3571428571429,
        1397.8999999999999
      ],
      [
        806.8571428571429,
        1397.8999999999999
      ],
      [
        832.0714285714286,
        1397.8999999999999
      ]
    ],
    "_rot_map_shape": [
      1997,
      1412
    ]
  },
  "processing_time": 127.098562002182,
  "agent_accepted": true,
  "agent_reason": "[accepted] The site plan on page 4 clearly shows a residential block bounded by Brewster Gardens and Bracewell Road in London NW10. The match at the proposed coordinates f",
  "agent_stats": {
    "position_calls": 1,
    "pdf_info": {
      "site_address": "1-55 Brewster Gardens and 2-56 Bracewell Road, London NW10",
      "postcodes": [
        "NW10",
        "W6 9JU"
      ],
      "grid_refs": [],
      "scale": null,
      "map_pages": [
        4
      ],
      "map_page_details": [
        {
          "page": 1,
          "category": "discard",
          "area_group": -1,
          "boundary_clarity": "none",
          "detail_level": "wide",
          "caption": "Cover page listing properties covered: 1-55 Brewster Gardens, 2-56 Bracewell Road."
        },
        {
          "page": 2,
          "category": "discard",
          "area_group": -1,
          "boundary_clarity": "none",
          "detail_level": "wide",
          "caption": "Article 4 Direction text for London Borough of Hammersmith and Fulham."
        },
        {
          "page": 3,
          "category": "discard",
          "area_group": -1,
          "boundary_clarity": "none",
          "detail_level": "wide",
          "caption": "Schedule II listing properties: 1-55 Brewster Gardens and 2-56 Bracewell Road."
        },
        {
          "page": 4,
          "category": "match",
          "area_group": 0,
          "boundary_clarity": "clear",
          "detail_level": "close",
          "caption": "Site plan showing 1-55 Brewster Gardens and 2-56 Bracewell Road hatched in black."
        },
        {
          "page": 5,
          "category": "discard",
          "area_group": -1,
          "boundary_clarity": "none",
          "detail_level": "wide",
          "caption": "Letter from Director of Development Planning."
        },
        {
          "page": 7,
          "category": "discard",
          "area_group": -1,
          "boundary_clarity": "none",
          "detail_level": "wide",
          "caption": "Statement of Reasons."
        },
        {
          "page": 9,