{
  "sl_no": 231,
  "match_info": {
    "center": "live_locate:place:Sandwich",
    "zoom": 19,
    "rotation": 0,
    "n_inliers": 42,
    "score": 16.53,
    "scale_factor": 0.85,
    "avg_scale": 0.9948,
    "window": [
      1520,
      304
    ],
    "center_latlon": [
      51.272763616973364,
      1.3420813024149254
    ],
    "anchor_latlon": [
      51.2748787834997,
      1.33964552532809
    ],
    "_inlier_pts_map": [
      [
        1504.8214285714284,
        298.04999999999995
      ],
      [
        1554.982142857143,
        298.04999999999995
      ],
      [
        1605.142857142857,
        298.04999999999995
      ],
      [
        1504.8214285714284,
        347.72499999999997
      ],
      [
        1605.142857142857,
        347.72499999999997
      ],
      [
        1655.3035714285713,
        347.72499999999997
      ],
      [
        1655.3035714285713,
        397.4
      ],
      [
        1354.3392857142858,
        447.075
      ],
      [
        1655.3035714285713,
        447.075
      ],
      [
        1705.4642857142858,
        447.075
      ],
      [
        1404.5,
        496.75
      ],
      [
        1454.6607142857142,
        496.75
      ],
      [
        1504.8214285714284,
        496.75
      ],
      [
        1655.3035714285713,
        496.75
      ],
      [
        1705.4642857142858,
        496.75
      ],
      [
        1554.982142857143,
        546.425
      ],
      [
        1605.142857142857,
        546.425
      ],
      [
        1655.3035714285713,
        546.425
      ],
      [
        1705.4642857142858,
        546.425
      ],
      [
        1755.625,
        546.425
      ],
      [
        1454.6607142857142,
        596.0999999999999
      ],
      [
        1554.982142857143,
        596.0999999999999
      ],
      [
        2156.910714285714,
        695.4499999999999
      ],
      [
        2257.2321428571427,
        695.4499999999999
      ],
      [
        2006.4285714285713,
        745.125
      ],
      [
        2106.75,
        745.125
      ],
      [
        2156.910714285714,
        745.125
      ],
      [
        2207.0714285714284,
        745.125
      ],
      [
        1705.4642857142858,
        794.8
      ],
      [
        1956.267857142857,
        794.8
      ],
      [
        2006.4285714285713,
        794.8
      ],
      [
        2106.75,
        794.8
      ],
      [
        1956.267857142857,
        844.4749999999999
      ],
      [
        2006.4285714285713,
        844.4749999999999
      ],
      [
        2106.75,
        844.4749999999999
      ],
      [
        1956.267857142857,
        894.15
      ],
      [
        2006.4285714285713,
        894.15
      ],
      [
        2056.589285714286,
        894.15
      ],
      [
        1956.267857142857,
        943.8249999999999
      ],
      [
        2006.4285714285713,
        943.8249999999999
      ],
      [
        2106.75,
        943.8249999999999
      ],
      [
        1956.267857142857,
        1043.175
      ]
    ],
    "_rot_map_shape": [
      3974,
      2809
    ]
  },
  "processing_time": 227.3407850265503,
  "agent_accepted": true,
  "agent_reason": "[accepted] The planning boundary for 'The Salutation' in Sandwich was identified on page 7. Two positioning attempts were made. The first attempt (candidate 0) centered on",
  "agent_stats": {
    "position_calls": 1,
    "pdf_info": {
      "site_address": "The Salutation, Knightrider Street, Sandwich, Kent",
      "postcodes": [],
      "grid_refs": [],
      "scale": null,
      "map_pages": [
        7
      ],
      "map_page_details": [
        {
          "page": 1,
          "category": "discard",
          "area_group": -1,
          "boundary_clarity": "none",
          "detail_level": "wide",
          "caption": "Title page for Article 4 Direction No. 1 1983"
        },
        {
          "page": 2,
          "category": "discard",
          "area_group": -1,
          "boundary_clarity": "none",
          "detail_level": "wide",
          "caption": "Legal text of the Direction"
        },
        {
          "page": 3,
          "category": "discard",
          "area_group": -1,
          "boundary_clarity": "none",
          "detail_level": "wide",
          "caption": "Signatures and seals"
        },
        {
          "page": 4,
          "category": "discard",
          "area_group": -1,
          "boundary_clarity": "none",
          "detail_level": "wide",
          "caption": "Schedule of permitted development restrictions"
        },
        {
          "page": 5,
          "category": "discard",
          "area_group": -1,
          "boundary_clarity": "none",
          "detail_level": "wide",
          "caption": "Statement of Reasons for making the Direction"
        },
        {
          "page": 6,
          "category": "discard",
          "area_group": -1,
          "boundary_clarity": "none",
          "detail_level": "wide",
          "caption": "Council office address and date"
        },
        {
          "page": 7,
          "category": "match",
          "area_group": 0,
          "boundary_clarity": "clear",
          "detail_level": "medium",
          "caption": "Site plan showing The Salutation, Knightrider Street, Sandwich, coloured pink."
        }
      ],
      "road_names": [
        "Knightrider Street",
        "Harnet Street",
        "Market Street",
        "The Quay",
        "Sandwich Road"
      ],
      "place_names": [
        "The Salutation",
        "Sandwich Haven",
        "St Peter's Church",
        "St Clement's Church",
        "The Barbican",
        "The Quay",
        "Sandwich"
      ],
      "is_district_wide": false,
      "district_name": null,
      "house_number_road_pairs": [],
      "parish_names": [],
      "admin_region": null,
      "likely_town_or_city": null,
      "visible_map_labels": [],
      "adjacency_hints": []
    },
    "outcome_status": "accepted",
    "outcome_reasoning": "The planning boundary for 'The Salutation' in Sandwich was identified on page 7. Two positioning attempts were made. The first attempt (candidate 0) centered on the town of Sandwich yielded 42 inliers with very high scale consistency (0.99) and strong road name agreement (0.8), correctly identifying Knightrider Street and surrounding roads. A second attempt (candidate 1) aimed at refining the location to the specific estate grounds yielded a similar result (41 inliers). Given the consistent scale and road agreement, candidate 0 was committed. The resulting polygon covers the historic house and gardens of The Salutation.",
    "rotation_checked": false,
    "tool_calls": {
      "submit_pdf_info": 1,
      "propose_centers": 2,
      "match_at": 2,
      "commit_match": 1,
      "final_result": 1
    },
    "total_tool_calls": 7,
    "n_turns": 15,
    "validator_retries": 0,
    "worker_request_tokens": 65650,
    "worker_response_tokens": 888,
    "request_tokens": 65650,
    "response_tokens": 888,
    "total_tokens": 66538
  },
  "valid_ground_truth": true,
  "valid_prediction": true,
  "validation_error": null,
  "iou": 0.8187797936274789,
  "precision": 0.9550560610952818,
  "recall": 0.8515924338688848,
  "f1_score": 0.9003616562008571,
  "positioning_error_m": 9.090162632981919
}