{
  "sl_no": 5,
  "match_info": {
    "center": "live_locate:place:Kearsney Court",
    "zoom": 18,
    "rotation": 0,
    "n_inliers": 78,
    "score": 33.34,
    "scale_factor": 0.424,
    "avg_scale": 1.0019,
    "window": [
      756,
      1134
    ],
    "center_latlon": [
      51.146298189403595,
      1.2658414625591377
    ],
    "anchor_latlon": [
      51.1482811672386,
      1.26739327832482
    ],
    "_inlier_pts_map": [
      [
        900.6428571428571,
        49.525
      ],
      [
        900.6428571428571,
        74.2875
      ],
      [
        1225.875,
        272.3875
      ],
      [
        1250.892857142857,
        272.3875
      ],
      [
        1275.9107142857142,
        272.3875
      ],
      [
        950.6785714285714,
        297.15
      ],
      [
        975.6964285714286,
        297.15
      ],
      [
        1225.875,
        297.15
      ],
      [
        1250.892857142857,
        297.15
      ],
      [
        1275.9107142857142,
        297.15
      ],
      [
        875.625,
        321.91249999999997
      ],
      [
        1250.892857142857,
        321.91249999999997
      ],
      [
        950.6785714285714,
        346.675
      ],
      [
        1075.767857142857,
        346.675
      ],
      [
        1050.75,
        371.4375
      ],
      [
        1075.767857142857,
        371.4375
      ],
      [
        1100.7857142857142,
        371.4375
      ],
      [
        1075.767857142857,
        396.2
      ],
      [
        950.6785714285714,
        495.25
      ],
      [
        175.125,
        693.35
      ],
      [
        75.05357142857143,
        742.875
      ],
      [
        150.10714285714286,
        742.875
      ],
      [
        75.05357142857143,
        767.6374999999999
      ],
      [
        125.08928571428571,
        767.6374999999999
      ],
      [
        150.10714285714286,
        767.6374999999999
      ],
      [
        575.4107142857142,
        767.6374999999999
      ],
      [
        600.4285714285714,
        767.6374999999999
      ],
      [
        625.4464285714286,
        767.6374999999999
      ],
      [
        100.07142857142857,
        792.4
      ],
      [
        125.08928571428571,
        792.4
      ],
      [
        150.10714285714286,
        792.4
      ],
      [
        175.125,
        792.4
      ],
      [
        200.14285714285714,
        792.4
      ],
      [
        525.375,
        792.4
      ],
      [
        550.3928571428571,
        792.4
      ],
      [
        575.4107142857142,
        792.4
      ],
      [
        600.4285714285714,
        792.4
      ],
      [
        625.4464285714286,
        792.4
      ],
      [
        650.4642857142857,
        792.4
      ],
      [
        675.4821428571429,
        792.4
      ],
      [
        100.07142857142857,
        817.1625
      ],
      [
        125.08928571428571,
        817.1625
      ],
      [
        200.14285714285714,
        817.1625
      ],
      [
        475.3392857142857,
        817.1625
      ],
      [
        525.375,
        817.1625
      ],
      [
        575.4107142857142,
        817.1625
      ],
      [
        600.4285714285714,
        817.1625
      ],
      [
        625.4464285714286,
        817.1625
      ],
      [
        650.4642857142857,
        817.1625
      ],
      [
        675.4821428571429,
        817.1625
      ],
      [
        800.5714285714286,
        817.1625
      ],
      [
        100.07142857142857,
        841.925
      ],
      [
        575.4107142857142,
        841.925
      ],
      [
        600.4285714285714,
        841.925
      ],
      [
        625.4464285714286,
        841.925
      ],
      [
        650.4642857142857,
        841.925
      ],
      [
        375.2678571428571,
        866.6875
      ],
      [
        400.2857142857143,
        866.6875
      ],
      [
        425.30357142857144,
        866.6875
      ],
      [
        450.32142857142856,
        866.6875
      ],
      [
        475.3392857142857,
        866.6875
      ],
      [
        600.4285714285714,
        866.6875
      ],
      [
        625.4464285714286,
        866.6875
      ],
      [
        650.4642857142857,
        866.6875
      ],
      [
        675.4821428571429,
        866.6875
      ],
      [
        700.5,
        866.6875
      ],
      [
        400.2857142857143,
        891.4499999999999
      ],
      [
        425.30357142857144,
        891.4499999999999
      ],
      [
        625.4464285714286,
        891.4499999999999
      ],
      [
        675.4821428571429,
        891.4499999999999
      ],
      [
        700.5,
        891.4499999999999
      ],
      [
        125.08928571428571,
        916.2125
      ],
      [
        625.4464285714286,
        916.2125
      ],
      [
        125.08928571428571,
        940.975
      ],
      [
        150.10714285714286,
        940.975
      ],
      [
        100.07142857142857,
        965.7375
      ],
      [
        125.08928571428571,
        965.7375
      ],
      [
        150.10714285714286,
        965.7375
      ]
    ],
    "_rot_map_shape": [
      1981,
      1401
    ]
  },
  "processing_time": 146.7143177986145,
  "agent_accepted": true,
  "agent_reason": "[accepted] The site was located at Palmtree Hill Plantation, Temple Ewell. Two candidates were tested: the first at the plantation itself (71 inliers) and the second at Ke",
  "agent_stats": {
    "position_calls": 1,
    "pdf_info": {
      "site_address": "Land at Palmtree Hill Plantation, Temple Ewell, Dover",
      "postcodes": [
        "CT16 1LZ"
      ],
      "grid_refs": [
        "TR 2843 NW",
        "TR 2843 NE"
      ],
      "scale": "1:1250",
      "map_pages": [
        7,
        6
      ],
      "map_page_details": [
        {
          "page": 6,
          "category": "match",
          "area_group": 0,
          "boundary_clarity": "clear",
          "detail_level": "close",
          "caption": "H.M. Land Registry plan showing numbered plots 1-24 within Palmtree Hill Plantation boundary."
        },
        {
          "page": 7,
          "category": "match",
          "area_group": 0,
          "boundary_clarity": "clear",
          "detail_level": "medium",
          "caption": "Article 4 Direction map at 1:1250 scale showing red boundary at Palmtree Hill Plantation, Temple Ewell."
        }
      ],
      "road_names": [
        "Alkham Valley Road",
        "Abbey Road",
        "Alkham Road"
      ],
      "place_names": [
        "Palmtree Hill Plantation",
        "Kearsney Court",
        "Alkham Valley",
        "Temple Ewell Village",
        "Russell Gardens",
        "Kearsney Abbey",
        "Kent Downs Area of Outstanding Natural Beauty"
      ],
      "is_district_wide": false,
      "district_name": null,
      "house_number_road_pairs": [],
      "parish_names": [
        "Temple Ewell with River"
      ],
      "admin_region": "Dover",
      "likely_town_or_city": "Temple Ewell",
      "visible_map_labels": [
        "Palmtree Hill Plantation",
        "Kearsney Court",
        "KEARSNEY",
        "RUSSELL GARDENS",
        "Abbey Road",
        "The Gables",
        "The Bungalow",
        "Bushy Ruff House",
        "Pond"
      ],
      "adjacency_hints": [
        "Kearsney Court",
        "Alkham Valley Road",
        "Alkham Valley"
      ]
    },
    "reader_request_tokens": 7140,
    "reader_response_tokens": 443,
    "outcome_status": "accepted",