{
  "sl_no": 117,
  "match_info": {
    "center": "live_locate:postcode:PE9 3DN",
    "zoom": 19,
    "rotation": 0,
    "n_inliers": 62,
    "score": 29.11,
    "scale_factor": 0.876,
    "avg_scale": 1.1045,
    "window": [
      774,
      1290
    ],
    "center_latlon": [
      52.631828067791226,
      -0.40827509407191087
    ],
    "anchor_latlon": [
      52.6321954809933,
      -0.40619790361015
    ],
    "_inlier_pts_map": [
      [
        517.8571428571429,
        717.15
      ],
      [
        1087.5,
        922.0500000000001
      ],
      [
        1113.392857142857,
        947.6625
      ],
      [
        1139.2857142857142,
        947.6625
      ],
      [
        1087.5,
        973.275
      ],
      [
        1113.392857142857,
        973.275
      ],
      [
        1139.2857142857142,
        973.275
      ],
      [
        1165.1785714285713,
        973.275
      ],
      [
        1191.0714285714284,
        973.275
      ],
      [
        1061.607142857143,
        998.8875
      ],
      [
        1087.5,
        998.8875
      ],
      [
        1113.392857142857,
        998.8875
      ],
      [
        1139.2857142857142,
        998.8875
      ],
      [
        1165.1785714285713,
        998.8875
      ],
      [
        1061.607142857143,
        1024.5
      ],
      [
        1087.5,
        1024.5
      ],
      [
        1113.392857142857,
        1024.5
      ],
      [
        1139.2857142857142,
        1024.5
      ],
      [
        1165.1785714285713,
        1024.5
      ],
      [
        1191.0714285714284,
        1024.5
      ],
      [
        1035.7142857142858,
        1050.1125
      ],
      [
        1061.607142857143,
        1050.1125
      ],
      [
        1087.5,
        1050.1125
      ],
      [
        1113.392857142857,
        1050.1125
      ],
      [
        1191.0714285714284,
        1050.1125
      ],
      [
        1061.607142857143,
        1075.7250000000001
      ],
      [
        1087.5,
        1075.7250000000001
      ],
      [
        1113.392857142857,
        1075.7250000000001
      ],
      [
        1113.392857142857,
        1101.3375
      ],
      [
        1009.8214285714286,
        1152.5625
      ],
      [
        958.0357142857142,
        1203.7875000000001
      ],
      [
        983.9285714285714,
        1203.7875000000001
      ],
      [
        1009.8214285714286,
        1229.4
      ],
      [
        1035.7142857142858,
        1255.0125
      ],
      [
        1061.607142857143,
        1383.075
      ],
      [
        621.4285714285714,
        1408.6875
      ],
      [
        1061.607142857143,
        1408.6875
      ],
      [
        1087.5,
        1408.6875
      ],
      [
        569.6428571428571,
        1434.3
      ],
      [
        595.5357142857142,
        1434.3
      ],
      [
        621.4285714285714,
        1434.3
      ],
      [
        647.3214285714286,
        1434.3
      ],
      [
        1061.607142857143,
        1434.3
      ],
      [
        1087.5,
        1434.3
      ],
      [
        569.6428571428571,
        1459.9125000000001
      ],
      [
        595.5357142857142,
        1459.9125000000001
      ],
      [
        621.4285714285714,
        1459.9125000000001
      ],
      [
        647.3214285714286,
        1459.9125000000001
      ],
      [
        1061.607142857143,
        1459.9125000000001
      ],
      [
        1087.5,
        1459.9125000000001
      ],
      [
        543.75,
        1485.525
      ],
      [
        569.6428571428571,
        1485.525
      ],
      [
        595.5357142857142,
        1485.525
      ],
      [
        621.4285714285714,
        1485.525
      ],
      [
        647.3214285714286,
        1485.525
      ],
      [
        543.75,
        1511.1375
      ],
      [
        569.6428571428571,
        1511.1375
      ],
      [
        595.5357142857142,
        1511.1375
      ],
      [
        621.4285714285714,
        1511.1375
      ],
      [
        647.3214285714286,
        1511.1375
      ],
      [
        621.4285714285714,
        1536.75
      ],
      [
        1087.5,
        1716.0375000000001
      ]
    ],
    "_rot_map_shape": [
      2049,
      1450
    ]
  },
  "processing_time": 204.4508092403412,
  "agent_accepted": true,
  "agent_reason": "[accepted] The application site is Hobart Cottage on Main Street in Barnack. I identified the location plan on page 2. Two positioning attempts were made: one using the po",
  "agent_stats": {
    "position_calls": 1,
    "pdf_info": {
      "site_address": "Hobart Cottage, Main Street, Barnack, PE9 3DN",
      "postcodes": [
        "PE9 3DN"
      ],
      "grid_refs": [],
      "scale": null,
      "map_pages": [
        2
      ],
      "map_page_details": [
        {
          "page": 1,
          "category": "discard",
          "area_group": -1,
          "boundary_clarity": "none",
          "detail_level": "wide",
          "caption": "Article 4 Direction text for Barnack Conservation Area mentioning Hobart Cottage."
        },
        {
          "page": 2,
          "category": "match",
          "area_group": 0,
          "boundary_clarity": "clear",
          "detail_level": "close",
          "caption": "Location Plan showing red boundary around Hobart Cottage, Main Street."
        }
      ],
      "road_names": [
        "Main Street",
        "Jack Haws Lane",
        "School Road",
        "Kingsley Close",
        "Bishops Walk",
        "Southcroft"
      ],
      "place_names": [
        "Barnack",
        "Hobart Cottage",
        "St John the Baptist's Church",
        "Manor House",
        "The Maltings",
        "Gate House",
        "The Old Bakehouse",
        "Rectory"
      ],
      "is_district_wide": false,
      "district_name": null,
      "house_number_road_pairs": [
        "Hobart Cottage Main Street"
      ],
      "parish_names": [],
      "admin_region": null,
      "likely_town_or_city": "Barnack",
      "visible_map_labels": [
        "Barnack",
        "Jack Haws Lane",
        "School Road",
        "Main Street",
        "Kingsley Close",
        "Bishops Walk",
        "Southcroft",
        "St John the Baptist's Church",
        "Manor House",
        "The Maltings",
        "Gate House",
        "The Old Bakehouse",
        "Rectory"
      ],
      "adjacency_hints": []
    },
    "outcome_status": "accepted",
    "outcome_reasoning": "The application site is Hobart Cottage on Main Street in Barnack. I identified the location plan on page 2. Two positioning attempts were made: one using the postcode PE9 3DN and one using the village name Barnack. The postcode-based attempt (candidate 0) yielded the highest RANSAC match strength with 62 inliers, good scale consistency (0.82), and strong road name agreement (0.83, with 5 out of 6 roads matched). This result is robust and correctly positions the boundary around Hobart Cottage.",
    "rotation_checked": false,
    "tool_calls": {
      "submit_pdf_info": 1,
      "propose_centers": 2,
      "match_at": 2,
      "commit_match": 1,
      "final_result": 1
    },
    "total_tool_calls": 7,
    "n_turns": 15,
    "validator_retries": 0,
    "worker_request_tokens": 60003,
    "worker_response_tokens": 761,
    "request_tokens": 60003,
    "response_tokens": 761,
    "total_tokens": 60764
  },
  "valid_ground_truth": true,
  "valid_prediction": true,
  "validation_error": null,
  "iou": 0.18493343854837477,
  "precision": 0.3074319486762355,
  "recall": 0.31699754592892376,
  "f1_score": 0.3121414799028242,
  "positioning_error_m": 4.605279587405894
}