{
  "sl_no": 195,
  "match_info": {
    "center": "live_locate:place:Abington Pigotts",
    "zoom": 16,
    "rotation": 0,
    "n_inliers": 101,
    "score": 51.56,
    "scale_factor": 0.919,
    "avg_scale": 1.0175,
    "window": [
      1044,
      1218
    ],
    "center_latlon": [
      52.08341165402123,
      -0.10199957115909797
    ],
    "anchor_latlon": [
      52.0832573161058,
      -0.0937065009624503
    ],
    "_inlier_pts_map": [
      [
        1329.125,
        1021.25
      ],
      [
        1356.25,
        1021.25
      ],
      [
        949.375,
        1048.125
      ],
      [
        1274.875,
        1048.125
      ],
      [
        1329.125,
        1048.125
      ],
      [
        1247.75,
        1075.0
      ],
      [
        1274.875,
        1075.0
      ],
      [
        1329.125,
        1075.0
      ],
      [
        1356.25,
        1075.0
      ],
      [
        1383.375,
        1075.0
      ],
      [
        1220.625,
        1101.875
      ],
      [
        1247.75,
        1101.875
      ],
      [
        1274.875,
        1101.875
      ],
      [
        1329.125,
        1101.875
      ],
      [
        1356.25,
        1101.875
      ],
      [
        1383.375,
        1101.875
      ],
      [
        1274.875,
        1128.75
      ],
      [
        1302.0,
        1128.75
      ],
      [
        1329.125,
        1128.75
      ],
      [
        1356.25,
        1128.75
      ],
      [
        1383.375,
        1128.75
      ],
      [
        1410.5,
        1128.75
      ],
      [
        1302.0,
        1155.625
      ],
      [
        1329.125,
        1155.625
      ],
      [
        1356.25,
        1155.625
      ],
      [
        1383.375,
        1155.625
      ],
      [
        1410.5,
        1155.625
      ],
      [
        1437.625,
        1155.625
      ],
      [
        1302.0,
        1182.5
      ],
      [
        1329.125,
        1182.5
      ],
      [
        1356.25,
        1182.5
      ],
      [
        1410.5,
        1182.5
      ],
      [
        1437.625,
        1182.5
      ],
      [
        1003.625,
        1209.375
      ],
      [
        1302.0,
        1209.375
      ],
      [
        1329.125,
        1209.375
      ],
      [
        1302.0,
        1478.125
      ],
      [
        895.125,
        1505.0
      ],
      [
        922.25,
        1505.0
      ],
      [
        922.25,
        1531.875
      ],
      [
        895.125,
        1612.5
      ],
      [
        1003.625,
        1612.5
      ],
      [
        895.125,
        1639.375
      ],
      [
        922.25,
        1639.375
      ],
      [
        976.5,
        1639.375
      ],
      [
        1003.625,
        1639.375
      ],
      [
        1057.875,
        1639.375
      ],
      [
        840.875,
        1666.25
      ],
      [
        868.0,
        1666.25
      ],
      [
        895.125,
        1666.25
      ],
      [
        922.25,
        1666.25
      ],
      [
        949.375,
        1666.25
      ],
      [
        976.5,
        1666.25
      ],
      [
        1003.625,
        1666.25
      ],
      [
        1030.75,
        1666.25
      ],
      [
        1057.875,
        1666.25
      ],
      [
        515.375,
        1693.125
      ],
      [
        840.875,
        1693.125
      ],
      [
        868.0,
        1693.125
      ],
      [
        895.125,
        1693.125
      ],
      [
        922.25,
        1693.125
      ],
      [
        949.375,
        1693.125
      ],
      [
        976.5,
        1693.125
      ],
      [
        1003.625,
        1693.125
      ],
      [
        1030.75,
        1693.125
      ],
      [
        1057.875,
        1693.125
      ],
      [
        488.25,
        1720.0
      ],
      [
        515.375,
        1720.0
      ],
      [
        542.5,
        1720.0
      ],
      [
        569.625,
        1720.0
      ],
      [
        786.625,
        1720.0
      ],
      [
        813.75,
        1720.0
      ],
      [
        868.0,
        1720.0
      ],
      [
        895.125,
        1720.0
      ],
      [
        922.25,
        1720.0
      ],
      [
        949.375,
        1720.0
      ],
      [
        976.5,
        1720.0
      ],
      [
        1003.625,
        1720.0
      ],
      [
        1030.75,
        1720.0
      ],
      [
        515.375,
        1746.875
      ],
      [
        542.5,
        1746.875
      ],
      [
        732.375,
        1746.875
      ],
      [
        759.5,
        1746.875
      ],
      [
        786.625,
        1746.875
      ],
      [
        813.75,
        1746.875
      ],
      [
        949.375,
        1746.875
      ],
      [
        976.5,
        1746.875
      ],
      [
        1003.625,
        1746.875
      ],
      [
        1030.75,
        1746.875
      ],
      [
        732.375,
        1773.75
      ],
      [
        759.5,
        1773.75
      ],
      [
        786.625,
        1773.75
      ],
      [
        949.375,
        1773.75
      ],
      [
        976.5,
        1773.75
      ],
      [
        1003.625,
        1773.75
      ],
      [
        759.5,
        1800.625
      ],
      [
        786.625,
        1800.625
      ],
      [
        976.5,
        1800.625
      ],
      [
        678.125,
        1827.5
      ],
      [
        1057.875,
        1827.5
      ],
      [
        678.125,
        1854.375
      ]
    ],
    "_rot_map_shape": [
      2150,
      1519
    ]
  },
  "processing_time": 102.78015422821045,
  "agent_accepted": true,
  "agent_reason": "[accepted] The planning boundary covers a large area around the village of Abington Pigotts. I identified the primary map on page 2, which shows the boundary at a scale of",
  "agent_stats": {
    "position_calls": 1,
    "pdf_info": {
      "site_address": "Land at Abington Pigotts near Royston Hertfordshire",
      "postcodes": [],
      "grid_refs": [],
      "scale": "1:12500",
      "map_pages": [
        2
      ],
      "map_page_details": [
        {
          "page": 1,
          "category": "discard",
          "area_group": -1,
          "boundary_clarity": "none",
          "detail_level": "wide",
          "caption": "Article 4 Direction text for South Cambridgeshire District Council regarding Abington Pigotts."
        },
        {
          "page": 2,
          "category": "match",
          "area_group": 0,
          "boundary_clarity": "clear",
          "detail_level": "wide",
          "caption": "Site plan at 1:12500 showing large orange boundary around land at Abington Pigotts."
        }
      ],
      "road_names": [],
      "place_names": [
        "Abington Pigotts",
        "Royston",
        "St. Michaels Church",
        "Down Hall Farm"
      ],
      "is_district_wide": false,
      "district_name": null,
      "house_number_road_pairs": [],
      "parish_names": [],
      "admin_region": null,
      "likely_town_or_city": null,
      "visible_map_labels": [
        "ABINGTON PIGOTTS CP",
        "SOUTH CAMBRIDGESHIRE No 1 RD",
        "Abington Pigotts",
        "St. Michaels Church",
        "Down Hall Farm"
      ],
      "adjacency_hints": []
    },
    "outcome_status": "accepted",
    "outcome_reasoning": "The planning boundary covers a large area around the village of Abington Pigotts. I identified the primary map on page 2, which shows the boundary at a scale of 1:12500. Using the village name and landmarks like St. Michael's Church and Down Hall Farm, I proposed a center at Abington Pigotts. The match_at call returned a strong result with 101 inliers and excellent scale consistency (0.97), confirming the location. I have committed this match.",
    "rotation_checked": false,
    "tool_calls": {
      "submit_pdf_info": 1,
      "propose_centers": 1,
      "match_at": 1,
      "commit_match": 1,
      "final_result": 1
    },
    "total_tool_calls": 5,