{
  "sl_no": 241,
  "match_info": {
    "center": "live_locate:landmark:Sandhouse Pumping Station area",
    "zoom": 17,
    "rotation": 0,
    "n_inliers": 22,
    "score": 10.92,
    "scale_factor": 0.431,
    "avg_scale": 1.1908,
    "window": [
      1352,
      1352
    ],
    "center_latlon": [
      51.95768299760756,
      -0.656954200122982
    ],
    "anchor_latlon": [
      51.9605,
      -0.664
    ],
    "_inlier_pts_map": [
      [
        241.9107142857143,
        176.57500000000002
      ],
      [
        254.64285714285717,
        176.57500000000002
      ],
      [
        267.375,
        176.57500000000002
      ],
      [
        292.8392857142857,
        176.57500000000002
      ],
      [
        241.9107142857143,
        189.1875
      ],
      [
        254.64285714285717,
        189.1875
      ],
      [
        267.375,
        189.1875
      ],
      [
        280.1071428571429,
        189.1875
      ],
      [
        292.8392857142857,
        189.1875
      ],
      [
        305.57142857142856,
        189.1875
      ],
      [
        241.9107142857143,
        201.8
      ],
      [
        254.64285714285717,
        201.8
      ],
      [
        267.375,
        201.8
      ],
      [
        280.1071428571429,
        201.8
      ],
      [
        292.8392857142857,
        201.8
      ],
      [
        305.57142857142856,
        201.8
      ],
      [
        254.64285714285717,
        214.41250000000002
      ],
      [
        267.375,
        214.41250000000002
      ],
      [
        280.1071428571429,
        214.41250000000002
      ],
      [
        292.8392857142857,
        214.41250000000002
      ],
      [
        280.1071428571429,
        227.025
      ],
      [
        292.8392857142857,
        227.025
      ]
    ],
    "_rot_map_shape": [
      1009,
      713
    ]
  },
  "processing_time": 327.852530002594,
  "agent_accepted": true,
  "agent_reason": "[accepted] a",
  "agent_stats": {
    "position_calls": 1,
    "pdf_info": {
      "site_address": "Land to the north, south and east of the \"Sandhouse Public House\", Watling Street, Heath and Reach",
      "postcodes": [
        "LU6 1LF"
      ],
      "grid_refs": [],
      "scale": "1:2500",
      "map_pages": [
        4
      ],
      "map_page_details": [
        {
          "page": 4,
          "category": "match",
          "area_group": 0,
          "boundary_clarity": "clear",
          "detail_level": "medium",
          "caption": "Site plan at 1:2500 showing land hatched black to the north, south and east of Sandhouse Inn."
        }
      ],
      "road_names": [
        "Watling Street",
        "A5 Trunk Road",
        "High Street North",
        "Sundon Road",
        "Hockliffe Street"
      ],
      "place_names": [
        "Sandhouse Public House",
        "Sandhouse Inn",
        "Sandhouse Pumping Station",
        "The Sandhouse (PH)",
        "Sandhouse Cottage",
        "Heath and Reach",
        "Dunstable",
        "Leighton Buzzard"
      ],
      "is_district_wide": false,
      "district_name": null,
      "house_number_road_pairs": [],
      "parish_names": [
        "Heath and Reach"
      ],
      "admin_region": "South Bedfordshire",
      "likely_town_or_city": "Heath and Reach",
      "visible_map_labels": [
        "Watling Street ROMAN ROAD (A.5. T.R.)",
        "The Sandhouse (PH)",
        "Sandhouse Pumping Station",
        "Sandhouse Cottage",
        "Water Tower",
        "Sand Pit",
        "Pump House",
        "The Gables",
        "Traffic Cottage",
        "Sandhouse Cottage"
      ],
      "adjacency_hints": [
        "Sandhouse Public House",
        "Sandhouse Inn"
      ]
    },
    "reader_request_tokens": 5544,
    "reader_response_tokens": 393,
    "outcome_status": "accepted",
    "outcome_reasoning": "a",
    "rotation_checked": false,
    "tool_calls": {
      "propose_centers": 4,
      "match_at": 4,
      "commit_match": 1,
      "final_result": 2
    },
    "total_tool_calls": 11,
    "n_turns": 24,
    "validator_retries": 0,
    "worker_request_tokens": 55015,
    "worker_response_tokens": 771,
    "request_tokens": 60559,
    "response_tokens": 1164,
    "total_tokens": 61723,
    "critic": {
      "n_rejections": 1,
      "iterations": [
        {
          "iter_idx": 0,
          "action": "retry_locate",
          "chosen_candidate_id": 3,
          "reasoning": "None of the candidates show a correct match. The planning map shows the site 'Land Rear of Sandhouse Inn' on Watling Street (A5), with clear landmarks like the 'Sandhouse Pumping Station'. All candidates exhibit very low n_inliers (<25) and fail to align the road geometry or buildings with the OS tiles. Candidates 2 and 3 place the site in empty fields/woodland, while Candidate 0 places it in a dense residential area that does not match the large plot and building footprints shown in the plan.",
          "wall_s": 2.7,
          "llm_error": null,
          "geojson_changed": false
        }
      ],
      "tokens": {
        "request": 5247,
        "response": 144
      }
    }
  },
  "valid_ground_truth": true,
  "valid_prediction": true,
  "validation_error": null,
  "iou": 0.0,
  "precision": 0.0,
  "recall": 0.0,
  "f1_score": 0.0,
  "positioning_error_m": 1388.0899863418413,
  "worker_first_iou": 0.0,
  "worker_first_metrics": {
    "valid_ground_truth": true,
    "valid_prediction": true,
    "validation_error": null,
    "iou": 0.0,
    "precision": 0.0,
    "recall": 0.0,
    "f1_score": 0.0,
    "positioning_error_m": 1388.0899863418413
  }
}