{
  "sl_no": 25,
  "match_info": {
    "center": "live_locate:place:Hempnall Green",
    "zoom": 18,
    "rotation": 0,
    "n_inliers": 58,
    "score": 22.58,
    "scale_factor": 0.873,
    "avg_scale": 0.9782,
    "window": [
      777,
      1036
    ],
    "center_latlon": [
      52.486025739545525,
      1.3087744586737244
    ],
    "anchor_latlon": [
      52.4858339005794,
      1.31161177843786
    ],
    "_inlier_pts_map": [
      [
        773.5714285714286,
        433.7125
      ],
      [
        361.0,
        790.8874999999999
      ],
      [
        386.7857142857143,
        790.8874999999999
      ],
      [
        412.57142857142856,
        790.8874999999999
      ],
      [
        361.0,
        816.4
      ],
      [
        386.7857142857143,
        816.4
      ],
      [
        361.0,
        841.9125
      ],
      [
        386.7857142857143,
        841.9125
      ],
      [
        412.57142857142856,
        841.9125
      ],
      [
        386.7857142857143,
        867.425
      ],
      [
        412.57142857142856,
        867.425
      ],
      [
        438.35714285714283,
        867.425
      ],
      [
        464.1428571428571,
        867.425
      ],
      [
        412.57142857142856,
        892.9375
      ],
      [
        438.35714285714283,
        918.4499999999999
      ],
      [
        541.5,
        994.9875
      ],
      [
        489.9285714285714,
        1020.5
      ],
      [
        515.7142857142857,
        1020.5
      ],
      [
        541.5,
        1020.5
      ],
      [
        489.9285714285714,
        1046.0125
      ],
      [
        515.7142857142857,
        1071.5249999999999
      ],
      [
        128.92857142857142,
        1581.7749999999999
      ],
      [
        180.5,
        1581.7749999999999
      ],
      [
        128.92857142857142,
        1607.2875
      ],
      [
        154.71428571428572,
        1607.2875
      ],
      [
        180.5,
        1607.2875
      ],
      [
        206.28571428571428,
        1607.2875
      ],
      [
        1263.5,
        1607.2875
      ],
      [
        1289.2857142857142,
        1607.2875
      ],
      [
        103.14285714285714,
        1632.8
      ],
      [
        128.92857142857142,
        1632.8
      ],
      [
        154.71428571428572,
        1632.8
      ],
      [
        180.5,
        1632.8
      ],
      [
        206.28571428571428,
        1632.8
      ],
      [
        232.07142857142856,
        1632.8
      ],
      [
        103.14285714285714,
        1658.3125
      ],
      [
        154.71428571428572,
        1658.3125
      ],
      [
        180.5,
        1658.3125
      ],
      [
        206.28571428571428,
        1658.3125
      ],
      [
        180.5,
        1683.825
      ],
      [
        206.28571428571428,
        1683.825
      ],
      [
        77.35714285714286,
        1811.3875
      ],
      [
        51.57142857142857,
        1836.8999999999999
      ],
      [
        103.14285714285714,
        1836.8999999999999
      ],
      [
        51.57142857142857,
        1862.4125
      ],
      [
        103.14285714285714,
        1862.4125
      ],
      [
        128.92857142857142,
        1862.4125
      ],
      [
        51.57142857142857,
        1887.925
      ],
      [
        128.92857142857142,
        1887.925
      ],
      [
        232.07142857142856,
        1887.925
      ],
      [
        77.35714285714286,
        1913.4375
      ],
      [
        128.92857142857142,
        1913.4375
      ],
      [
        206.28571428571428,
        1913.4375
      ],
      [
        232.07142857142856,
        1913.4375
      ],
      [
        128.92857142857142,
        1938.95
      ],
      [
        154.71428571428572,
        1938.95
      ],
      [
        51.57142857142857,
        1964.4624999999999
      ],
      [
        206.28571428571428,
        1964.4624999999999
      ]
    ],
    "_rot_map_shape": [
      2041,
      1444
    ]
  },
  "processing_time": 270.610387802124,
  "agent_accepted": true,
  "agent_reason": "[accepted] The site was located at Turkey Row in Hempnall. Two candidates were tested: the first (Hempnall Green centroid) yielded 58 inliers with excellent scale consiste",
  "agent_stats": {
    "position_calls": 1,
    "pdf_info": {
      "site_address": "O.S. parcels 670 and 726 in the parish of Hempnall",
      "postcodes": [],
      "grid_refs": [],
      "scale": null,
      "map_pages": [
        3
      ],
      "map_page_details": [
        {
          "page": 3,
          "category": "match",
          "area_group": 0,
          "boundary_clarity": "clear",
          "detail_level": "close",
          "caption": "OS map extract showing O.S. parcels 670 and 726 edged in red at Turkey Row."
        }
      ],
      "road_names": [],
      "place_names": [
        "Hempnall",
        "Turkey Row",
        "Grove Farm",
        "Windmill (Corn)",
        "The Grange"
      ],
      "is_district_wide": false,
      "district_name": null,
      "house_number_road_pairs": [],
      "parish_names": [
        "Hempnall"
      ],
      "admin_region": "South Norfolk",
      "likely_town_or_city": "Hempnall",
      "visible_map_labels": [
        "Turkey Row",
        "Grove Farm",
        "Windmill (Corn)",
        "F.P.",
        "670",
        "726"
      ],
      "adjacency_hints": [
        "Turkey Row",
        "Grove Farm"
      ]
    },
    "reader_request_tokens": 5012,
    "reader_response_tokens": 282,
    "outcome_status": "accepted",
    "outcome_reasoning": "The site was located at Turkey Row in Hempnall. Two candidates were tested: the first (Hempnall Green centroid) yielded 58 inliers with excellent scale consistency (0.96). The second (near Grove Farm) yielded 52 inliers with marginal scale consistency. I committed the first candidate as it provided the strongest match and most consistent scale. The resulting polygon covers the two OS parcels (670 and 726) identified in the application.",
    "rotation_checked": false,
    "tool_calls": {
      "propose_centers": 2,
      "match_at": 2,
      "commit_match": 1,
      "final_result": 1
    },
    "total_tool_calls": 6,
    "n_turns": 13,
    "validator_retries": 0,
    "worker_request_tokens": 30689,
    "worker_response_tokens": 376,
    "request_tokens": 35701,
    "response_tokens": 658,
    "total_tokens": 36359,
    "critic": {
      "n_rejections": 0,
      "iterations": [
        {
          "iter_idx": 0,
          "action": "approve",
          "chosen_candidate_id": 0,
          "reasoning": "Candidate 0 shows a strong match with n_inliers=58 and scale_consistency=0.96. The two-part polygon outline correctly identifies the fields on the OS tile, matching the diagonal road junction and field boundaries seen on the historical OS-style planning map.",
          "wall_s": 2.6,
          "llm_error": null
        }
      ],
      "tokens": {
        "request": 4072,
        "response": 88
      }
    }
  },
  "valid_ground_truth": true,
  "valid_prediction": true,
  "validation_error": null,
  "iou": 0.9574530114593613,
  "precision": 0.985490179423526,
  "recall": 0.9711432337347462,
  "f1_score": 0.9782641073417899,
  "positioning_error_m": 0.9168430769534109,
  "worker_first_iou": 0.9574530114593613,
  "worker_first_metrics": {
    "valid_ground_truth": true,
    "valid_prediction": true,
    "validation_error": null,
    "iou": 0.9574530114593613,
    "precision": 0.985490179423526,
    "recall": 0.9711432337347462,
    "f1_score": 0.9782641073417899,
    "positioning_error_m": 0.9168430769534109
  }
}