{
  "sl_no": 59,
  "match_info": {
    "center": "live_locate:intersect:Sea Street x Droveway Gardens",
    "zoom": 17,
    "rotation": 0,
    "n_inliers": 159,
    "score": 77.89,
    "scale_factor": 0.424,
    "avg_scale": 1.0037,
    "window": [
      476,
      714
    ],
    "center_latlon": [
      51.15163506821189,
      1.3765559647015095
    ],
    "anchor_latlon": [
      51.1525,
      1.3765
    ],
    "_inlier_pts_map": [
      [
        225.0,
        123.75
      ],
      [
        162.5,
        136.125
      ],
      [
        175.0,
        136.125
      ],
      [
        187.5,
        136.125
      ],
      [
        200.0,
        136.125
      ],
      [
        250.0,
        136.125
      ],
      [
        262.5,
        136.125
      ],
      [
        275.0,
        136.125
      ],
      [
        150.0,
        148.5
      ],
      [
        162.5,
        148.5
      ],
      [
        175.0,
        148.5
      ],
      [
        187.5,
        148.5
      ],
      [
        200.0,
        148.5
      ],
      [
        250.0,
        148.5
      ],
      [
        262.5,
        148.5
      ],
      [
        275.0,
        148.5
      ],
      [
        287.5,
        148.5
      ],
      [
        150.0,
        160.875
      ],
      [
        162.5,
        160.875
      ],
      [
        175.0,
        160.875
      ],
      [
        187.5,
        160.875
      ],
      [
        200.0,
        160.875
      ],
      [
        212.5,
        160.875
      ],
      [
        250.0,
        160.875
      ],
      [
        300.0,
        160.875
      ],
      [
        312.5,
        160.875
      ],
      [
        325.0,
        160.875
      ],
      [
        337.5,
        160.875
      ],
      [
        137.5,
        173.25
      ],
      [
        175.0,
        173.25
      ],
      [
        187.5,
        173.25
      ],
      [
        200.0,
        173.25
      ],
      [
        237.5,
        173.25
      ],
      [
        250.0,
        173.25
      ],
      [
        262.5,
        173.25
      ],
      [
        287.5,
        173.25
      ],
      [
        300.0,
        173.25
      ],
      [
        312.5,
        173.25
      ],
      [
        325.0,
        173.25
      ],
      [
        337.5,
        173.25
      ],
      [
        150.0,
        185.625
      ],
      [
        187.5,
        185.625
      ],
      [
        200.0,
        185.625
      ],
      [
        212.5,
        185.625
      ],
      [
        250.0,
        185.625
      ],
      [
        262.5,
        185.625
      ],
      [
        300.0,
        185.625
      ],
      [
        312.5,
        185.625
      ],
      [
        350.0,
        185.625
      ],
      [
        300.0,
        198.0
      ],
      [
        100.0,
        210.375
      ],
      [
        125.0,
        210.375
      ],
      [
        300.0,
        210.375
      ],
      [
        112.5,
        222.75
      ],
      [
        125.0,
        222.75
      ],
      [
        200.0,
        259.875
      ],
      [
        125.0,
        272.25
      ],
      [
        175.0,
        272.25
      ],
      [
        187.5,
        272.25
      ],
      [
        200.0,
        272.25
      ],
      [
        212.5,
        272.25
      ],
      [
        625.0,
        272.25
      ],
      [
        637.5,
        272.25
      ],
      [
        650.0,
        272.25
      ],
      [
        175.0,
        284.625
      ],
      [
        187.5,
        284.625
      ],
      [
        562.5,
        284.625
      ],
      [
        575.0,
        284.625
      ],
      [
        587.5,
        284.625
      ],
      [
        600.0,
        284.625
      ],
      [
        612.5,
        284.625
      ],
      [
        625.0,
        284.625
      ],
      [
        637.5,
        284.625
      ],
      [
        650.0,
        284.625
      ],
      [
        175.0,
        297.0
      ],
      [
        550.0,
        297.0
      ],
      [
        562.5,
        297.0
      ],
      [
        575.0,
        297.0
      ],
      [
        587.5,
        297.0
      ],
      [
        600.0,
        297.0
      ],
      [
        612.5,
        297.0
      ],
      [
        625.0,
        297.0
      ],
      [
        637.5,
        297.0
      ],
      [
        650.0,
        297.0
      ],
      [
        175.0,
        309.375
      ],
      [
        187.5,
        309.375
      ],
      [
        200.0,
        309.375
      ],
      [
        550.0,
        309.375
      ],
      [
        562.5,
        309.375
      ],
      [
        575.0,
        309.375
      ],
      [
        587.5,
        309.375
      ],
      [
        600.0,
        309.375
      ],
      [
        612.5,
        309.375
      ],
      [
        625.0,
        309.375
      ],
      [
        637.5,
        309.375
      ],
      [
        650.0,
        309.375
      ],
      [
        187.5,
        321.75
      ],
      [
        200.0,
        321.75
      ],
      [
        537.5,
        321.75
      ],
      [
        550.0,
        321.75
      ],
      [
        562.5,
        321.75
      ],
      [
        575.0,
        321.75
      ],
      [
        600.0,
        321.75
      ],
      [
        612.5,
        321.75
      ],
      [
        625.0,
        321.75
      ],
      [
        637.5,
        321.75
      ],
      [
        187.5,
        334.125
      ],
      [
        537.5,
        334.125
      ],
      [
        550.0,
        334.125
      ],
      [
        562.5,
        334.125
      ],
      [
        575.0,
        334.125
      ],
      [
        612.5,
        334.125
      ],
      [
        625.0,
        334.125
      ],
      [
        637.5,
        334.125
      ],
      [
        550.0,
        346.5
      ],
      [
        562.5,
        346.5
      ],
      [
        575.0,
        346.5
      ],
      [
        637.5,
        346.5
      ],
      [
        537.5,
        358.875
      ],
      [
        562.5,
        358.875
      ],
      [
        575.0,
        358.875
      ],
      [
        562.5,
        371.25
      ],
      [
        525.0,
        396.0
      ],
      [
        162.5,
        420.75
      ],
      [
        537.5,
        445.5
      ],
      [
        500.0,
        457.875
      ],
      [
        512.5,
        457.875
      ],
      [
        537.5,
        457.875
      ],
      [
        550.0,
        457.875
      ],
      [
        612.5,
        457.875
      ],
      [
        187.5,
        470.25
      ],
      [
        512.5,
        470.25
      ],
      [
        525.0,
        470.25
      ],
      [
        537.5,
        470.25
      ],
      [
        550.0,
        470.25
      ],
      [
        187.5,
        482.625
      ],
      [
        200.0,
        482.625
      ],
      [
        525.0,
        482.625
      ],
      [
        600.0,
        482.625
      ],
      [
        200.0,
        495.0
      ],
      [
        537.5,
        495.0
      ],
      [
        550.0,
        495.0
      ],
      [
        562.5,
        495.0
      ],
      [
        600.0,
        495.0
      ],
      [
        612.5,
        495.0
      ],
      [
        625.0,
        495.0
      ],
      [
        537.5,
        507.375
      ],
      [
        550.0,
        507.375
      ],
      [
        562.5,
        507.375
      ],
      [
        575.0,
        507.375
      ],
      [
        587.5,
        507.375
      ],
      [
        625.0,
        507.375
      ],
      [
        550.0,
        519.75
      ],
      [
        575.0,
        519.75
      ],
      [
        587.5,
        519.75
      ],
      [
        600.0,
        519.75
      ],
      [
        162.5,
        581.625
      ],
      [
        437.5,
        606.375
      ],
      [
        450.0,
        643.5
      ]
    ],