{
  "sl_no": 117,
  "match_info": {
    "center": "live_locate:postcode:PE9 3DN",
    "zoom": 19,
    "rotation": 0,
    "n_inliers": 62,
    "score": 29.11,
    "scale_factor": 0.876,
    "avg_scale": 1.1045,
    "window": [
      774,
      1290
    ],
    "center_latlon": [
      52.631828067791226,
      -0.40827509407191087
    ],
    "anchor_latlon": [
      52.6321954809933,
      -0.40619790361015
    ],
    "_inlier_pts_map": [
      [
        517.8571428571429,
        717.15
      ],
      [
        1087.5,
        922.0500000000001
      ],
      [
        1113.392857142857,
        947.6625
      ],
      [
        1139.2857142857142,
        947.6625
      ],
      [
        1087.5,
        973.275
      ],
      [
        1113.392857142857,
        973.275
      ],
      [
        1139.2857142857142,
        973.275
      ],
      [
        1165.1785714285713,
        973.275
      ],
      [
        1191.0714285714284,
        973.275
      ],
      [
        1061.607142857143,
        998.8875
      ],
      [
        1087.5,
        998.8875
      ],
      [
        1113.392857142857,
        998.8875
      ],
      [
        1139.2857142857142,
        998.8875
      ],
      [
        1165.1785714285713,
        998.8875
      ],
      [
        1061.607142857143,
        1024.5
      ],
      [
        1087.5,
        1024.5
      ],
      [
        1113.392857142857,
        1024.5
      ],
      [
        1139.2857142857142,
        1024.5
      ],
      [
        1165.1785714285713,
        1024.5
      ],
      [
        1191.0714285714284,
        1024.5
      ],
      [
        1035.7142857142858,
        1050.1125
      ],
      [
        1061.607142857143,
        1050.1125
      ],
      [
        1087.5,
        1050.1125
      ],
      [
        1113.392857142857,
        1050.1125
      ],
      [
        1191.0714285714284,
        1050.1125
      ],
      [
        1061.607142857143,
        1075.7250000000001
      ],
      [
        1087.5,
        1075.7250000000001
      ],
      [
        1113.392857142857,
        1075.7250000000001
      ],
      [
        1113.392857142857,
        1101.3375
      ],
      [
        1009.8214285714286,
        1152.5625
      ],
      [
        958.0357142857142,
        1203.7875000000001
      ],
      [
        983.9285714285714,
        1203.7875000000001
      ],
      [
        1009.8214285714286,
        1229.4
      ],
      [
        1035.7142857142858,
        1255.0125
      ],
      [
        1061.607142857143,
        1383.075
      ],
      [
        621.4285714285714,
        1408.6875
      ],
      [
        1061.607142857143,
        1408.6875
      ],
      [
        1087.5,
        1408.6875
      ],
      [
        569.6428571428571,
        1434.3
      ],
      [
        595.5357142857142,
        1434.3
      ],
      [
        621.4285714285714,
        1434.3
      ],
      [
        647.3214285714286,
        1434.3
      ],
      [
        1061.607142857143,
        1434.3
      ],
      [
        1087.5,
        1434.3
      ],
      [
        569.6428571428571,
        1459.9125000000001
      ],
      [
        595.5357142857142,
        1459.9125000000001
      ],
      [
        621.4285714285714,
        1459.9125000000001
      ],
      [
        647.3214285714286,
        1459.9125000000001
      ],
      [
        1061.607142857143,
        1459.9125000000001
      ],
      [
        1087.5,
        1459.9125000000001
      ],
      [
        543.75,
        1485.525
      ],
      [
        569.6428571428571,
        1485.525
      ],
      [
        595.5357142857142,
        1485.525
      ],
      [
        621.4285714285714,
        1485.525
      ],
      [
        647.3214285714286,
        1485.525
      ],
      [
        543.75,
        1511.1375
      ],
      [
        569.6428571428571,
        1511.1375
      ],
      [
        595.5357142857142,
        1511.1375
      ],
      [
        621.4285714285714,
        1511.1375
      ],
      [
        647.3214285714286,
        1511.1375
      ],
      [
        621.4285714285714,
        1536.75
      ],
      [
        1087.5,
        1716.0375000000001
      ]
    ],
    "_rot_map_shape": [
      2049,
      1450
    ]
  },
  "processing_time": 146.58753514289856,
  "agent_accepted": true,
  "agent_reason": "[accepted] The site was located using the postcode PE9 3DN in Barnack. The match at this location yielded 62 inliers (OK tier) with good scale consistency (0.82) and stron",
  "agent_stats": {
    "position_calls": 1,
    "pdf_info": {
      "site_address": "Hobart Cottage, Main Street, Barnack, Peterborough PE9 3DN",
      "postcodes": [
        "PE9 3DN"
      ],
      "grid_refs": [],
      "scale": "NTS",
      "map_pages": [
        2
      ],
      "map_page_details": [
        {
          "page": 2,
          "category": "match",
          "area_group": 0,
          "boundary_clarity": "clear",
          "detail_level": "close",
          "caption": "Location Plan showing Hobart Cottage edged in red on Main Street, Barnack."
        }
      ],
      "road_names": [
        "Main Street",
        "Jack Haws Lane",
        "School Road",
        "Kingsley Close",
        "Bishops Walk",
        "Chapel Lane"
      ],
      "place_names": [
        "Hobart Cottage",
        "Barnack Conservation Area",
        "St John the Baptist's Church",
        "Manor House",
        "The Maltings",
        "Fivebargate",
        "Gate House",
        "Cedar House",
        "Southcroft",
        "Chester Cott",
        "The Old Bakehouse",
        "Westcroft",
        "Corner Cott",
        "Close Cottage",
        "Rectory",
        "Paddock Gate"
      ],
      "is_district_wide": false,
      "district_name": null,
      "house_number_road_pairs": [],
      "parish_names": [
        "Barnack"
      ],
      "admin_region": "Peterborough",
      "likely_town_or_city": "Barnack",
      "visible_map_labels": [
        "Barnack",
        "JACK HAWS LANE",
        "SCHOOL ROAD",
        "Main Street",
        "The site",
        "The Maltings",
        "Fivebargate",
        "St John the Baptist's Church",
        "Manor House (remains of)",
        "Gate House",
        "Cedar House",
        "Southcroft",
        "Chester Cott",
        "The Old Bakehouse",
        "Westcroft",
        "Corner Cott",
        "KINGSLEY CLOSE",
        "BISHOPS WALK",
        "El Sub Sta",
        "Rectory",
        "Paddock Gate",
        "Close Cottage"
      ],
      "adjacency_hints": [
        "Corner Cott",
        "The Maltings",
        "Southcroft"
      ]
    },
    "reader_request_tokens": 4480,
    "reader_response_tokens": 475,
    "outcome_status": "accepted",
    "outcome_reasoning": "The site was located using the postcode PE9 3DN in Barnack. The match at this location yielded 62 inliers (OK tier) with good scale consistency (0.82) and strong road name agreement (0.83), with 5 out of 6 roads from the map (Main Street, Jack Haws Lane, School Road, Kingsley Close, Bishops Walk) confirmed in the OS data. This provides a reliable projection for the site boundary at Hobart Cottage.",
    "rotation_checked": false,
    "tool_calls": {
      "propose_centers": 2,
      "match_at": 1,
      "commit_match": 1,
      "final_result": 1
    },
    "total_tool_calls": 5,
    "n_turns": 11,
    "validator_retries": 0,
    "worker_request_tokens": 26847,
    "worker_response_tokens": 313,
    "request_tokens": 31327,
    "response_tokens": 788,
    "total_tokens": 32115,
    "critic": {
      "n_rejections": 0,
      "iterations": [
        {
          "iter_idx": 0,
          "action": "approve",
          "chosen_candidate_id": 0,