{
  "sl_no": 30,
  "match_info": {
    "center": "live_locate:place:Costessey",
    "zoom": 18,
    "rotation": 0,
    "n_inliers": 273,
    "score": 130.81,
    "scale_factor": 0.877,
    "avg_scale": 1.0024,
    "window": [
      0,
      1806
    ],
    "center_latlon": [
      52.657195604020195,
      1.201875741100082
    ],
    "anchor_latlon": [
      52.65913,
      1.21011
    ],
    "_inlier_pts_map": [
      [
        284.625,
        76.8375
      ],
      [
        310.5,
        76.8375
      ],
      [
        336.375,
        76.8375
      ],
      [
        362.25,
        76.8375
      ],
      [
        284.625,
        102.45
      ],
      [
        310.5,
        102.45
      ],
      [
        336.375,
        102.45
      ],
      [
        362.25,
        102.45
      ],
      [
        828.0,
        102.45
      ],
      [
        879.75,
        102.45
      ],
      [
        207.0,
        128.0625
      ],
      [
        310.5,
        128.0625
      ],
      [
        336.375,
        128.0625
      ],
      [
        362.25,
        128.0625
      ],
      [
        802.125,
        128.0625
      ],
      [
        828.0,
        128.0625
      ],
      [
        853.875,
        128.0625
      ],
      [
        879.75,
        128.0625
      ],
      [
        181.125,
        153.675
      ],
      [
        284.625,
        153.675
      ],
      [
        310.5,
        153.675
      ],
      [
        336.375,
        153.675
      ],
      [
        362.25,
        153.675
      ],
      [
        776.25,
        153.675
      ],
      [
        802.125,
        153.675
      ],
      [
        828.0,
        153.675
      ],
      [
        853.875,
        153.675
      ],
      [
        879.75,
        153.675
      ],
      [
        905.625,
        153.675
      ],
      [
        258.75,
        179.2875
      ],
      [
        284.625,
        179.2875
      ],
      [
        310.5,
        179.2875
      ],
      [
        336.375,
        179.2875
      ],
      [
        362.25,
        179.2875
      ],
      [
        776.25,
        179.2875
      ],
      [
        802.125,
        179.2875
      ],
      [
        828.0,
        179.2875
      ],
      [
        853.875,
        179.2875
      ],
      [
        879.75,
        179.2875
      ],
      [
        905.625,
        179.2875
      ],
      [
        931.5,
        179.2875
      ],
      [
        1293.75,
        179.2875
      ],
      [
        1319.625,
        179.2875
      ],
      [
        207.0,
        204.9
      ],
      [
        232.875,
        204.9
      ],
      [
        258.75,
        204.9
      ],
      [
        284.625,
        204.9
      ],
      [
        310.5,
        204.9
      ],
      [
        336.375,
        204.9
      ],
      [
        362.25,
        204.9
      ],
      [
        388.125,
        204.9
      ],
      [
        776.25,
        204.9
      ],
      [
        802.125,
        204.9
      ],
      [
        828.0,
        204.9
      ],
      [
        853.875,
        204.9
      ],
      [
        879.75,
        204.9
      ],
      [
        905.625,
        204.9
      ],
      [
        931.5,
        204.9
      ],
      [
        957.375,
        204.9
      ],
      [
        983.25,
        204.9
      ],
      [
        1009.125,
        204.9
      ],
      [
        1035.0,
        204.9
      ],
      [
        1267.875,
        204.9
      ],
      [
        1293.75,
        204.9
      ],
      [
        1319.625,
        204.9
      ],
      [
        1345.5,
        204.9
      ],
      [
        1371.375,
        204.9
      ],
      [
        181.125,
        230.51250000000002
      ],
      [
        207.0,
        230.51250000000002
      ],
      [
        232.875,
        230.51250000000002
      ],
      [
        258.75,
        230.51250000000002
      ],
      [
        284.625,
        230.51250000000002
      ],
      [
        310.5,
        230.51250000000002
      ],
      [
        336.375,
        230.51250000000002
      ],
      [
        362.25,
        230.51250000000002
      ],
      [
        776.25,
        230.51250000000002
      ],
      [
        802.125,
        230.51250000000002
      ],
      [
        828.0,
        230.51250000000002
      ],
      [
        853.875,
        230.51250000000002
      ],
      [
        879.75,
        230.51250000000002
      ],
      [
        905.625,
        230.51250000000002
      ],
      [
        931.5,
        230.51250000000002
      ],
      [
        957.375,
        230.51250000000002
      ],
      [
        983.25,
        230.51250000000002
      ],
      [
        1009.125,
        230.51250000000002
      ],
      [
        1242.0,
        230.51250000000002
      ],
      [
        1267.875,
        230.51250000000002
      ],
      [
        1293.75,
        230.51250000000002
      ],
      [
        1319.625,
        230.51250000000002
      ],
      [
        1345.5,
        230.51250000000002
      ],
      [
        1371.375,
        230.51250000000002
      ],
      [
        207.0,
        256.125
      ],
      [
        232.875,
        256.125
      ],
      [
        258.75,
        256.125
      ],
      [
        284.625,
        256.125
      ],
      [
        310.5,
        256.125
      ],
      [
        336.375,
        256.125
      ],
      [
        388.125,
        256.125
      ],
      [
        828.0,
        256.125
      ],
      [
        853.875,
        256.125
      ],
      [
        879.75,
        256.125
      ],
      [
        905.625,
        256.125
      ],
      [
        931.5,
        256.125
      ],
      [
        957.375,
        256.125
      ],
      [
        983.25,
        256.125
      ],
      [
        1009.125,
        256.125
      ],
      [
        1035.0,
        256.125
      ],
      [
        1242.0,
        256.125
      ],
      [
        1267.875,
        256.125
      ],
      [
        1293.75,
        256.125
      ],
      [
        1319.625,
        256.125
      ],
      [
        1345.5,
        256.125
      ],
      [
        1371.375,
        256.125
      ],
      [
        181.125,
        281.7375
      ],
      [
        207.0,
        281.7375
      ],
      [
        232.875,
        281.7375
      ],
      [
        258.75,
        281.7375
      ],
      [
        284.625,
        281.7375
      ],
      [
        310.5,
        281.7375
      ],
      [
        336.375,
        281.7375
      ],
      [
        362.25,
        281.7375
      ],
      [
        388.125,
        281.7375
      ],
      [
        414.0,
        281.7375
      ],
      [
        853.875,
        281.7375
      ],
      [
        879.75,
        281.7375
      ],
      [
        905.625,
        281.7375
      ],
      [
        931.5,
        281.7375
      ],
      [
        957.375,
        281.7375
      ],
      [
        983.25,
        281.7375
      ],
      [
        1009.125,
        281.7375
      ],
      [
        1242.0,
        281.7375
      ],
      [
        1267.875,
        281.7375
      ],
      [
        1293.75,
        281.7375
      ],
      [
        1319.625,
        281.7375
      ],
      [
        1345.5,
        281.7375
      ],
      [
        181.125,
        307.35
      ],
      [
        207.0,
        307.35
      ],
      [
        232.875,
        307.35
      ],
      [
        258.75,
        307.35
      ],
      [
        284.625,
        307.35
      ],
      [
        310.5,
        307.35
      ],
      [
        336.375,
        307.35
      ],
      [
        362.25,
        307.35
      ],
      [
        388.125,
        307.35
      ],
      [
        414.0,
        307.35
      ],
      [
        983.25,
        307.35
      ],
      [
        1009.125,
        307.35
      ],
      [
        1035.0,
        307.35
      ],
      [
        1242.0,
