{
  "sl_no": 51,
  "match_info": {
    "center": "live_locate:place:Badersfield_triangular_block",
    "zoom": 17,
    "rotation": 0,
    "n_inliers": 28,
    "score": 13.14,
    "scale_factor": 0.879,
    "avg_scale": 1.0921,
    "window": [
      917,
      262
    ],
    "center_latlon": [
      52.759141021219975,
      1.3482415091856126
    ],
    "anchor_latlon": [
      52.7605,
      1.3445
    ],
    "_inlier_pts_map": [
      [
        207.57142857142858,
        436.475
      ],
      [
        285.4107142857143,
        436.475
      ],
      [
        207.57142857142858,
        462.15000000000003
      ],
      [
        233.51785714285717,
        462.15000000000003
      ],
      [
        259.4642857142857,
        462.15000000000003
      ],
      [
        285.4107142857143,
        462.15000000000003
      ],
      [
        259.4642857142857,
        487.825
      ],
      [
        285.4107142857143,
        487.825
      ],
      [
        311.3571428571429,
        487.825
      ],
      [
        804.3392857142858,
        1206.7250000000001
      ],
      [
        830.2857142857143,
        1206.7250000000001
      ],
      [
        856.2321428571429,
        1206.7250000000001
      ],
      [
        882.1785714285714,
        1206.7250000000001
      ],
      [
        908.125,
        1206.7250000000001
      ],
      [
        804.3392857142858,
        1232.4
      ],
      [
        830.2857142857143,
        1232.4
      ],
      [
        856.2321428571429,
        1232.4
      ],
      [
        882.1785714285714,
        1232.4
      ],
      [
        908.125,
        1232.4
      ],
      [
        830.2857142857143,
        1258.075
      ],
      [
        856.2321428571429,
        1258.075
      ],
      [
        882.1785714285714,
        1258.075
      ],
      [
        908.125,
        1258.075
      ],
      [
        804.3392857142858,
        1283.75
      ],
      [
        830.2857142857143,
        1283.75
      ],
      [
        856.2321428571429,
        1283.75
      ],
      [
        882.1785714285714,
        1283.75
      ],
      [
        856.2321428571429,
        1309.425
      ]
    ],
    "_rot_map_shape": [
      2054,
      1453
    ]
  },
  "processing_time": 309.1825921535492,
  "agent_accepted": true,
  "agent_reason": "[accepted] The document identifies the site as the RAF Coltishall Conservation Area. The map on page 2 shows a specific residential housing block with a triangular boundar",
  "agent_stats": {
    "position_calls": 1,
    "pdf_info": {
      "site_address": "RAF Coltishall Conservation Area, Coltishall, Norfolk",
      "postcodes": [
        "NR7 0DU"
      ],
      "grid_refs": [],
      "scale": null,
      "map_pages": [
        2
      ],
      "map_page_details": [
        {
          "page": 1,
          "category": "discard",
          "area_group": -1,
          "boundary_clarity": "none",
          "detail_level": "wide",
          "caption": "Article 4 Direction text for RAF Coltishall Conservation Area"
        },
        {
          "page": 2,
          "category": "match",
          "area_group": 0,
          "boundary_clarity": "clear",
          "detail_level": "close",
          "caption": "Site plan showing red boundary around residential dwellings at RAF Coltishall"
        }
      ],
      "road_names": [
        "Yarmouth Road"
      ],
      "place_names": [
        "RAF Coltishall Conservation Area",
        "Thorpe Lodge"
      ],
      "is_district_wide": false,
      "district_name": null,
      "house_number_road_pairs": [],
      "parish_names": [],
      "admin_region": null,
      "likely_town_or_city": "Coltishall",
      "visible_map_labels": [],
      "adjacency_hints": []
    },
    "outcome_status": "accepted",
    "outcome_reasoning": "The document identifies the site as the RAF Coltishall Conservation Area. The map on page 2 shows a specific residential housing block with a triangular boundary. This area is now known as Badersfield. Three attempts were made to position the map at Badersfield, with the third attempt (candidate_id 2) providing the highest number of inliers (28) and a good scale consistency (0.84). Although the inlier count is relatively low, the visual match of the building footprints and the triangular road layout at Badersfield is consistent with the map. The road name 'Yarmouth Road' in the PDF text refers to the council's office address (Thorpe Lodge, Norwich), not the site itself, explaining the lack of road name agreement. I have committed the best available match.",
    "rotation_checked": false,
    "tool_calls": {
      "submit_pdf_info": 1,
      "propose_centers": 3,
      "match_at": 3,
      "commit_match": 1,
      "final_result": 1
    },
    "total_tool_calls": 9,
    "n_turns": 19,
    "validator_retries": 0,
    "worker_request_tokens": 77577,
    "worker_response_tokens": 804,
    "request_tokens": 77577,
    "response_tokens": 804,
    "total_tokens": 78381
  },
  "valid_ground_truth": true,
  "valid_prediction": true,
  "validation_error": null,
  "iou": 0.05518459510480505,
  "precision": 0.06761821805089649,
  "recall": 0.23083571304470768,
  "f1_score": 0.10459704465136536,
  "positioning_error_m": 591.2089787076718
}