{
  "sl_no": 114,
  "match_info": {
    "center": "live_locate:postcode:PE9 3DN",
    "zoom": 19,
    "rotation": 0,
    "n_inliers": 151,
    "score": 65.79,
    "scale_factor": 0.876,
    "avg_scale": 1.1125,
    "window": [
      1548,
      0
    ],
    "center_latlon": [
      52.633809496815935,
      -0.4059567910076112
    ],
    "anchor_latlon": [
      52.632195,
      -0.406198
    ],
    "_inlier_pts_map": [
      [
        595.5357142857142,
        384.1875
      ],
      [
        776.7857142857142,
        384.1875
      ],
      [
        543.75,
        409.8
      ],
      [
        569.6428571428571,
        409.8
      ],
      [
        595.5357142857142,
        409.8
      ],
      [
        621.4285714285714,
        409.8
      ],
      [
        543.75,
        435.4125
      ],
      [
        569.6428571428571,
        435.4125
      ],
      [
        595.5357142857142,
        435.4125
      ],
      [
        621.4285714285714,
        435.4125
      ],
      [
        543.75,
        461.02500000000003
      ],
      [
        569.6428571428571,
        461.02500000000003
      ],
      [
        595.5357142857142,
        461.02500000000003
      ],
      [
        621.4285714285714,
        461.02500000000003
      ],
      [
        543.75,
        486.6375
      ],
      [
        569.6428571428571,
        486.6375
      ],
      [
        258.92857142857144,
        512.25
      ],
      [
        543.75,
        512.25
      ],
      [
        569.6428571428571,
        537.8625000000001
      ],
      [
        595.5357142857142,
        537.8625000000001
      ],
      [
        207.14285714285714,
        563.475
      ],
      [
        233.03571428571428,
        563.475
      ],
      [
        595.5357142857142,
        563.475
      ],
      [
        233.03571428571428,
        589.0875
      ],
      [
        284.82142857142856,
        589.0875
      ],
      [
        310.7142857142857,
        589.0875
      ],
      [
        284.82142857142856,
        614.7
      ],
      [
        310.7142857142857,
        614.7
      ],
      [
        466.07142857142856,
        665.9250000000001
      ],
      [
        491.9642857142857,
        665.9250000000001
      ],
      [
        725.0,
        665.9250000000001
      ],
      [
        1139.2857142857142,
        665.9250000000001
      ],
      [
        414.2857142857143,
        691.5375
      ],
      [
        440.17857142857144,
        691.5375
      ],
      [
        466.07142857142856,
        691.5375
      ],
      [
        958.0357142857142,
        691.5375
      ],
      [
        983.9285714285714,
        691.5375
      ],
      [
        1009.8214285714286,
        691.5375
      ],
      [
        1035.7142857142858,
        691.5375
      ],
      [
        880.3571428571429,
        717.15
      ],
      [
        932.1428571428571,
        717.15
      ],
      [
        1009.8214285714286,
        717.15
      ],
      [
        1035.7142857142858,
        717.15
      ],
      [
        1268.75,
        717.15
      ],
      [
        880.3571428571429,
        742.7625
      ],
      [
        1165.1785714285713,
        870.825
      ],
      [
        1191.0714285714284,
        870.825
      ],
      [
        1216.9642857142858,
        870.825
      ],
      [
        207.14285714285714,
        896.4375
      ],
      [
        258.92857142857144,
        896.4375
      ],
      [
        1139.2857142857142,
        896.4375
      ],
      [
        1165.1785714285713,
        896.4375
      ],
      [
        1191.0714285714284,
        896.4375
      ],
      [
        1216.9642857142858,
        896.4375
      ],
      [
        181.25,
        922.0500000000001
      ],
      [
        207.14285714285714,
        922.0500000000001
      ],
      [
        233.03571428571428,
        922.0500000000001
      ],
      [
        258.92857142857144,
        922.0500000000001
      ],
      [
        284.82142857142856,
        922.0500000000001
      ],
      [
        725.0,
        922.0500000000001
      ],
      [
        1139.2857142857142,
        922.0500000000001
      ],
      [
        1165.1785714285713,
        922.0500000000001
      ],
      [
        1191.0714285714284,
        922.0500000000001
      ],
      [
        1216.9642857142858,
        922.0500000000001
      ],
      [
        181.25,
        947.6625
      ],
      [
        207.14285714285714,
        947.6625
      ],
      [
        233.03571428571428,
        947.6625
      ],
      [
        258.92857142857144,
        947.6625
      ],
      [
        284.82142857142856,
        947.6625
      ],
      [
        725.0,
        947.6625
      ],
      [
        776.7857142857142,
        947.6625
      ],
      [
        1113.392857142857,
        947.6625
      ],
      [
        1139.2857142857142,
        947.6625
      ],
      [
        155.35714285714286,
        973.275
      ],
      [
        207.14285714285714,
        973.275
      ],
      [
        233.03571428571428,
        973.275
      ],
      [
        155.35714285714286,
        998.8875
      ],
      [
        181.25,
        998.8875
      ],
      [
        258.92857142857144,
        998.8875
      ],
      [
        284.82142857142856,
        998.8875
      ],
      [
        310.7142857142857,
        998.8875
      ],
      [
        258.92857142857144,
        1024.5
      ],
      [
        284.82142857142856,
        1024.5
      ],
      [
        310.7142857142857,
        1024.5
      ],
      [
        336.60714285714283,
        1024.5
      ],
      [
        233.03571428571428,
        1050.1125
      ],
      [
        258.92857142857144,
        1050.1125
      ],
      [
        284.82142857142856,
        1050.1125
      ],
      [
        310.7142857142857,
        1050.1125
      ],
      [
        336.60714285714283,
        1050.1125
      ],
      [
        388.3928571428571,
        1050.1125
      ],
      [
        1216.9642857142858,
        1050.1125
      ],
      [
        1242.857142857143,
        1050.1125
      ],
      [
        233.03571428571428,
        1075.7250000000001
      ],
      [
        258.92857142857144,
        1075.7250000000001
      ],
      [
        284.82142857142856,
        1075.7250000000001
      ],
      [
        310.7142857142857,
        1075.7250000000001
      ],
      [
        1191.0714285714284,
        1075.7250000000001
      ],
      [
        1216.9642857142858,
        1075.7250000000001
      ],
      [
        1268.75,
        1075.7250000000001
      ],
      [
        1294.642857142857,
        1075.7250000000001
      ],
      [
        181.25,
        1101.3375
      ],
      [
        207.14285714285714,
        1101.3375
      ],
      [
        233.03571428571428,
        1101.3375
      ],
      [
        258.92857142857144,
        1101.3375
      ],
      [
        284.82142857142856,
        1101.3375
      ],
      [
        1165.1785714285713,
        1101.3375
      ],
      [
        1191.0714285714284,
        1101.3375
      ],
      [
        1216.9642857142858,
        1101.3375
      ],
      [
        1242.857142857143,
        1101.3375
      ],
      [
        1268.75,
        1101.3375
      ],
      [
        207.14285714285714,
        1126.95
      ],
      [
        233.03571428571428,
        1126.95
      ],
      [
        258.92857142857144,
        1126.95
      ],
      [
        284.82142857142856,
        1126.95
      ],
      [
        1165.1785714285713,
        1126.95
      ],
      [
        1191.0714285714284,
        1126.95
      ],
      [
        1242.857142857143,
        1126.95
      ],
      [
        1294.642857142857,
        1126.95
      ],
      [
        181.25,
        1152.5625
      ],
      [
        207.14285714285714,
        1152.5625
      ],
      [
        233.03571428571428,
        1152.5625
      ],
      [
