{
  "sl_no": 86,
  "match_info": {
    "center": "live_locate:grid_ref:TR 24 46/47",
    "zoom": 17,
    "rotation": 0,
    "n_inliers": 79,
    "score": 30.98,
    "scale_factor": 0.424,
    "avg_scale": 1.0017,
    "window": [
      468,
      234
    ],
    "center_latlon": [
      51.17638725725487,
      1.206938742375769
    ],
    "anchor_latlon": [
      51.177,
      1.205
    ],
    "_inlier_pts_map": [
      [
        175.5,
        176.96428571428572
      ],
      [
        526.5,
        212.3571428571429
      ],
      [
        561.6,
        212.3571428571429
      ],
      [
        596.7,
        212.3571428571429
      ],
      [
        526.5,
        247.75000000000003
      ],
      [
        561.6,
        247.75000000000003
      ],
      [
        596.7,
        247.75000000000003
      ],
      [
        491.40000000000003,
        283.14285714285717
      ],
      [
        526.5,
        283.14285714285717
      ],
      [
        561.6,
        283.14285714285717
      ],
      [
        596.7,
        283.14285714285717
      ],
      [
        526.5,
        318.53571428571433
      ],
      [
        561.6,
        318.53571428571433
      ],
      [
        596.7,
        318.53571428571433
      ],
      [
        561.6,
        353.92857142857144
      ],
      [
        1193.4,
        389.3214285714286
      ],
      [
        175.5,
        778.6428571428572
      ],
      [
        386.1,
        849.4285714285716
      ],
      [
        421.20000000000005,
        849.4285714285716
      ],
      [
        315.90000000000003,
        884.8214285714287
      ],
      [
        351.0,
        884.8214285714287
      ],
      [
        386.1,
        884.8214285714287
      ],
      [
        421.20000000000005,
        884.8214285714287
      ],
      [
        456.3,
        884.8214285714287
      ],
      [
        491.40000000000003,
        884.8214285714287
      ],
      [
        280.8,
        920.2142857142858
      ],
      [
        315.90000000000003,
        920.2142857142858
      ],
      [
        351.0,
        920.2142857142858
      ],
      [
        386.1,
        920.2142857142858
      ],
      [
        421.20000000000005,
        920.2142857142858
      ],
      [
        280.8,
        955.6071428571429
      ],
      [
        315.90000000000003,
        955.6071428571429
      ],
      [
        351.0,
        955.6071428571429
      ],
      [
        315.90000000000003,
        991.0000000000001
      ],
      [
        386.1,
        1097.1785714285716
      ],
      [
        421.20000000000005,
        1097.1785714285716
      ],
      [
        456.3,
        1097.1785714285716
      ],
      [
        1860.3000000000002,
        1097.1785714285716
      ],
      [
        386.1,
        1132.5714285714287
      ],
      [
        421.20000000000005,
        1132.5714285714287
      ],
      [
        456.3,
        1132.5714285714287
      ],
      [
        1474.2,
        1132.5714285714287
      ],
      [
        1509.3,
        1132.5714285714287
      ],
      [
        315.90000000000003,
        1167.9642857142858
      ],
      [
        351.0,
        1167.9642857142858
      ],
      [
        386.1,
        1167.9642857142858
      ],
      [
        421.20000000000005,
        1167.9642857142858
      ],
      [
        456.3,
        1167.9642857142858
      ],
      [
        1439.1000000000001,
        1167.9642857142858
      ],
      [
        1474.2,
        1167.9642857142858
      ],
      [
        1579.5,
        1167.9642857142858
      ],
      [
        1614.6000000000001,
        1167.9642857142858
      ],
      [
        351.0,
        1203.357142857143
      ],
      [
        386.1,
        1203.357142857143
      ],
      [
        421.20000000000005,
        1203.357142857143
      ],
      [
        456.3,
        1203.357142857143
      ],
      [
        491.40000000000003,
        1203.357142857143
      ],
      [
        526.5,
        1203.357142857143
      ],
      [
        561.6,
        1203.357142857143
      ],
      [
        596.7,
        1203.357142857143
      ],
      [
        666.9,
        1203.357142857143
      ],
      [
        702.0,
        1203.357142857143
      ],
      [
        1614.6000000000001,
        1203.357142857143
      ],
      [
        456.3,
        1238.75
      ],
      [
        491.40000000000003,
        1238.75
      ],
      [
        526.5,
        1238.75
      ],
      [
        561.6,
        1238.75
      ],
      [
        596.7,
        1238.75
      ],
      [
        631.8000000000001,
        1238.75
      ],
      [
        666.9,
        1238.75
      ],
      [
        702.0,
        1238.75
      ],
      [
        456.3,
        1274.1428571428573
      ],
      [
        491.40000000000003,
        1274.1428571428573
      ],
      [
        526.5,
        1274.1428571428573
      ],
      [
        561.6,
        1274.1428571428573
      ],
      [
        456.3,
        1309.5357142857144
      ],
      [
        491.40000000000003,
        1309.5357142857144
      ],
      [
        526.5,
        1309.5357142857144
      ],
      [
        561.6,
        1309.5357142857144
      ]
    ],
    "_rot_map_shape": [
      1982,
      2808
    ]
  },
  "processing_time": 117.6425359249115,
  "agent_accepted": true,
  "agent_reason": "[accepted] The planning boundary covers land adjacent to the Lydden Circuit (Motor Racing) and the A2 Highway in the Parish of Denton with Wootton. I identified the site u",
  "agent_stats": {
    "position_calls": 1,
    "pdf_info": {
      "site_address": "Land adjacent Lydden Circuit, Denton with Wootton, Kent",
      "postcodes": [],
      "grid_refs": [
        "TR 2446-47 2546-47"
      ],
      "scale": "1:2500",
      "map_pages": [
        3
      ],
      "map_page_details": [
        {
          "page": 1,
          "category": "discard",
          "area_group": -1,
          "boundary_clarity": "none",
          "detail_level": "wide",
          "caption": "Cover page: Article 4 Direction (No. 3) 1990, Land adjacent Lydden Circuit, Denton with Wootton."
        },
        {
          "page": 2,
          "category": "discard",
          "area_group": -1,
          "boundary_clarity": "none",
          "detail_level": "wide",
          "caption": "Text page: Description of land within the Parish of Denton with Wootton, south western side of A2 Highway."
        },
        {
          "page": 3,
          "category": "match",
          "area_group": 0,
          "boundary_clarity": "clear",
          "detail_level": "medium",
          "caption": "Site plan showing red boundary around land adjacent to Lydden Circuit and A2 Highway. Scale 1:2500."
        }
      ],
      "road_names": [
        "A2 Highway"
      ],
      "place_names": [
        "Lydden Circuit",
        "Denton with Wootton",
        "Fox Gate Farm",
        "Park Corner"
      ],
      "is_district_wide": false,
      "district_name": "Dover District, Kent, UK | Dover, Kent, UK",
      "house_number_road_pairs": [],
      "parish_names": [
        "Denton with Wootton"
      ],
      "admin_region": "Dover District Council",
      "likely_town_or_city": "Denton with Wootton",
      "visible_map_labels": [
        "Lydden Circuit (Motor Racing)",
        "A2 Highway",
        "Fox Gate Farm",
        "Park Corner"
      ],
      "adjacency_hints": [
        "A2 Highway",
        "Lydden Circuit",
        "Fox Gate Farm"
      ]
    },
    "outcome_status": "accepted",