{
  "sl_no": 5,
  "match_info": {
    "center": "live_locate:place:Abbey Road",
    "zoom": 18,
    "rotation": 0,
    "n_inliers": 82,
    "score": 33.65,
    "scale_factor": 0.424,
    "avg_scale": 0.9981,
    "window": [
      1134,
      567
    ],
    "center_latlon": [
      51.14629958187761,
      1.265824851367313
    ],
    "anchor_latlon": [
      51.1464465900058,
      1.26609095615405
    ],
    "_inlier_pts_map": [
      [
        900.0,
        74.2875
      ],
      [
        925.0,
        74.2875
      ],
      [
        900.0,
        99.05
      ],
      [
        925.0,
        99.05
      ],
      [
        900.0,
        123.8125
      ],
      [
        925.0,
        198.1
      ],
      [
        975.0,
        198.1
      ],
      [
        950.0,
        222.86249999999998
      ],
      [
        975.0,
        222.86249999999998
      ],
      [
        925.0,
        247.625
      ],
      [
        950.0,
        247.625
      ],
      [
        950.0,
        272.3875
      ],
      [
        950.0,
        297.15
      ],
      [
        1250.0,
        297.15
      ],
      [
        1275.0,
        297.15
      ],
      [
        1300.0,
        297.15
      ],
      [
        1325.0,
        297.15
      ],
      [
        1050.0,
        321.91249999999997
      ],
      [
        1225.0,
        321.91249999999997
      ],
      [
        1250.0,
        321.91249999999997
      ],
      [
        1275.0,
        321.91249999999997
      ],
      [
        1050.0,
        346.675
      ],
      [
        1075.0,
        346.675
      ],
      [
        1250.0,
        346.675
      ],
      [
        1025.0,
        371.4375
      ],
      [
        1050.0,
        371.4375
      ],
      [
        1300.0,
        371.4375
      ],
      [
        1325.0,
        371.4375
      ],
      [
        875.0,
        396.2
      ],
      [
        1100.0,
        396.2
      ],
      [
        1275.0,
        396.2
      ],
      [
        1300.0,
        396.2
      ],
      [
        875.0,
        420.9625
      ],
      [
        900.0,
        420.9625
      ],
      [
        1075.0,
        445.72499999999997
      ],
      [
        950.0,
        495.25
      ],
      [
        175.0,
        767.6374999999999
      ],
      [
        575.0,
        767.6374999999999
      ],
      [
        600.0,
        767.6374999999999
      ],
      [
        625.0,
        767.6374999999999
      ],
      [
        425.0,
        792.4
      ],
      [
        550.0,
        792.4
      ],
      [
        575.0,
        792.4
      ],
      [
        600.0,
        792.4
      ],
      [
        625.0,
        792.4
      ],
      [
        650.0,
        792.4
      ],
      [
        675.0,
        792.4
      ],
      [
        450.0,
        817.1625
      ],
      [
        475.0,
        817.1625
      ],
      [
        525.0,
        817.1625
      ],
      [
        550.0,
        817.1625
      ],
      [
        575.0,
        817.1625
      ],
      [
        600.0,
        817.1625
      ],
      [
        625.0,
        817.1625
      ],
      [
        650.0,
        817.1625
      ],
      [
        675.0,
        817.1625
      ],
      [
        400.0,
        841.925
      ],
      [
        425.0,
        841.925
      ],
      [
        450.0,
        841.925
      ],
      [
        475.0,
        841.925
      ],
      [
        575.0,
        841.925
      ],
      [
        600.0,
        841.925
      ],
      [
        625.0,
        841.925
      ],
      [
        650.0,
        841.925
      ],
      [
        375.0,
        866.6875
      ],
      [
        400.0,
        866.6875
      ],
      [
        425.0,
        866.6875
      ],
      [
        450.0,
        866.6875
      ],
      [
        475.0,
        866.6875
      ],
      [
        575.0,
        866.6875
      ],
      [
        600.0,
        866.6875
      ],
      [
        625.0,
        866.6875
      ],
      [
        650.0,
        866.6875
      ],
      [
        675.0,
        866.6875
      ],
      [
        700.0,
        866.6875
      ],
      [
        275.0,
        891.4499999999999
      ],
      [
        375.0,
        891.4499999999999
      ],
      [
        400.0,
        891.4499999999999
      ],
      [
        425.0,
        891.4499999999999
      ],
      [
        600.0,
        891.4499999999999
      ],
      [
        675.0,
        891.4499999999999
      ],
      [
        700.0,
        891.4499999999999
      ]
    ],
    "_rot_map_shape": [
      1981,
      1400
    ]
  },
  "processing_time": 140.93670892715454,
  "agent_accepted": true,
  "agent_reason": "[accepted] The site was located at Palmtree Hill Plantation, Temple Ewell. Two candidates were tested: the first (Palmtree Hill Plantation) yielded 71 inliers, and the sec",
  "agent_stats": {
    "position_calls": 1,
    "pdf_info": {
      "site_address": "Land at Palmtree Hill Plantation, Temple Ewell, Dover",
      "postcodes": [
        "CT16 1LZ"
      ],
      "grid_refs": [
        "TR 2843 NW",
        "TR 2843 NE"
      ],
      "scale": "1:1250",
      "map_pages": [
        7,
        6
      ],
      "map_page_details": [
        {
          "page": 6,
          "category": "match",
          "area_group": 0,
          "boundary_clarity": "clear",
          "detail_level": "close",
          "caption": "H.M. Land Registry plan showing numbered plots 1-24 within Palmtree Hill Plantation boundary."
        },
        {
          "page": 7,
          "category": "match",
          "area_group": 0,
          "boundary_clarity": "clear",
          "detail_level": "medium",
          "caption": "Article 4 Direction map at 1:1250 scale showing red boundary at Palmtree Hill Plantation, Temple Ewell."
        }
      ],
      "road_names": [
        "Alkham Valley Road",
        "Abbey Road",
        "Alkham Road"
      ],
      "place_names": [
        "Palmtree Hill Plantation",
        "Kearsney Court",
        "Alkham Valley",
        "Temple Ewell Village",
        "Russell Gardens",
        "Kearsney Abbey",
        "Kent Downs Area of Outstanding Natural Beauty"
      ],
      "is_district_wide": false,
      "district_name": "Dover District, Kent, UK",
      "house_number_road_pairs": [],
      "parish_names": [
        "Temple Ewell with River"
      ],
      "admin_region": "Dover",
      "likely_town_or_city": "Dover",
      "visible_map_labels": [
        "Palmtree Hill Plantation",
        "Kearsney Court",
        "KEARSNEY",
        "RUSSELL GARDENS",
        "Abbey Road",
        "The Gables",
        "The Bungalow",
        "Bushy Ruff House",
        "Tennis Court",
        "Pond"
      ],
      "adjacency_hints": [
        "Kearsney Court",
        "Alkham Valley Road",
        "Alkham Valley",
        "Palmtree Hill Plantation"
      ]
    },
    "reader_request_tokens": 7134,
    "reader_response_tokens": 463,
    "locate_n_calls": 2,
    "locate_request_tokens": 31259,
    "locate_response_tokens": 509,
    "locate_calls": [
      {
        "request_tokens": 9051,
        "response_tokens": 249,
        "n_messages": 7,
        "generation_id": "gen-1779678366-4p4DCHpzaQ3cWL4eXHfK"
      },
      {
        "request_tokens": 22208,
        "response_tokens": 260,
        "n_messages": 20,
        "generation_id": "gen-1779678437-sjb9h6LeMgcjVdZnGB5Z"
      }
    ],
    "outcome_status": "accepted",
    "outcome_reasoning": "The site was located at Palmtree Hill Plantation, Temple Ewell. Two candidates were tested: the first (Palmtree Hill Plantation) yielded 71 inliers, and the second (Abbey Road) yielded 82 inliers. Both attempts showed near-perfect scale consistency (0.99) and strong road name agreement (1.0). Candidate 1 (82 inliers) was committed as the best match for the single area group.",
    "rotation_checked": false,
    "tool_calls": {
      "propose_centers": 2,
      "match_at": 2,