{
  "sl_no": 91,
  "match_info": {
    "center": "live_locate:place:Exploration Drive",
    "zoom": 18,
    "rotation": 0,
    "n_inliers": 49,
    "score": 16.42,
    "scale_factor": 0.438,
    "avg_scale": 1.0186,
    "window": [
      504,
      0
    ],
    "center_latlon": [
      52.653578428000564,
      -1.1322066060287455
    ],
    "anchor_latlon": [
      52.6485,
      -1.131
    ],
    "_inlier_pts_map": [
      [
        155.14285714285714,
        768.75
      ],
      [
        206.85714285714286,
        794.375
      ],
      [
        219.78571428571428,
        794.375
      ],
      [
        155.14285714285714,
        807.1875
      ],
      [
        206.85714285714286,
        807.1875
      ],
      [
        219.78571428571428,
        807.1875
      ],
      [
        116.35714285714286,
        820.0
      ],
      [
        129.28571428571428,
        820.0
      ],
      [
        142.21428571428572,
        820.0
      ],
      [
        155.14285714285714,
        820.0
      ],
      [
        168.07142857142858,
        820.0
      ],
      [
        181.0,
        820.0
      ],
      [
        193.92857142857144,
        820.0
      ],
      [
        206.85714285714286,
        820.0
      ],
      [
        129.28571428571428,
        832.8125
      ],
      [
        142.21428571428572,
        832.8125
      ],
      [
        155.14285714285714,
        832.8125
      ],
      [
        193.92857142857144,
        832.8125
      ],
      [
        206.85714285714286,
        832.8125
      ],
      [
        116.35714285714286,
        845.625
      ],
      [
        129.28571428571428,
        845.625
      ],
      [
        142.21428571428572,
        845.625
      ],
      [
        155.14285714285714,
        845.625
      ],
      [
        193.92857142857144,
        845.625
      ],
      [
        206.85714285714286,
        845.625
      ],
      [
        116.35714285714286,
        858.4375
      ],
      [
        129.28571428571428,
        858.4375
      ],
      [
        142.21428571428572,
        858.4375
      ],
      [
        155.14285714285714,
        858.4375
      ],
      [
        168.07142857142858,
        858.4375
      ],
      [
        181.0,
        858.4375
      ],
      [
        193.92857142857144,
        858.4375
      ],
      [
        116.35714285714286,
        871.25
      ],
      [
        129.28571428571428,
        871.25
      ],
      [
        142.21428571428572,
        871.25
      ],
      [
        116.35714285714286,
        884.0625
      ],
      [
        129.28571428571428,
        884.0625
      ],
      [
        142.21428571428572,
        884.0625
      ],
      [
        155.14285714285714,
        884.0625
      ],
      [
        168.07142857142858,
        884.0625
      ],
      [
        181.0,
        884.0625
      ],
      [
        129.28571428571428,
        896.875
      ],
      [
        142.21428571428572,
        896.875
      ],
      [
        155.14285714285714,
        896.875
      ],
      [
        168.07142857142858,
        896.875
      ],
      [
        155.14285714285714,
        909.6875
      ],
      [
        168.07142857142858,
        909.6875
      ],
      [
        155.14285714285714,
        922.5
      ],
      [
        155.14285714285714,
        935.3125
      ]
    ],
    "_rot_map_shape": [
      1025,
      724
    ]
  },
  "processing_time": 152.6593930721283,
  "agent_accepted": true,
  "agent_reason": "[accepted] The site was located at the National Space Centre in Leicester. Two candidates were tested: the first (Exploration Drive) yielded 49 inliers with excellent scal",
  "agent_stats": {
    "position_calls": 1,
    "pdf_info": {
      "site_address": "LL/016 National Space Centre, Exploration Drive, Leicester",
      "postcodes": [],
      "grid_refs": [],
      "scale": "1:1250",
      "map_pages": [
        3
      ],
      "map_page_details": [
        {
          "page": 3,
          "category": "match",
          "area_group": 0,
          "boundary_clarity": "clear",
          "detail_level": "close",
          "caption": "Site plan showing red boundary around National Space Centre, Exploration Drive at 1:1250 scale."
        }
      ],
      "road_names": [
        "Exploration Drive",
        "Wallingford Road",
        "Abbey Park Road"
      ],
      "place_names": [
        "National Space Centre",
        "Leicestershire Museum of Technology",
        "Pump House"
      ],
      "is_district_wide": false,
      "district_name": null,
      "house_number_road_pairs": [],
      "parish_names": [],
      "admin_region": "Leicester",
      "likely_town_or_city": "Leicester",
      "visible_map_labels": [
        "National Space Centre",
        "Exploration Drive",
        "Wallingford Road",
        "Leicestershire Museum of Technology",
        "Pump House",
        "Landing Stage"
      ],
      "adjacency_hints": [
        "Exploration Drive",
        "Wallingford Road",
        "Leicestershire Museum of Technology"
      ]
    },
    "reader_request_tokens": 5012,
    "reader_response_tokens": 287,
    "outcome_status": "accepted",
    "outcome_reasoning": "The site was located at the National Space Centre in Leicester. Two candidates were tested: the first (Exploration Drive) yielded 49 inliers with excellent scale consistency (0.96) and perfect road name agreement (1.0). The second (Abbey Park Road) yielded 48 inliers. Given the high scale consistency and road agreement on the first attempt, it was committed as the best match for the single area group.",
    "rotation_checked": false,
    "tool_calls": {
      "propose_centers": 2,
      "match_at": 2,
      "commit_match": 1,
      "final_result": 1
    },
    "total_tool_calls": 6,
    "n_turns": 13,
    "validator_retries": 0,
    "worker_request_tokens": 30444,
    "worker_response_tokens": 367,
    "request_tokens": 35456,
    "response_tokens": 654,
    "total_tokens": 36110,
    "critic": {
      "n_rejections": 0,
      "iterations": [
        {
          "iter_idx": 0,
          "action": "approve",
          "chosen_candidate_id": 0,
          "reasoning": "Candidate 0 shows perfect alignment with the National Space Centre site in Leicester. The distinctive rounded building footprints and the adjacent river channel correspond exactly between the planning map and the OS tile. It has slightly better scale_consistency (0.96) than candidate 1.",
          "wall_s": 2.4,
          "llm_error": null
        }
      ],
      "tokens": {
        "request": 4082,
        "response": 84
      }
    }
  },
  "valid_ground_truth": true,
  "valid_prediction": true,
  "validation_error": null,
  "iou": 0.8052867655451251,
  "precision": 0.9068198834820489,
  "recall": 0.8779331901137578,
  "f1_score": 0.8921427674697822,
  "positioning_error_m": 5.211568775216684,
  "worker_first_iou": 0.8052867655451251,
  "worker_first_metrics": {
    "valid_ground_truth": true,
    "valid_prediction": true,
    "validation_error": null,
    "iou": 0.8052867655451251,
    "precision": 0.9068198834820489,
    "recall": 0.8779331901137578,
    "f1_score": 0.8921427674697822,
    "positioning_error_m": 5.211568775216684
  }
}