{
  "sl_no": 193,
  "match_info": {
    "center": "live_locate:place:Wimpole Road (Orchard Farm cluster",
    "zoom": 15,
    "rotation": 0,
    "n_inliers": 38,
    "score": 23.76,
    "scale_factor": 1.084,
    "avg_scale": 1.0048,
    "window": [
      690,
      1265
    ],
    "center_latlon": [
      52.159185959701475,
      0.057859174921105705
    ],
    "anchor_latlon": [
      52.1764,
      0.0542
    ],
    "_inlier_pts_map": [
      [
        255.85714285714286,
        253.4
      ],
      [
        287.8392857142857,
        253.4
      ],
      [
        319.82142857142856,
        253.4
      ],
      [
        351.80357142857144,
        253.4
      ],
      [
        255.85714285714286,
        285.075
      ],
      [
        287.8392857142857,
        285.075
      ],
      [
        319.82142857142856,
        285.075
      ],
      [
        351.80357142857144,
        285.075
      ],
      [
        255.85714285714286,
        316.75
      ],
      [
        287.8392857142857,
        316.75
      ],
      [
        319.82142857142856,
        316.75
      ],
      [
        351.80357142857144,
        316.75
      ],
      [
        223.875,
        348.425
      ],
      [
        255.85714285714286,
        348.425
      ],
      [
        287.8392857142857,
        348.425
      ],
      [
        319.82142857142856,
        348.425
      ],
      [
        351.80357142857144,
        348.425
      ],
      [
        383.7857142857143,
        348.425
      ],
      [
        223.875,
        380.1
      ],
      [
        255.85714285714286,
        380.1
      ],
      [
        287.8392857142857,
        380.1
      ],
      [
        319.82142857142856,
        380.1
      ],
      [
        351.80357142857144,
        380.1
      ],
      [
        223.875,
        411.77500000000003
      ],
      [
        255.85714285714286,
        411.77500000000003
      ],
      [
        287.8392857142857,
        411.77500000000003
      ],
      [
        319.82142857142856,
        411.77500000000003
      ],
      [
        351.80357142857144,
        411.77500000000003
      ],
      [
        383.7857142857143,
        411.77500000000003
      ],
      [
        287.8392857142857,
        443.45
      ],
      [
        319.82142857142856,
        443.45
      ],
      [
        351.80357142857144,
        443.45
      ],
      [
        383.7857142857143,
        443.45
      ],
      [
        543.6964285714286,
        2280.6
      ],
      [
        575.6785714285714,
        2280.6
      ],
      [
        543.6964285714286,
        2312.275
      ],
      [
        607.6607142857143,
        2312.275
      ],
      [
        639.6428571428571,
        2312.275
      ]
    ],
    "_rot_map_shape": [
      2534,
      1791
    ]
  },
  "processing_time": 607.3795161247253,
  "agent_accepted": true,
  "agent_reason": "[accepted] The site was located at Orchard Farm on Wimpole Road (A603) near Barton. Two attempts at the same location yielded consistent results with 38 inliers, which is ",
  "agent_stats": {
    "position_calls": 2,
    "pdf_info": {
      "site_address": "Orchard Farm, Wimpole Road, Barton",
      "postcodes": [],
      "grid_refs": [],
      "scale": null,
      "map_pages": [
        3
      ],
      "map_page_details": [
        {
          "page": 3,
          "category": "match",
          "area_group": 0,
          "boundary_clarity": "clear",
          "detail_level": "medium",
          "caption": "Site plan showing red boundary around Orchard Farm, Barton, on OS background."
        }
      ],
      "road_names": [
        "Wimpole Road"
      ],
      "place_names": [
        "Orchard Farm",
        "Barton",
        "Manor Farm",
        "Town's End Farm",
        "The Vetcher",
        "Bird's Farm",
        "Lord's Bridge Station",
        "Lord's Bridge Farm",
        "Spring Hall Farm",
        "Barton Bridge",
        "Tit Brook"
      ],
      "is_district_wide": false,
      "district_name": null,
      "house_number_road_pairs": [],
      "parish_names": [
        "Barton"
      ],
      "admin_region": "South Cambridgeshire",
      "likely_town_or_city": "Barton",
      "visible_map_labels": [
        "Barton",
        "Wimpole Road",
        "Tit Brook",
        "Lord's Bridge Station",
        "Bird's Farm",
        "Manor Farm",
        "Town's End Farm",
        "The Vetcher",
        "Barton Bridge",
        "Spring Hall Farm",
        "Lord's Bridge Farm"
      ],
      "adjacency_hints": []
    },
    "reader_request_tokens": 5544,
    "reader_response_tokens": 334,
    "outcome_status": "accepted",
    "outcome_reasoning": "The site was located at Orchard Farm on Wimpole Road (A603) near Barton. Two attempts at the same location yielded consistent results with 38 inliers, which is WEAK but acceptable given the high scale consistency (0.99) and perfect road name agreement (1.0). The map features (Wimpole Road, Tit Brook, and farm clusters) align well with the OS data at this location. The boundary was successfully extracted and committed.",
    "rotation_checked": true,
    "tool_calls": {
      "propose_centers": 2,
      "match_at": 2,
      "commit_match": 1,
      "final_result": 1
    },
    "total_tool_calls": 6,
    "n_turns": 13,
    "validator_retries": 0,
    "worker_request_tokens": 31325,
    "worker_response_tokens": 379,
    "request_tokens": 36869,
    "response_tokens": 713,
    "total_tokens": 37582,
    "critic": {
      "n_rejections": 0,
      "iterations": [
        {
          "iter_idx": 0,
          "action": "approve",
          "chosen_candidate_id": 4,
          "reasoning": "Candidate 4 shows perfect alignment of the green SAM mask with the red OS polygon, correctly positioned at the fork of the road east of Barton. The plan shows clear correspondence with the settlement patterns and road network around Coton and the M11 junction to the north.",
          "wall_s": 2.8,
          "llm_error": null
        }
      ],
      "tokens": {
        "request": 6272,
        "response": 84
      }
    }
  },
  "valid_ground_truth": true,
  "valid_prediction": true,
  "validation_error": null,
  "iou": 0.0,
  "precision": 0.0,
  "recall": 0.0,
  "f1_score": 0.0,
  "positioning_error_m": 3477.696388610465,
  "worker_first_iou": 0.0,
  "worker_first_metrics": {
    "valid_ground_truth": true,
    "valid_prediction": true,
    "validation_error": null,
    "iou": 0.0,
    "precision": 0.0,
    "recall": 0.0,
    "f1_score": 0.0,
    "positioning_error_m": 3477.696388610465
  }
}