{
  "sl_no": 21,
  "match_info": {
    "center": "live_locate:intersect:Thwaite Road x Rider Haggard W",
    "zoom": 18,
    "rotation": 0,
    "n_inliers": 23,
    "score": 9.14,
    "scale_factor": 0.873,
    "avg_scale": 0.8459,
    "window": [
      184,
      1840
    ],
    "center_latlon": [
      52.469212442106084,
      1.443219072560197
    ],
    "anchor_latlon": [
      52.471026,
      1.448233
    ],
    "_inlier_pts_map": [
      [
        1096.5,
        592.6607142857142
      ],
      [
        535.5,
        798.8035714285714
      ],
      [
        535.5,
        824.5714285714286
      ],
      [
        484.5,
        850.3392857142857
      ],
      [
        510.0,
        850.3392857142857
      ],
      [
        1453.5,
        979.1785714285714
      ],
      [
        1479.0,
        979.1785714285714
      ],
      [
        1453.5,
        1004.9464285714286
      ],
      [
        1453.5,
        1030.7142857142858
      ],
      [
        1402.5,
        1133.7857142857142
      ],
      [
        1402.5,
        1159.5535714285713
      ],
      [
        1428.0,
        1159.5535714285713
      ],
      [
        1453.5,
        1159.5535714285713
      ],
      [
        1402.5,
        1185.3214285714284
      ],
      [
        1428.0,
        1185.3214285714284
      ],
      [
        1453.5,
        1185.3214285714284
      ],
      [
        1479.0,
        1185.3214285714284
      ],
      [
        1402.5,
        1211.0892857142858
      ],
      [
        1428.0,
        1211.0892857142858
      ],
      [
        1453.5,
        1211.0892857142858
      ],
      [
        1479.0,
        1211.0892857142858
      ],
      [
        1428.0,
        1236.857142857143
      ],
      [
        969.0,
        1262.625
      ]
    ],
    "_rot_map_shape": [
      1443,
      2040
    ]
  },
  "processing_time": 493.1078562736511,
  "agent_accepted": true,
  "agent_reason": "[accepted] The document is an Article 4 Direction for South Norfolk District Council, specifically covering various residential sites. Page 5 contains a site plan for Ditc",
  "agent_stats": {
    "position_calls": 1,
    "pdf_info": {
      "site_address": "Various sites across South Norfolk District Council area",
      "postcodes": [],
      "grid_refs": [],
      "scale": null,
      "map_pages": [
        5
      ],
      "map_page_details": [
        {
          "page": 1,
          "category": "discard",
          "area_group": -1,
          "boundary_clarity": "none",
          "detail_level": "wide",
          "caption": "Article 4 Direction text - South Norfolk District Council"
        },
        {
          "page": 2,
          "category": "discard",
          "area_group": -1,
          "boundary_clarity": "none",
          "detail_level": "wide",
          "caption": "Schedule 1 - Permitted development classes restricted"
        },
        {
          "page": 3,
          "category": "discard",
          "area_group": -1,
          "boundary_clarity": "none",
          "detail_level": "wide",
          "caption": "Schedule 2 - List of parishes and addresses affected"
        },
        {
          "page": 4,
          "category": "discard",
          "area_group": -1,
          "boundary_clarity": "none",
          "detail_level": "wide",
          "caption": "Signature page - Secretary of State approval"
        },
        {
          "page": 5,
          "category": "match",
          "area_group": 0,
          "boundary_clarity": "clear",
          "detail_level": "close",
          "caption": "Map of Ditchingham showing restricted areas at Scudamore Place, Windmill Green, and Hallow Hill Road"
        }
      ],
      "road_names": [
        "Hallow Hill Road",
        "Scudamore Place",
        "Thwaite Road",
        "Windmill Green",
        "Norwich Road",
        "Longridge Road",
        "Clarkes Road",
        "Green Lane",
        "Rider Haggard Way"
      ],
      "place_names": [],
      "is_district_wide": false,
      "district_name": null,
      "house_number_road_pairs": [
        "1-15 St Mary's Row",
        "1-6 Waveney Cottages",
        "7-18 Church Road",
        "1-31 Churchill Place",
        "9-29 Churchill Place",
        "13-29 Hurst Road",
        "1-7 The Rise",
        "25-39 Hallow Hill Road",
        "1-28 Scudamore Place",
        "12-20 Thwaite Road",
        "1-30 Windmill Green",
        "1-15 Forge Grove",
        "1-2 Kenyon Row",
        "1-13 Smiths Knoll",
        "1-9 Princess Anne Terrace",
        "2-80 The Walks",
        "1-12 St Ethelberts Close",
        "1-13 Whiteways",
        "1-2 Everest Place",
        "1-6 Hilary Terrace",
        "2-8 Suckling Place",
        "1-8 Tensing Street",
        "1-12 Woodyard Square"
      ],
      "parish_names": [
        "Aldeby",
        "Bergh Apton",
        "Brooke",
        "Chedgrave",
        "Ditchingham",
        "Gillingham",
        "Hedenham",
        "Loddon",
        "Thurton",
        "Wheatacre",
        "Woodton"
      ],
      "admin_region": null,
      "likely_town_or_city": "Ditchingham",
      "visible_map_labels": [
        "DITCHINGHAM",
        "Hallow Hill Road",
        "Scudamore Place",
        "Thwaite Road",
        "Windmill Green",
        "Norwich Road",
        "Longridge Road",
        "Clarkes Road",
        "Green Lane",
        "Rider Haggard Way",
        "The Loke (Track)",
        "Agnes Hood Terrace",
        "Police House",
        "Post Office",
        "Playing Field"
      ],
      "adjacency_hints": []
    },
    "outcome_status": "accepted",
    "outcome_reasoning": "The document is an Article 4 Direction for South Norfolk District Council, specifically covering various residential sites. Page 5 contains a site plan for Ditchingham, showing restricted areas at Scudamore Place, Windmill Green, and Hallow Hill Road. I identified the location in Ditchingham using road names from the map (Thwaite Road, Rider Haggard Way, Norwich Road). Multiple match attempts were made around the Thwaite Road / Rider Haggard Way area. Although the RANSAC inlier count was relatively low (23), the scale consistency (0.72) and road name agreement (0.44) were stable across attempts, and the visual alignment with the village of Ditchingham is correct. I committed the best available match (candidate 0) which covers the areas shown on the map.",
    "rotation_checked": true,
    "tool_calls": {
      "submit_pdf_info": 1,
      "propose_centers": 4,
      "match_at": 4,
      "commit_match": 1,
      "final_result": 1
    },
    "total_tool_calls": 11,
    "n_turns": 23,
    "validator_retries": 0,
    "worker_request_tokens": 102435,
    "worker_response_tokens": 1482,
    "request_tokens": 102435,
    "response_tokens": 1482,
    "total_tokens": 103917
  },
  "valid_ground_truth": true,
  "valid_prediction": true,
  "validation_error": null,
  "iou": 0.4965845070522044,
  "precision": 0.960499369478776,
  "recall": 0.5069372228295524,
  "f1_score": 0.6636237442153138,
  "positioning_error_m": 32.707213408283195
}