{
  "sl_no": 34,
  "match_info": {
    "center": "live_locate:place:Tibenham Airfield",
    "zoom": 15,
    "rotation": 0,
    "n_inliers": 210,
    "score": 93.62,
    "scale_factor": 0.461,
    "avg_scale": 1.1391,
    "window": [
      336,
      1008
    ],
    "center_latlon": [
      52.454872780759324,
      1.1512999170201965
    ],
    "anchor_latlon": [
      52.465,
      1.16
    ],
    "_inlier_pts_map": [
      [
        122.46428571428572,
        161.55
      ],
      [
        108.85714285714286,
        175.01250000000002
      ],
      [
        136.07142857142858,
        175.01250000000002
      ],
      [
        585.1071428571429,
        175.01250000000002
      ],
      [
        108.85714285714286,
        188.475
      ],
      [
        122.46428571428572,
        188.475
      ],
      [
        136.07142857142858,
        188.475
      ],
      [
        149.67857142857144,
        188.475
      ],
      [
        163.28571428571428,
        188.475
      ],
      [
        108.85714285714286,
        201.9375
      ],
      [
        122.46428571428572,
        201.9375
      ],
      [
        136.07142857142858,
        201.9375
      ],
      [
        149.67857142857144,
        201.9375
      ],
      [
        176.89285714285714,
        201.9375
      ],
      [
        353.7857142857143,
        201.9375
      ],
      [
        367.39285714285717,
        201.9375
      ],
      [
        122.46428571428572,
        215.4
      ],
      [
        149.67857142857144,
        215.4
      ],
      [
        217.71428571428572,
        215.4
      ],
      [
        231.32142857142858,
        215.4
      ],
      [
        326.57142857142856,
        215.4
      ],
      [
        353.7857142857143,
        215.4
      ],
      [
        217.71428571428572,
        228.8625
      ],
      [
        231.32142857142858,
        228.8625
      ],
      [
        244.92857142857144,
        228.8625
      ],
      [
        285.75,
        228.8625
      ],
      [
        299.3571428571429,
        228.8625
      ],
      [
        217.71428571428572,
        242.32500000000002
      ],
      [
        231.32142857142858,
        242.32500000000002
      ],
      [
        258.5357142857143,
        242.32500000000002
      ],
      [
        272.14285714285717,
        242.32500000000002
      ],
      [
        285.75,
        242.32500000000002
      ],
      [
        299.3571428571429,
        242.32500000000002
      ],
      [
        231.32142857142858,
        255.7875
      ],
      [
        244.92857142857144,
        255.7875
      ],
      [
        258.5357142857143,
        255.7875
      ],
      [
        272.14285714285717,
        255.7875
      ],
      [
        285.75,
        255.7875
      ],
      [
        299.3571428571429,
        255.7875
      ],
      [
        231.32142857142858,
        269.25
      ],
      [
        244.92857142857144,
        269.25
      ],
      [
        258.5357142857143,
        269.25
      ],
      [
        231.32142857142858,
        282.71250000000003
      ],
      [
        244.92857142857144,
        282.71250000000003
      ],
      [
        258.5357142857143,
        282.71250000000003
      ],
      [
        231.32142857142858,
        296.175
      ],
      [
        244.92857142857144,
        296.175
      ],
      [
        258.5357142857143,
        296.175
      ],
      [
        272.14285714285717,
        296.175
      ],
      [
        176.89285714285714,
        323.1
      ],
      [
        163.28571428571428,
        336.5625
      ],
      [
        190.5,
        336.5625
      ],
      [
        149.67857142857144,
        350.02500000000003
      ],
      [
        163.28571428571428,
        350.02500000000003
      ],
      [
        204.10714285714286,
        350.02500000000003
      ],
      [
        95.25,
        363.4875
      ],
      [
        108.85714285714286,
        363.4875
      ],
      [
        122.46428571428572,
        363.4875
      ],
      [
        136.07142857142858,
        363.4875
      ],
      [
        95.25,
        376.95
      ],
      [
        108.85714285714286,
        376.95
      ],
      [
        122.46428571428572,
        376.95
      ],
      [
        149.67857142857144,
        376.95
      ],
      [
        163.28571428571428,
        376.95
      ],
      [
        122.46428571428572,
        390.4125
      ],
      [
        136.07142857142858,
        390.4125
      ],
      [
        163.28571428571428,
        390.4125
      ],
      [
        557.8928571428571,
        390.4125
      ],
      [
        571.5,
        390.4125
      ],
      [
        585.1071428571429,
        390.4125
      ],
      [
        95.25,
        403.875
      ],
      [
        122.46428571428572,
        403.875
      ],
      [
        136.07142857142858,
        403.875
      ],
      [
        149.67857142857144,
        403.875
      ],
      [
        163.28571428571428,
        403.875
      ],
      [
        557.8928571428571,
        403.875
      ],
      [
        571.5,
        403.875
      ],
      [
        585.1071428571429,
        403.875
      ],
      [
        557.8928571428571,
        417.33750000000003
      ],
      [
        571.5,
        417.33750000000003
      ],
      [
        557.8928571428571,
        430.8
      ],
      [
        557.8928571428571,
        444.2625
      ],
      [
        122.46428571428572,
        457.725
      ],
      [
        108.85714285714286,
        471.1875
      ],
      [
        108.85714285714286,
        484.65000000000003
      ],
      [
        108.85714285714286,
        498.1125
      ],
      [
        136.07142857142858,
        498.1125
      ],
      [
        244.92857142857144,
        498.1125
      ],
      [
        258.5357142857143,
        498.1125
      ],
      [
        272.14285714285717,
        498.1125
      ],
      [
        122.46428571428572,
        511.575
      ],
      [
        176.89285714285714,
        525.0375
      ],
      [
        190.5,
        525.0375
      ],
      [
        231.32142857142858,
        525.0375
      ],
      [
        244.92857142857144,
        525.0375
      ],
      [
        149.67857142857144,
        538.5
      ],
      [
        176.89285714285714,
        538.5
      ],
      [
        190.5,
        538.5
      ],
      [
        149.67857142857144,
        551.9625
      ],
      [
        163.28571428571428,
        551.9625
      ],
      [
        176.89285714285714,
        551.9625
      ],
      [
        190.5,
        551.9625
      ],
      [
        231.32142857142858,
        551.9625
      ],
      [
        95.25,
        565.4250000000001
      ],
      [
        122.46428571428572,
        565.4250000000001
      ],
      [
        136.07142857142858,
        565.4250000000001
      ],
      [
        149.67857142857144,
        565.4250000000001
      ],
      [
        163.28571428571428,
        565.4250000000001
      ],
      [
        136.07142857142858,
        578.8875
      ],
      [
        149.67857142857144,
        578.8875
      ],
      [
        163.28571428571428,
        578.8875
      ],
      [
        666.75,
        713.5125
      ],
      [
        680.3571428571429,
        713.5125
      ],
      [
        639.5357142857143,
        726.975
      ],
      [
        653.1428571428571,
        726.975
      ],
      [
        666.75,
        726.975
      ],
      [
        680.3571428571429,
        726.975
      ],
      [
        693.9642857142858,
        726.975
      ],
      [
        639.5357142857143,
        740.4375
      ],
      [
        653.1428571428571,
        740.4375
      ],
      [
        666.75,
        740.4375
      ],
      [
        680.3571428571429,
        740.4375
      ],
      [
        693.9642857142858,
        740.4375
      ],
      [
        449.0357142857143,
