{
  "sl_no": 124,
  "match_info": {
    "center": "live_locate:place:Gennets Wood",
    "zoom": 17,
    "rotation": 0,
    "n_inliers": 223,
    "score": 106.83,
    "scale_factor": 0.423,
    "avg_scale": 1.4915,
    "window": [
      748,
      935
    ],
    "center_latlon": [
      51.08590309117645,
      -0.541904854576984
    ],
    "anchor_latlon": [
      51.085,
      -0.54
    ],
    "_inlier_pts_map": [
      [
        489.65000000000003,
        247.25
      ],
      [
        507.13750000000005,
        247.25
      ],
      [
        524.625,
        247.25
      ],
      [
        769.45,
        247.25
      ],
      [
        786.9375,
        247.25
      ],
      [
        856.8875,
        247.25
      ],
      [
        489.65000000000003,
        264.9107142857143
      ],
      [
        507.13750000000005,
        264.9107142857143
      ],
      [
        524.625,
        264.9107142857143
      ],
      [
        542.1125000000001,
        264.9107142857143
      ],
      [
        734.475,
        264.9107142857143
      ],
      [
        751.9625,
        264.9107142857143
      ],
      [
        769.45,
        264.9107142857143
      ],
      [
        786.9375,
        264.9107142857143
      ],
      [
        489.65000000000003,
        282.57142857142856
      ],
      [
        507.13750000000005,
        282.57142857142856
      ],
      [
        524.625,
        282.57142857142856
      ],
      [
        542.1125000000001,
        282.57142857142856
      ],
      [
        734.475,
        282.57142857142856
      ],
      [
        507.13750000000005,
        300.23214285714283
      ],
      [
        524.625,
        300.23214285714283
      ],
      [
        524.625,
        317.8928571428571
      ],
      [
        524.625,
        335.5535714285714
      ],
      [
        542.1125000000001,
        353.21428571428567
      ],
      [
        489.65000000000003,
        406.19642857142856
      ],
      [
        507.13750000000005,
        406.19642857142856
      ],
      [
        489.65000000000003,
        423.85714285714283
      ],
      [
        507.13750000000005,
        423.85714285714283
      ],
      [
        542.1125000000001,
        423.85714285714283
      ],
      [
        367.2375,
        441.5178571428571
      ],
      [
        419.70000000000005,
        441.5178571428571
      ],
      [
        437.1875,
        441.5178571428571
      ],
      [
        454.675,
        441.5178571428571
      ],
      [
        472.1625,
        441.5178571428571
      ],
      [
        489.65000000000003,
        441.5178571428571
      ],
      [
        507.13750000000005,
        441.5178571428571
      ],
      [
        524.625,
        441.5178571428571
      ],
      [
        542.1125000000001,
        441.5178571428571
      ],
      [
        577.0875,
        441.5178571428571
      ],
      [
        349.75,
        459.1785714285714
      ],
      [
        367.2375,
        459.1785714285714
      ],
      [
        402.21250000000003,
        459.1785714285714
      ],
      [
        419.70000000000005,
        459.1785714285714
      ],
      [
        437.1875,
        459.1785714285714
      ],
      [
        454.675,
        459.1785714285714
      ],
      [
        472.1625,
        459.1785714285714
      ],
      [
        489.65000000000003,
        459.1785714285714
      ],
      [
        507.13750000000005,
        459.1785714285714
      ],
      [
        524.625,
        459.1785714285714
      ],
      [
        542.1125000000001,
        459.1785714285714
      ],
      [
        559.6,
        459.1785714285714
      ],
      [
        349.75,
        476.83928571428567
      ],
      [
        367.2375,
        476.83928571428567
      ],
      [
        384.725,
        476.83928571428567
      ],
      [
        402.21250000000003,
        476.83928571428567
      ],
      [
        419.70000000000005,
        476.83928571428567
      ],
      [
        437.1875,
        476.83928571428567
      ],
      [
        454.675,
        476.83928571428567
      ],
      [
        472.1625,
        476.83928571428567
      ],
      [
        489.65000000000003,
        476.83928571428567
      ],
      [
        507.13750000000005,
        476.83928571428567
      ],
      [
        559.6,
        476.83928571428567
      ],
      [
        682.0125,
        476.83928571428567
      ],
      [
        996.7875,
        476.83928571428567
      ],
      [
        349.75,
        494.5
      ],
      [
        367.2375,
        494.5
      ],
      [
        384.725,
        494.5
      ],
      [
        402.21250000000003,
        494.5
      ],
      [
        419.70000000000005,
        494.5
      ],
      [
        437.1875,
        494.5
      ],
      [
        454.675,
        494.5
      ],
      [
        472.1625,
        494.5
      ],
      [
        489.65000000000003,
        494.5
      ],
      [
        629.5500000000001,
        494.5
      ],
      [
        996.7875,
        494.5
      ],
      [
        1014.2750000000001,
        494.5
      ],
      [
        1031.7625,
        494.5
      ],
      [
        384.725,
        512.1607142857142
      ],
      [
        402.21250000000003,
        512.1607142857142
      ],
      [
        629.5500000000001,
        512.1607142857142
      ],
      [
        664.525,
        512.1607142857142
      ],
      [
        699.5,
        512.1607142857142
      ],
      [
        996.7875,
        512.1607142857142
      ],
      [
        349.75,
        529.8214285714286
      ],
      [
        664.525,
        529.8214285714286
      ],
      [
        244.82500000000002,
        547.4821428571428
      ],
      [
        262.3125,
        547.4821428571428
      ],
      [
        349.75,
        547.4821428571428
      ],
      [
        384.725,
        547.4821428571428
      ],
      [
        629.5500000000001,
        547.4821428571428
      ],
      [
        647.0375,
        547.4821428571428
      ],
      [
        664.525,
        547.4821428571428
      ],
      [
        682.0125,
        547.4821428571428
      ],
      [
        244.82500000000002,
        565.1428571428571
      ],
      [
        262.3125,
        565.1428571428571
      ],
      [
        279.8,
        565.1428571428571
      ],
      [
        297.2875,
        565.1428571428571
      ],
      [
        314.77500000000003,
        565.1428571428571
      ],
      [
        349.75,
        565.1428571428571
      ],
      [
        367.2375,
        565.1428571428571
      ],
      [
        384.725,
        565.1428571428571
      ],
      [
        629.5500000000001,
        565.1428571428571
      ],
      [
        647.0375,
        565.1428571428571
      ],
      [
        769.45,
        565.1428571428571
      ],
      [
        262.3125,
        582.8035714285714
      ],
      [
        279.8,
        582.8035714285714
      ],
      [
        297.2875,
        582.8035714285714
      ],
      [
        314.77500000000003,
        582.8035714285714
      ],
      [
        332.2625,
        582.8035714285714
      ],
      [
        349.75,
        582.8035714285714
      ],
      [
        367.2375,
        582.8035714285714
      ],
      [
        384.725,
        582.8035714285714
      ],
      [
        629.5500000000001,
        582.8035714285714
      ],
      [
        647.0375,
        582.8035714285714
      ],
      [
        664.525,
        582.8035714285714
      ],
      [
        682.0125,
        582.8035714285714
      ],
      [
        769.45,
        582.8035714285714
      ],
      [
        786.9375,
        582.8035714285714
      ],
      [
        314.77500000000003,
        600.4642857142857
      ],
      [
        332.2625,
        600.4642857142857
      ],
      [
        367.2375,
        600.4642857142857
      ],
      [
        384.725,
