{
  "sl_no": 118,
  "match_info": {
    "center": "live_locate:postcode:PE9 3EZ",
    "zoom": 19,
    "rotation": 0,
    "n_inliers": 30,
    "score": 12.23,
    "scale_factor": 0.876,
    "avg_scale": 0.6587,
    "window": [
      1032,
      516
    ],
    "center_latlon": [
      52.633444968156304,
      -0.4138382453168674
    ],
    "anchor_latlon": [
      52.6326006067297,
      -0.412936163304532
    ],
    "_inlier_pts_map": [
      [
        569.6428571428571,
        1050.1125
      ],
      [
        595.5357142857142,
        1050.1125
      ],
      [
        595.5357142857142,
        1075.7250000000001
      ],
      [
        725.0,
        1075.7250000000001
      ],
      [
        750.8928571428571,
        1075.7250000000001
      ],
      [
        725.0,
        1101.3375
      ],
      [
        750.8928571428571,
        1101.3375
      ],
      [
        1191.0714285714284,
        1101.3375
      ],
      [
        1268.75,
        1101.3375
      ],
      [
        1294.642857142857,
        1101.3375
      ],
      [
        1346.4285714285713,
        1101.3375
      ],
      [
        543.75,
        1126.95
      ],
      [
        1165.1785714285713,
        1126.95
      ],
      [
        1268.75,
        1126.95
      ],
      [
        1294.642857142857,
        1126.95
      ],
      [
        1346.4285714285713,
        1126.95
      ],
      [
        517.8571428571429,
        1152.5625
      ],
      [
        725.0,
        1152.5625
      ],
      [
        750.8928571428571,
        1152.5625
      ],
      [
        1113.392857142857,
        1152.5625
      ],
      [
        1191.0714285714284,
        1152.5625
      ],
      [
        1216.9642857142858,
        1152.5625
      ],
      [
        1113.392857142857,
        1178.175
      ],
      [
        1139.2857142857142,
        1178.175
      ],
      [
        1191.0714285714284,
        1178.175
      ],
      [
        1216.9642857142858,
        1178.175
      ],
      [
        1191.0714285714284,
        1203.7875000000001
      ],
      [
        466.07142857142856,
        1408.6875
      ],
      [
        466.07142857142856,
        1434.3
      ],
      [
        491.9642857142857,
        1459.9125000000001
      ]
    ],
    "_rot_map_shape": [
      2049,
      1450
    ]
  },
  "processing_time": 308.31449484825134,
  "agent_accepted": true,
  "agent_reason": "[accepted] The site was located using the postcode PE9 3EZ. Although the match strength was WEAK (30 inliers) and scale consistency was low, it was the strongest candidate",
  "agent_stats": {
    "position_calls": 1,
    "pdf_info": {
      "site_address": "Shieling, Stamford Road, Barnack, PE9 3EZ",
      "postcodes": [
        "PE9 3EZ"
      ],
      "grid_refs": [],
      "scale": "NTS",
      "map_pages": [
        2
      ],
      "map_page_details": [
        {
          "page": 2,
          "category": "match",
          "area_group": 0,
          "boundary_clarity": "clear",
          "detail_level": "close",
          "caption": "Site plan showing red boundary around The Shieling, Stamford Road, Barnack."
        }
      ],
      "road_names": [
        "Stamford Road"
      ],
      "place_names": [
        "Barnack Conservation Area",
        "The Shieling",
        "War Memorial",
        "Ridgeway",
        "Sandall House",
        "The Garrison"
      ],
      "is_district_wide": false,
      "district_name": "Peterborough, UK",
      "house_number_road_pairs": [],
      "parish_names": [
        "Barnack"
      ],
      "admin_region": "Peterborough",
      "likely_town_or_city": "Barnack",
      "visible_map_labels": [
        "STAMFORD ROAD",
        "War Memorial",
        "The Shieling",
        "Ridgeway",
        "Sandall House",
        "The Garrison",
        "GP",
        "39.0m",
        "38.8m",
        "25"
      ],
      "adjacency_hints": []
    },
    "reader_request_tokens": 4480,
    "reader_response_tokens": 306,
    "outcome_status": "accepted",
    "outcome_reasoning": "The site was located using the postcode PE9 3EZ. Although the match strength was WEAK (30 inliers) and scale consistency was low, it was the strongest candidate among three attempts (Village centroid, Postcode, and Intersection). The road name agreement was STRONG (Stamford Road) across all attempts, confirming the general area. The postcode pick provided the best alignment for the specific property 'The Shieling' on Stamford Road.",
    "rotation_checked": false,
    "tool_calls": {
      "propose_centers": 3,
      "match_at": 3,
      "commit_match": 1,
      "final_result": 1
    },
    "total_tool_calls": 8,
    "n_turns": 17,
    "validator_retries": 0,
    "worker_request_tokens": 41911,
    "worker_response_tokens": 566,
    "request_tokens": 46391,
    "response_tokens": 872,
    "total_tokens": 47263,
    "critic": {
      "n_rejections": 0,
      "iterations": [
        {
          "iter_idx": 0,
          "action": "approve",
          "chosen_candidate_id": 1,
          "reasoning": "Candidate 1 correctly locates the site at the junction of the main road and the cul-de-sac. The red polygon on the OS map precisely matches the footprint of 'The Shieling' building and its surrounding plot as shown on the planning map. Higher inliers and visual confirmation of the road layout and building footprints support this match.",
          "wall_s": 3.3,
          "llm_error": null
        }
      ],
      "tokens": {
        "request": 5225,
        "response": 99
      }
    }
  },
  "valid_ground_truth": true,
  "valid_prediction": true,
  "validation_error": null,
  "iou": 0.5210488423703965,
  "precision": 0.6658073637368312,
  "recall": 0.7055818833772419,
  "f1_score": 0.6851178316593479,
  "positioning_error_m": 2.6000272713344157,
  "worker_first_iou": 0.5210488423703965,
  "worker_first_metrics": {
    "valid_ground_truth": true,
    "valid_prediction": true,
    "validation_error": null,
    "iou": 0.5210488423703965,
    "precision": 0.6658073637368312,
    "recall": 0.7055818833772419,
    "f1_score": 0.6851178316593479,
    "positioning_error_m": 2.6000272713344157
  }
}