{
  "sl_no": 264,
  "match_info": {
    "center": "live_locate:place:Feiashill Road",
    "zoom": 18,
    "rotation": 0,
    "n_inliers": 62,
    "score": 26.35,
    "scale_factor": 0.874,
    "avg_scale": 0.9771,
    "window": [
      1638,
      1638
    ],
    "center_latlon": [
      52.53351265432737,
      -2.222049316167869
    ],
    "anchor_latlon": [
      52.5349838044871,
      -2.22402760170534
    ],
    "_inlier_pts_map": [
      [
        309.8571428571429,
        307.95000000000005
      ],
      [
        335.67857142857144,
        307.95000000000005
      ],
      [
        309.8571428571429,
        333.6125
      ],
      [
        335.67857142857144,
        333.6125
      ],
      [
        387.3214285714286,
        333.6125
      ],
      [
        284.0357142857143,
        359.27500000000003
      ],
      [
        309.8571428571429,
        359.27500000000003
      ],
      [
        335.67857142857144,
        359.27500000000003
      ],
      [
        361.5,
        359.27500000000003
      ],
      [
        387.3214285714286,
        359.27500000000003
      ],
      [
        284.0357142857143,
        384.9375
      ],
      [
        309.8571428571429,
        384.9375
      ],
      [
        335.67857142857144,
        384.9375
      ],
      [
        258.2142857142857,
        410.6
      ],
      [
        284.0357142857143,
        410.6
      ],
      [
        309.8571428571429,
        410.6
      ],
      [
        335.67857142857144,
        410.6
      ],
      [
        361.5,
        410.6
      ],
      [
        387.3214285714286,
        410.6
      ],
      [
        284.0357142857143,
        436.26250000000005
      ],
      [
        309.8571428571429,
        436.26250000000005
      ],
      [
        335.67857142857144,
        436.26250000000005
      ],
      [
        361.5,
        436.26250000000005
      ],
      [
        387.3214285714286,
        436.26250000000005
      ],
      [
        413.14285714285717,
        436.26250000000005
      ],
      [
        335.67857142857144,
        461.925
      ],
      [
        361.5,
        461.925
      ],
      [
        387.3214285714286,
        461.925
      ],
      [
        413.14285714285717,
        461.925
      ],
      [
        335.67857142857144,
        487.58750000000003
      ],
      [
        361.5,
        487.58750000000003
      ],
      [
        413.14285714285717,
        487.58750000000003
      ],
      [
        438.9642857142857,
        487.58750000000003
      ],
      [
        361.5,
        513.25
      ],
      [
        387.3214285714286,
        513.25
      ],
      [
        413.14285714285717,
        513.25
      ],
      [
        438.9642857142857,
        513.25
      ],
      [
        361.5,
        538.9125
      ],
      [
        387.3214285714286,
        538.9125
      ],
      [
        413.14285714285717,
        538.9125
      ],
      [
        438.9642857142857,
        538.9125
      ],
      [
        438.9642857142857,
        564.575
      ],
      [
        258.2142857142857,
        615.9000000000001
      ],
      [
        258.2142857142857,
        667.225
      ],
      [
        284.0357142857143,
        667.225
      ],
      [
        929.5714285714287,
        667.225
      ],
      [
        955.3928571428572,
        667.225
      ],
      [
        774.6428571428572,
        692.8875
      ],
      [
        929.5714285714287,
        692.8875
      ],
      [
        955.3928571428572,
        692.8875
      ],
      [
        929.5714285714287,
        718.5500000000001
      ],
      [
        903.75,
        744.2125000000001
      ],
      [
        929.5714285714287,
        744.2125000000001
      ],
      [
        955.3928571428572,
        744.2125000000001
      ],
      [
        877.9285714285714,
        769.875
      ],
      [
        903.75,
        769.875
      ],
      [
        852.1071428571429,
        795.5375
      ],
      [
        438.9642857142857,
        1334.45
      ],
      [
        413.14285714285717,
        1360.1125000000002
      ],
      [
        438.9642857142857,
        1360.1125000000002
      ],
      [
        413.14285714285717,
        1385.775
      ],
      [
        438.9642857142857,
        1385.775
      ]
    ],
    "_rot_map_shape": [
      2053,
      1446
    ]
  },
  "processing_time": 129.06517601013184,
  "agent_accepted": true,
  "agent_reason": "[accepted] The site was located on Feiashill Road in Trysull. The match at (52.535, -2.224) yielded 62 inliers, which is a solid 'OK' match for a rural site with sparse fe",
  "agent_stats": {
    "position_calls": 1,
    "pdf_info": {
      "site_address": "Feiashill Road, Trysull",
      "postcodes": [],
      "grid_refs": [],
      "scale": "1:2500",
      "map_pages": [
        2
      ],
      "map_page_details": [
        {
          "page": 1,
          "category": "discard",
          "area_group": -1,
          "boundary_clarity": "none",
          "detail_level": "wide",
          "caption": "Article 4 Direction text document for land at Feiashill Road, Trysull."
        },
        {
          "page": 2,
          "category": "match",
          "area_group": 0,
          "boundary_clarity": "clear",
          "detail_level": "medium",
          "caption": "Site plan at 1:2500 showing red boundary on land at Feiashill Road, Trysull."
        }
      ],
      "road_names": [
        "Feiashill Road"
      ],
      "place_names": [
        "Feiashill Road",
        "Trysull",
        "Fiashill Farm",
        "Police Station",
        "Cherry Cottage",
        "Smestow Barn",
        "Courtenay",
        "Slate Houses",
        "Cricket Ground",
        "Pavilion"
      ],
      "is_district_wide": false,
      "district_name": null,
      "house_number_road_pairs": [],
      "parish_names": [
        "Trysull"
      ],
      "admin_region": "South Staffordshire",
      "likely_town_or_city": "Trysull",
      "visible_map_labels": [
        "FEIASHILL ROAD",
        "Fiashill Farm",
        "Police Station",
        "Cherry Cottage",
        "Smestow Barn",
        "Courtenay",
        "Slate Houses",
        "Cricket Ground",
        "Pavilion",
        "Track",
        "F.P."
      ],
      "adjacency_hints": [
        "Feiashill Road"
      ]
    },
    "reader_request_tokens": 4815,
    "reader_response_tokens": 392,
    "outcome_status": "accepted",
    "outcome_reasoning": "The site was located on Feiashill Road in Trysull. The match at (52.535, -2.224) yielded 62 inliers, which is a solid 'OK' match for a rural site with sparse features. The scale consistency (0.95) and road name agreement (1.0) were both excellent, confirming the location. I attempted a second propose_centers call which returned the same location, so I have committed the best available match.",
    "rotation_checked": false,
    "tool_calls": {
      "propose_centers": 2,
      "match_at": 1,
      "commit_match": 1,
      "final_result": 1
    },
    "total_tool_calls": 5,
    "n_turns": 11,
    "validator_retries": 0,
    "worker_request_tokens": 26389,
    "worker_response_tokens": 326,
    "request_tokens": 31204,
    "response_tokens": 718,
    "total_tokens": 31922,
    "critic": {
      "n_rejections": 0,
      "iterations": [
        {
          "iter_idx": 0,
          "action": "approve",
          "chosen_candidate_id": 0,
          "reasoning": "Candidate 0 shows excellent alignment of the site boundary with the field lines and the small rectangular protrusion at the northeastern corner. The road Featherhill Road (misspelled as Feiashill on map) on the left margin matches the OS road layout perfectly, and the scale consistency of 0.95 confirms a high-quality match at 1:2500 scale.",
          "wall_s": 2.4,
          "llm_error": null
        }
      ],
      "tokens": {
        "request": 2927,
        "response": 107
      }
    }
  },