{
  "sl_no": 122,
  "match_info": {
    "center": "live_locate:place:Sandrock Hill Road (East)",
    "zoom": 19,
    "rotation": 0,
    "n_inliers": 20,
    "score": 7.12,
    "scale_factor": 0.848,
    "avg_scale": 0.9967,
    "window": [
      1146,
      191
    ],
    "center_latlon": [
      51.19451363647616,
      -0.8110077722926974
    ],
    "anchor_latlon": [
      51.1917191907774,
      -0.810384860439477
    ],
    "_inlier_pts_map": [
      [
        2383.3999999999996,
        1592.6785714285716
      ],
      [
        2418.45,
        1592.6785714285716
      ],
      [
        2488.5499999999997,
        1592.6785714285716
      ],
      [
        2313.2999999999997,
        1628.0714285714287
      ],
      [
        2348.35,
        1628.0714285714287
      ],
      [
        2383.3999999999996,
        1628.0714285714287
      ],
      [
        2103.0,
        1663.4642857142858
      ],
      [
        2348.35,
        1663.4642857142858
      ],
      [
        2383.3999999999996,
        1663.4642857142858
      ],
      [
        2418.45,
        1663.4642857142858
      ],
      [
        2453.5,
        1663.4642857142858
      ],
      [
        2488.5499999999997,
        1663.4642857142858
      ],
      [
        2523.6,
        1663.4642857142858
      ],
      [
        2348.35,
        1698.8571428571431
      ],
      [
        2383.3999999999996,
        1698.8571428571431
      ],
      [
        2418.45,
        1698.8571428571431
      ],
      [
        2488.5499999999997,
        1698.8571428571431
      ],
      [
        2523.6,
        1698.8571428571431
      ],
      [
        2488.5499999999997,
        1734.2500000000002
      ],
      [
        2523.6,
        1734.2500000000002
      ]
    ],
    "_rot_map_shape": [
      1982,
      2804
    ]
  },
  "processing_time": 250.11910796165466,
  "agent_accepted": true,
  "agent_reason": "[accepted] The site was located at the junction of Sandrock Hill Road and Fox Hill Road in Farnham. Three candidates were tested. The third candidate (ID 2) at (51.1917, -",
  "agent_stats": {
    "position_calls": 1,
    "pdf_info": {
      "site_address": "Land at Sandrock Hill Road and Fox Hill, Farnham",
      "postcodes": [],
      "grid_refs": [],
      "scale": "1:1250",
      "map_pages": [
        2
      ],
      "map_page_details": [
        {
          "page": 1,
          "category": "discard",
          "area_group": -1,
          "boundary_clarity": "none",
          "detail_level": "wide",
          "caption": "Article 4 Direction text and schedule for Urban District of Farnham"
        },
        {
          "page": 2,
          "category": "match",
          "area_group": 0,
          "boundary_clarity": "clear",
          "detail_level": "close",
          "caption": "Site plan showing shaded boundary at Fox Hill and Sandrock Hill Road area"
        }
      ],
      "road_names": [
        "Sandrock Hill Road",
        "Fox Hill Road",
        "Lodge Hill Road"
      ],
      "place_names": [
        "Farnham",
        "Surrey",
        "Fox Hill"
      ],
      "is_district_wide": false,
      "district_name": null,
      "house_number_road_pairs": [],
      "parish_names": [],
      "admin_region": "Farnham",
      "likely_town_or_city": "Farnham",
      "visible_map_labels": [
        "SANDROCK HILL ROAD",
        "FOX HILL ROAD",
        "LODGE HILL ROAD",
        "F.P.",
        "Ruin",
        "Scale 1/1250"
      ],
      "adjacency_hints": []
    },
    "reader_request_tokens": 4480,
    "reader_response_tokens": 317,
    "outcome_status": "accepted",
    "outcome_reasoning": "The site was located at the junction of Sandrock Hill Road and Fox Hill Road in Farnham. Three candidates were tested. The third candidate (ID 2) at (51.1917, -0.8104) provided the best match with 20 inliers, GOOD scale consistency (0.99), and STRONG road name agreement (0.66). Although the inlier count is below the 'OK' threshold, it is the strongest match found and aligns well with the cartographic evidence (road names and scale). The boundary was successfully extracted and committed.",
    "rotation_checked": false,
    "tool_calls": {
      "propose_centers": 3,
      "match_at": 3,
      "commit_match": 1,
      "final_result": 1
    },
    "total_tool_calls": 8,
    "n_turns": 17,
    "validator_retries": 0,
    "worker_request_tokens": 42918,
    "worker_response_tokens": 637,
    "request_tokens": 47398,
    "response_tokens": 954,
    "total_tokens": 48352,
    "critic": {
      "n_rejections": 0,
      "iterations": [
        {
          "iter_idx": 0,
          "action": "approve",
          "chosen_candidate_id": 2,
          "reasoning": "Candidate 2 shows strong alignment between the 1950s planning map and the modern OS master map. The pentagonal boundary sits correctly on the eastern side of the road junction evidenced by the matching curve of the adjacent field boundary and the alignment of the red polygon with the modern building footprint that has since occupied that plot. High scale_consistency (0.99) and road agreement (0.67) support the visual match.",
          "wall_s": 2.7,
          "llm_error": null
        }
      ],
      "tokens": {
        "request": 5220,
        "response": 120
      }
    }
  },
  "valid_ground_truth": true,
  "valid_prediction": true,
  "validation_error": null,
  "iou": 0.0,
  "precision": 0.0,
  "recall": 0.0,
  "f1_score": 0.0,
  "positioning_error_m": 1169.8449965602306,
  "worker_first_iou": 0.0,
  "worker_first_metrics": {
    "valid_ground_truth": true,
    "valid_prediction": true,
    "validation_error": null,
    "iou": 0.0,
    "precision": 0.0,
    "recall": 0.0,
    "f1_score": 0.0,
    "positioning_error_m": 1169.8449965602306
  }
}