{
  "sl_no": 243,
  "match_info": {
    "center": "live_locate:place:Benfleet (railway station)",
    "zoom": 18,
    "rotation": 0,
    "n_inliers": 178,
    "score": 81.22,
    "scale_factor": 0.427,
    "avg_scale": 1.9726,
    "window": [
      1326,
      1105
    ],
    "center_latlon": [
      51.54432227509316,
      0.563125429844888
    ],
    "anchor_latlon": [
      51.5439156354842,
      0.56215897049949
    ],
    "_inlier_pts_map": [
      [
        516.8928571428571,
        237.26250000000002
      ],
      [
        529.5,
        237.26250000000002
      ],
      [
        416.0357142857143,
        249.75
      ],
      [
        428.64285714285717,
        249.75
      ],
      [
        453.8571428571429,
        249.75
      ],
      [
        516.8928571428571,
        249.75
      ],
      [
        529.5,
        249.75
      ],
      [
        554.7142857142858,
        249.75
      ],
      [
        390.8214285714286,
        262.2375
      ],
      [
        403.42857142857144,
        262.2375
      ],
      [
        416.0357142857143,
        262.2375
      ],
      [
        428.64285714285717,
        262.2375
      ],
      [
        441.25,
        262.2375
      ],
      [
        453.8571428571429,
        262.2375
      ],
      [
        466.4642857142857,
        262.2375
      ],
      [
        504.28571428571433,
        262.2375
      ],
      [
        516.8928571428571,
        262.2375
      ],
      [
        529.5,
        262.2375
      ],
      [
        542.1071428571429,
        262.2375
      ],
      [
        554.7142857142858,
        262.2375
      ],
      [
        289.9642857142857,
        274.725
      ],
      [
        302.57142857142856,
        274.725
      ],
      [
        378.2142857142857,
        274.725
      ],
      [
        390.8214285714286,
        274.725
      ],
      [
        403.42857142857144,
        274.725
      ],
      [
        416.0357142857143,
        274.725
      ],
      [
        441.25,
        274.725
      ],
      [
        466.4642857142857,
        274.725
      ],
      [
        516.8928571428571,
        274.725
      ],
      [
        529.5,
        274.725
      ],
      [
        542.1071428571429,
        274.725
      ],
      [
        264.75,
        287.21250000000003
      ],
      [
        277.3571428571429,
        287.21250000000003
      ],
      [
        289.9642857142857,
        287.21250000000003
      ],
      [
        302.57142857142856,
        287.21250000000003
      ],
      [
        353.0,
        287.21250000000003
      ],
      [
        365.6071428571429,
        287.21250000000003
      ],
      [
        378.2142857142857,
        287.21250000000003
      ],
      [
        403.42857142857144,
        287.21250000000003
      ],
      [
        416.0357142857143,
        287.21250000000003
      ],
      [
        428.64285714285717,
        287.21250000000003
      ],
      [
        441.25,
        287.21250000000003
      ],
      [
        542.1071428571429,
        287.21250000000003
      ],
      [
        277.3571428571429,
        299.70000000000005
      ],
      [
        289.9642857142857,
        299.70000000000005
      ],
      [
        302.57142857142856,
        299.70000000000005
      ],
      [
        315.17857142857144,
        299.70000000000005
      ],
      [
        327.7857142857143,
        299.70000000000005
      ],
      [
        340.39285714285717,
        299.70000000000005
      ],
      [
        353.0,
        299.70000000000005
      ],
      [
        378.2142857142857,
        299.70000000000005
      ],
      [
        390.8214285714286,
        299.70000000000005
      ],
      [
        403.42857142857144,
        299.70000000000005
      ],
      [
        416.0357142857143,
        299.70000000000005
      ],
      [
        428.64285714285717,
        299.70000000000005
      ],
      [
        277.3571428571429,
        312.1875
      ],
      [
        289.9642857142857,
        312.1875
      ],
      [
        302.57142857142856,
        312.1875
      ],
      [
        315.17857142857144,
        312.1875
      ],
      [
        327.7857142857143,
        312.1875
      ],
      [
        340.39285714285717,
        312.1875
      ],
      [
        353.0,
        312.1875
      ],
      [
        365.6071428571429,
        312.1875
      ],
      [
        378.2142857142857,
        312.1875
      ],
      [
        390.8214285714286,
        312.1875
      ],
      [
        403.42857142857144,
        312.1875
      ],
      [
        416.0357142857143,
        312.1875
      ],
      [
        428.64285714285717,
        312.1875
      ],
      [
        277.3571428571429,
        324.675
      ],
      [
        289.9642857142857,
        324.675
      ],
      [
        378.2142857142857,
        324.675
      ],
      [
        390.8214285714286,
        324.675
      ],
      [
        403.42857142857144,
        324.675
      ],
      [
        416.0357142857143,
        324.675
      ],
      [
        428.64285714285717,
        324.675
      ],
      [
        252.14285714285717,
        337.1625
      ],
      [
        264.75,
        337.1625
      ],
      [
        289.9642857142857,
        337.1625
      ],
      [
        327.7857142857143,
        337.1625
      ],
      [
        428.64285714285717,
        337.1625
      ],
      [
        252.14285714285717,
        349.65000000000003
      ],
      [
        327.7857142857143,
        349.65000000000003
      ],
      [
        353.0,
        349.65000000000003
      ],
      [
        491.67857142857144,
        349.65000000000003
      ],
      [
        340.39285714285717,
        362.13750000000005
      ],
      [
        378.2142857142857,
        362.13750000000005
      ],
      [
        390.8214285714286,
        362.13750000000005
      ],
      [
        403.42857142857144,
        362.13750000000005
      ],
      [
        491.67857142857144,
        362.13750000000005
      ],
      [
        504.28571428571433,
        362.13750000000005
      ],
      [
        264.75,
        374.625
      ],
      [
        340.39285714285717,
        374.625
      ],
      [
        491.67857142857144,
        374.625
      ],
      [
        504.28571428571433,
        374.625
      ],
      [
        516.8928571428571,
        374.625
      ],
      [
        264.75,
        387.1125
      ],
      [
        277.3571428571429,
        387.1125
      ],
      [
        491.67857142857144,
        387.1125
      ],
      [
        504.28571428571433,
        387.1125
      ],
      [
        516.8928571428571,
        387.1125
      ],
      [
        529.5,
        387.1125
      ],
      [
        252.14285714285717,
        399.6
      ],
      [
        264.75,
        399.6
      ],
      [
        277.3571428571429,
        399.6
      ],
      [
        479.0714285714286,
        399.6
      ],
      [
        491.67857142857144,
        399.6
      ],
      [
        504.28571428571433,
        399.6
      ],
      [
        516.8928571428571,
        399.6
      ],
      [
        252.14285714285717,
        412.08750000000003
      ],
      [
        264.75,
        412.08750000000003
      ],
      [
        277.3571428571429,
        412.08750000000003
      ],
      [
        289.9642857142857,
        412.08750000000003
      ],
      [
        479.0714285714286,
        412.08750000000003
      ],
      [
        491.67857142857144,
        412.08750000000003
      ],
      [
        504.28571428571433,
        412.08750000000003
      ],
      [
        516.8928571428571,
        412.08750000000003
      ],
      [
        252.14285714285717,
        424.57500000000005
      ],
      [
        264.75,
        424.57500000000005
      ],
      [
        277.3571428571429,
        424.57500000000005
      ],
      [
        289.9642857142857,
