{
  "sl_no": 11,
  "match_info": {
    "center": "live_locate:place:Elms Vale Road",
    "zoom": 15,
    "rotation": 0,
    "n_inliers": 136,
    "score": 63.11,
    "scale_factor": 0.447,
    "avg_scale": 0.995,
    "window": [
      520,
      832
    ],
    "center_latlon": [
      51.11843280223454,
      1.269597592114792
    ],
    "anchor_latlon": [
      51.1255,
      1.272
    ],
    "_inlier_pts_map": [
      [
        633.3333333333334,
        78.25
      ],
      [
        649.1666666666667,
        78.25
      ],
      [
        665.0,
        78.25
      ],
      [
        680.8333333333334,
        78.25
      ],
      [
        617.5,
        93.9
      ],
      [
        633.3333333333334,
        93.9
      ],
      [
        649.1666666666667,
        93.9
      ],
      [
        680.8333333333334,
        93.9
      ],
      [
        649.1666666666667,
        109.55
      ],
      [
        665.0,
        109.55
      ],
      [
        680.8333333333334,
        109.55
      ],
      [
        665.0,
        125.2
      ],
      [
        680.8333333333334,
        125.2
      ],
      [
        538.3333333333334,
        140.85
      ],
      [
        554.1666666666667,
        140.85
      ],
      [
        570.0,
        140.85
      ],
      [
        490.83333333333337,
        156.5
      ],
      [
        522.5,
        156.5
      ],
      [
        538.3333333333334,
        156.5
      ],
      [
        554.1666666666667,
        156.5
      ],
      [
        570.0,
        156.5
      ],
      [
        538.3333333333334,
        172.15
      ],
      [
        601.6666666666667,
        172.15
      ],
      [
        490.83333333333337,
        344.3
      ],
      [
        506.6666666666667,
        344.3
      ],
      [
        633.3333333333334,
        359.95
      ],
      [
        680.8333333333334,
        359.95
      ],
      [
        696.6666666666667,
        359.95
      ],
      [
        601.6666666666667,
        375.6
      ],
      [
        617.5,
        375.6
      ],
      [
        633.3333333333334,
        375.6
      ],
      [
        649.1666666666667,
        375.6
      ],
      [
        680.8333333333334,
        375.6
      ],
      [
        475.0,
        391.25
      ],
      [
        585.8333333333334,
        391.25
      ],
      [
        601.6666666666667,
        391.25
      ],
      [
        617.5,
        391.25
      ],
      [
        633.3333333333334,
        391.25
      ],
      [
        158.33333333333334,
        438.2
      ],
      [
        174.16666666666669,
        438.2
      ],
      [
        570.0,
        438.2
      ],
      [
        142.5,
        453.85
      ],
      [
        158.33333333333334,
        453.85
      ],
      [
        174.16666666666669,
        453.85
      ],
      [
        190.0,
        453.85
      ],
      [
        205.83333333333334,
        453.85
      ],
      [
        237.5,
        453.85
      ],
      [
        570.0,
        453.85
      ],
      [
        585.8333333333334,
        453.85
      ],
      [
        126.66666666666667,
        469.5
      ],
      [
        142.5,
        469.5
      ],
      [
        190.0,
        469.5
      ],
      [
        205.83333333333334,
        469.5
      ],
      [
        221.66666666666669,
        469.5
      ],
      [
        237.5,
        469.5
      ],
      [
        253.33333333333334,
        469.5
      ],
      [
        190.0,
        485.15000000000003
      ],
      [
        205.83333333333334,
        485.15000000000003
      ],
      [
        221.66666666666669,
        485.15000000000003
      ],
      [
        237.5,
        485.15000000000003
      ],
      [
        253.33333333333334,
        485.15000000000003
      ],
      [
        269.1666666666667,
        485.15000000000003
      ],
      [
        427.5,
        485.15000000000003
      ],
      [
        126.66666666666667,
        500.8
      ],
      [
        142.5,
        500.8
      ],
      [
        158.33333333333334,
        500.8
      ],
      [
        174.16666666666669,
        500.8
      ],
      [
        190.0,
        500.8
      ],
      [
        205.83333333333334,
        500.8
      ],
      [
        221.66666666666669,
        500.8
      ],
      [
        237.5,
        500.8
      ],
      [
        253.33333333333334,
        500.8
      ],
      [
        269.1666666666667,
        500.8
      ],
      [
        126.66666666666667,
        516.45
      ],
      [
        142.5,
        516.45
      ],
      [
        158.33333333333334,
        516.45
      ],
      [
        174.16666666666669,
        516.45
      ],
      [
        190.0,
        516.45
      ],
      [
        205.83333333333334,
        516.45
      ],
      [
        221.66666666666669,
        516.45
      ],
      [
        237.5,
        516.45
      ],
      [
        253.33333333333334,
        516.45
      ],
      [
        269.1666666666667,
        516.45
      ],
      [
        285.0,
        516.45
      ],
      [
        395.83333333333337,
        516.45
      ],
      [
        126.66666666666667,
        532.1
      ],
      [
        142.5,
        532.1
      ],
      [
        158.33333333333334,
        532.1
      ],
      [
        174.16666666666669,
        532.1
      ],
      [
        190.0,
        532.1
      ],
      [
        205.83333333333334,
        532.1
      ],
      [
        221.66666666666669,
        532.1
      ],
      [
        237.5,
        532.1
      ],
      [
        253.33333333333334,
        532.1
      ],
      [
        269.1666666666667,
        532.1
      ],
      [
        285.0,
        532.1
      ],
      [
        348.33333333333337,
        532.1
      ],
      [
        364.1666666666667,
        532.1
      ],
      [
        142.5,
        547.75
      ],
      [
        158.33333333333334,
        547.75
      ],
      [
        174.16666666666669,
        547.75
      ],
      [
        190.0,
        547.75
      ],
      [
        205.83333333333334,
        547.75
      ],
      [
        221.66666666666669,
        547.75
      ],
      [
        237.5,
        547.75
      ],
      [
        253.33333333333334,
        547.75
      ],
      [
        269.1666666666667,
        547.75
      ],
      [
        285.0,
        547.75
      ],
      [
        300.83333333333337,
        547.75
      ],
      [
        316.6666666666667,
        547.75
      ],
      [
        380.0,
        547.75
      ],
      [
        142.5,
        563.4
      ],
      [
        158.33333333333334,
        563.4
      ],
      [
        174.16666666666669,
        563.4
      ],
      [
        190.0,
        563.4
      ],
      [
        205.83333333333334,
        563.4
      ],
      [
        285.0,
        563.4
      ],
      [
        300.83333333333337,
        563.4
      ],
      [
        332.5,
        563.4
      ],
      [
        348.33333333333337,
        563.4
      ],
      [
        158.33333333333334,
        579.0500000000001
      ],
      [
        174.16666666666669,
        579.0500000000001
      ],
      [
        190.0,
        579.0500000000001
      ],
      [
        300.83333333333337,
        579.0500000000001
      ],
      [
        316.6666666666667,
        579.0500000000001
      ],
      [
        332.5,
        579.0500000000001
      ],
      [
        348.33333333333337,
        579.0500000000001
      ],
      [
        601.6666666666667,
        626.0
      ],
      [
        665.0,
        626.0
      ],
      [
        633.3333333333334,
        641.65
      ],
      [
        649.1666666666667,
        641.65
      ],
      [
        665.0,
        641.65
      ],
      [
        601.6666666666667,
        657.3000000000001
      ],
      [
        633.3333333333334,
        657.3000000000001
      ],
      [
        649.1666666666667,
