{
  "sl_no": 201,
  "match_info": {
    "center": "live_locate:postcode:AL4 8JD",
    "zoom": 17,
    "rotation": 0,
    "n_inliers": 211,
    "score": 100.1,
    "scale_factor": 0.43,
    "avg_scale": 1.0251,
    "window": [
      357,
      714
    ],
    "center_latlon": [
      51.821551287735524,
      -0.32412680967925667
    ],
    "anchor_latlon": [
      51.8214536899299,
      -0.323750181608646
    ],
    "_inlier_pts_map": [
      [
        565.7142857142857,
        384.0125
      ],
      [
        578.2857142857142,
        384.0125
      ],
      [
        590.8571428571429,
        384.0125
      ],
      [
        603.4285714285714,
        384.0125
      ],
      [
        553.1428571428571,
        396.4
      ],
      [
        565.7142857142857,
        396.4
      ],
      [
        578.2857142857142,
        396.4
      ],
      [
        590.8571428571429,
        396.4
      ],
      [
        603.4285714285714,
        396.4
      ],
      [
        553.1428571428571,
        408.78749999999997
      ],
      [
        565.7142857142857,
        408.78749999999997
      ],
      [
        578.2857142857142,
        408.78749999999997
      ],
      [
        590.8571428571429,
        408.78749999999997
      ],
      [
        603.4285714285714,
        408.78749999999997
      ],
      [
        553.1428571428571,
        421.17499999999995
      ],
      [
        565.7142857142857,
        421.17499999999995
      ],
      [
        578.2857142857142,
        421.17499999999995
      ],
      [
        590.8571428571429,
        421.17499999999995
      ],
      [
        603.4285714285714,
        421.17499999999995
      ],
      [
        565.7142857142857,
        433.5625
      ],
      [
        578.2857142857142,
        433.5625
      ],
      [
        603.4285714285714,
        433.5625
      ],
      [
        603.4285714285714,
        458.3375
      ],
      [
        138.28571428571428,
        483.11249999999995
      ],
      [
        150.85714285714286,
        483.11249999999995
      ],
      [
        163.42857142857142,
        483.11249999999995
      ],
      [
        176.0,
        483.11249999999995
      ],
      [
        188.57142857142856,
        483.11249999999995
      ],
      [
        201.14285714285714,
        483.11249999999995
      ],
      [
        226.28571428571428,
        483.11249999999995
      ],
      [
        125.71428571428571,
        495.5
      ],
      [
        138.28571428571428,
        495.5
      ],
      [
        150.85714285714286,
        495.5
      ],
      [
        163.42857142857142,
        495.5
      ],
      [
        176.0,
        495.5
      ],
      [
        188.57142857142856,
        495.5
      ],
      [
        226.28571428571428,
        495.5
      ],
      [
        238.85714285714286,
        495.5
      ],
      [
        251.42857142857142,
        495.5
      ],
      [
        264.0,
        495.5
      ],
      [
        276.57142857142856,
        495.5
      ],
      [
        301.7142857142857,
        495.5
      ],
      [
        138.28571428571428,
        507.8875
      ],
      [
        150.85714285714286,
        507.8875
      ],
      [
        163.42857142857142,
        507.8875
      ],
      [
        176.0,
        507.8875
      ],
      [
        188.57142857142856,
        507.8875
      ],
      [
        226.28571428571428,
        507.8875
      ],
      [
        238.85714285714286,
        507.8875
      ],
      [
        251.42857142857142,
        507.8875
      ],
      [
        264.0,
        507.8875
      ],
      [
        276.57142857142856,
        507.8875
      ],
      [
        289.1428571428571,
        507.8875
      ],
      [
        301.7142857142857,
        507.8875
      ],
      [
        125.71428571428571,
        520.275
      ],
      [
        138.28571428571428,
        520.275
      ],
      [
        150.85714285714286,
        520.275
      ],
      [
        176.0,
        520.275
      ],
      [
        226.28571428571428,
        520.275
      ],
      [
        238.85714285714286,
        520.275
      ],
      [
        251.42857142857142,
        520.275
      ],
      [
        264.0,
        520.275
      ],
      [
        276.57142857142856,
        520.275
      ],
      [
        289.1428571428571,
        520.275
      ],
      [
        301.7142857142857,
        520.275
      ],
      [
        314.2857142857143,
        520.275
      ],
      [
        138.28571428571428,
        532.6625
      ],
      [
        150.85714285714286,
        532.6625
      ],
      [
        213.71428571428572,
        532.6625
      ],
      [
        226.28571428571428,
        532.6625
      ],
      [
        238.85714285714286,
        532.6625
      ],
      [
        251.42857142857142,
        532.6625
      ],
      [
        264.0,
        532.6625
      ],
      [
        276.57142857142856,
        532.6625
      ],
      [
        289.1428571428571,
        532.6625
      ],
      [
        301.7142857142857,
        532.6625
      ],
      [
        314.2857142857143,
        532.6625
      ],
      [
        339.42857142857144,
        532.6625
      ],
      [
        578.2857142857142,
        532.6625
      ],
      [
        226.28571428571428,
        545.05
      ],
      [
        264.0,
        545.05
      ],
      [
        276.57142857142856,
        545.05
      ],
      [
        289.1428571428571,
        545.05
      ],
      [
        578.2857142857142,
        545.05
      ],
      [
        238.85714285714286,
        557.4375
      ],
      [
        251.42857142857142,
        557.4375
      ],
      [
        276.57142857142856,
        557.4375
      ],
      [
        289.1428571428571,
        557.4375
      ],
      [
        125.71428571428571,
        569.8249999999999
      ],
      [
        125.71428571428571,
        582.2125
      ],
      [
        138.28571428571428,
        582.2125
      ],
      [
        150.85714285714286,
        582.2125
      ],
      [
        100.57142857142857,
        594.5999999999999
      ],
      [
        113.14285714285714,
        594.5999999999999
      ],
      [
        125.71428571428571,
        594.5999999999999
      ],
      [
        138.28571428571428,
        594.5999999999999
      ],
      [
        150.85714285714286,
        594.5999999999999
      ],
      [
        88.0,
        606.9875
      ],
      [
        100.57142857142857,
        606.9875
      ],
      [
        113.14285714285714,
        606.9875
      ],
      [
        125.71428571428571,
        606.9875
      ],
      [
        138.28571428571428,
        606.9875
      ],
      [
        150.85714285714286,
        606.9875
      ],
      [
        163.42857142857142,
        606.9875
      ],
      [
        176.0,
        606.9875
      ],
      [
        188.57142857142856,
        606.9875
      ],
      [
        201.14285714285714,
        606.9875
      ],
      [
        88.0,
        619.375
      ],
      [
        125.71428571428571,
        619.375
      ],
      [
        138.28571428571428,
        619.375
      ],
      [
        150.85714285714286,
        619.375
      ],
      [
        163.42857142857142,
        619.375
      ],
      [
        176.0,
        619.375
      ],
      [
        188.57142857142856,
        619.375
      ],
      [
        201.14285714285714,
        619.375
      ],
      [
        213.71428571428572,
        619.375
      ],
      [
        226.28571428571428,
        619.375
      ],
      [
        62.857142857142854,
        631.7624999999999
      ],
      [
        75.42857142857143,
        631.7624999999999
      ],
      [
        88.0,
        631.7624999999999
      ],
      [
        100.57142857142857,
        631.7624999999999
      ],
      [
        113.14285714285714,
        631.7624999999999
      ],
      [
