{
  "sl_no": 96,
  "match_info": {
    "center": "live_locate:place:Garrick Walk",
    "zoom": 18,
    "rotation": 0,
    "n_inliers": 31,
    "score": 13.14,
    "scale_factor": 0.876,
    "avg_scale": 0.997,
    "window": [
      1320,
      396
    ],
    "center_latlon": [
      52.637365367511144,
      -1.1281559728893171
    ],
    "anchor_latlon": [
      52.636876,
      -1.132038
    ],
    "_inlier_pts_map": [
      [
        1086.75,
        461.25
      ],
      [
        1112.625,
        461.25
      ],
      [
        1138.5,
        461.25
      ],
      [
        1112.625,
        486.875
      ],
      [
        1138.5,
        486.875
      ],
      [
        1086.75,
        512.5
      ],
      [
        1112.625,
        512.5
      ],
      [
        750.375,
        1178.75
      ],
      [
        776.25,
        1178.75
      ],
      [
        802.125,
        1178.75
      ],
      [
        828.0,
        1178.75
      ],
      [
        853.875,
        1178.75
      ],
      [
        879.75,
        1178.75
      ],
      [
        750.375,
        1204.375
      ],
      [
        776.25,
        1204.375
      ],
      [
        802.125,
        1204.375
      ],
      [
        828.0,
        1204.375
      ],
      [
        853.875,
        1204.375
      ],
      [
        879.75,
        1204.375
      ],
      [
        698.625,
        1230.0
      ],
      [
        750.375,
        1230.0
      ],
      [
        776.25,
        1230.0
      ],
      [
        802.125,
        1230.0
      ],
      [
        828.0,
        1230.0
      ],
      [
        750.375,
        1255.625
      ],
      [
        776.25,
        1255.625
      ],
      [
        802.125,
        1255.625
      ],
      [
        828.0,
        1255.625
      ],
      [
        853.875,
        1255.625
      ],
      [
        750.375,
        1281.25
      ],
      [
        776.25,
        1281.25
      ]
    ],
    "_rot_map_shape": [
      2050,
      1449
    ]
  },
  "processing_time": 375.5951519012451,
  "agent_accepted": true,
  "agent_reason": "[accepted] The planning boundary covers the Haymarket Theatre in Leicester. I identified the site on page 3, which shows a clear red boundary around the theatre building. ",
  "agent_stats": {
    "position_calls": 1,
    "pdf_info": {
      "site_address": "Haymarket Theatre, Belgrave Gate, Leicester",
      "postcodes": [],
      "grid_refs": [],
      "scale": null,
      "map_pages": [
        3
      ],
      "map_page_details": [
        {
          "page": 1,
          "category": "discard",
          "area_group": -1,
          "boundary_clarity": "none",
          "detail_level": "wide",
          "caption": "Article 4 Direction text page 1"
        },
        {
          "page": 2,
          "category": "discard",
          "area_group": -1,
          "boundary_clarity": "none",
          "detail_level": "wide",
          "caption": "Article 4 Direction text page 2 with site name and seals"
        },
        {
          "page": 3,
          "category": "match",
          "area_group": 0,
          "boundary_clarity": "clear",
          "detail_level": "close",
          "caption": "Site plan showing red boundary around Haymarket Theatre, Belgrave Gate"
        }
      ],
      "road_names": [
        "Belgrave Gate"
      ],
      "place_names": [
        "Haymarket Theatre",
        "Haymarket Centre",
        "Kemble Square",
        "Garrick Walk",
        "Theatre Mall",
        "Kildare Walk",
        "Charles Mall",
        "Humberstone Mall"
      ],
      "is_district_wide": false,
      "district_name": null,
      "house_number_road_pairs": [],
      "parish_names": [],
      "admin_region": null,
      "likely_town_or_city": "Leicester",
      "visible_map_labels": [
        "BELGRAVE GATE",
        "Haymarket Theatre",
        "Haymarket Centre",
        "Kemble Square (below)",
        "Garrick Walk (below)",
        "Theatre Mall (below)",
        "Kildare Walk",
        "Charles Mall (below)",
        "Humberstone Mall (below)",
        "Multistorey Car Park",
        "Shops (below)"
      ],
      "adjacency_hints": []
    },
    "outcome_status": "accepted",
    "outcome_reasoning": "The planning boundary covers the Haymarket Theatre in Leicester. I identified the site on page 3, which shows a clear red boundary around the theatre building. I performed three match attempts using anchors around Belgrave Gate and Garrick Walk. While the RANSAC inlier counts were relatively low (peak 31), the scale consistency was exceptionally high (0.99) and the road name agreement was perfect (1.0), confirming the location in central Leicester. I committed the best match (candidate 2) which correctly projects the theatre's footprint.",
    "rotation_checked": false,
    "tool_calls": {
      "submit_pdf_info": 1,
      "propose_centers": 3,
      "match_at": 3,
      "commit_match": 1,
      "final_result": 1
    },
    "total_tool_calls": 9,
    "n_turns": 19,
    "validator_retries": 0,
    "worker_request_tokens": 78869,
    "worker_response_tokens": 895,
    "request_tokens": 78869,
    "response_tokens": 895,
    "total_tokens": 79764
  },
  "valid_ground_truth": true,
  "valid_prediction": true,
  "validation_error": null,
  "iou": 0.0,
  "precision": 0.0,
  "recall": 0.0,
  "f1_score": 0.0,
  "positioning_error_m": 243.1454495416655
}