{
  "sl_no": 56,
  "match_info": {
    "center": "live_locate:place:Bramerton Street",
    "zoom": 19,
    "rotation": 0,
    "n_inliers": 63,
    "score": 22.16,
    "scale_factor": 0.854,
    "avg_scale": 0.9971,
    "window": [
      1052,
      1052
    ],
    "center_latlon": [
      51.486827950048415,
      -0.17251998852725592
    ],
    "anchor_latlon": [
      51.4863734190773,
      -0.171609088634631
    ],
    "_inlier_pts_map": [
      [
        1209.4285714285716,
        623.75
      ],
      [
        1184.232142857143,
        648.6999999999999
      ],
      [
        1335.4107142857144,
        723.55
      ],
      [
        251.96428571428572,
        748.5
      ],
      [
        1234.625,
        748.5
      ],
      [
        1259.8214285714287,
        748.5
      ],
      [
        1285.017857142857,
        748.5
      ],
      [
        1310.2142857142858,
        748.5
      ],
      [
        1335.4107142857144,
        748.5
      ],
      [
        1259.8214285714287,
        773.4499999999999
      ],
      [
        1335.4107142857144,
        773.4499999999999
      ],
      [
        302.3571428571429,
        798.4
      ],
      [
        1033.0535714285716,
        798.4
      ],
      [
        1058.25,
        798.4
      ],
      [
        1285.017857142857,
        798.4
      ],
      [
        1335.4107142857144,
        798.4
      ],
      [
        277.1607142857143,
        823.35
      ],
      [
        1007.8571428571429,
        823.35
      ],
      [
        1033.0535714285716,
        823.35
      ],
      [
        1058.25,
        823.35
      ],
      [
        1083.4464285714287,
        823.35
      ],
      [
        277.1607142857143,
        848.3
      ],
      [
        302.3571428571429,
        848.3
      ],
      [
        957.4642857142858,
        848.3
      ],
      [
        982.6607142857143,
        848.3
      ],
      [
        1007.8571428571429,
        848.3
      ],
      [
        277.1607142857143,
        873.25
      ],
      [
        302.3571428571429,
        873.25
      ],
      [
        352.75,
        873.25
      ],
      [
        982.6607142857143,
        873.25
      ],
      [
        1058.25,
        873.25
      ],
      [
        1083.4464285714287,
        873.25
      ],
      [
        251.96428571428572,
        898.1999999999999
      ],
      [
        277.1607142857143,
        898.1999999999999
      ],
      [
        302.3571428571429,
        898.1999999999999
      ],
      [
        327.55357142857144,
        898.1999999999999
      ],
      [
        352.75,
        898.1999999999999
      ],
      [
        1058.25,
        898.1999999999999
      ],
      [
        1083.4464285714287,
        898.1999999999999
      ],
      [
        1108.642857142857,
        898.1999999999999
      ],
      [
        1133.8392857142858,
        898.1999999999999
      ],
      [
        176.375,
        923.15
      ],
      [
        251.96428571428572,
        923.15
      ],
      [
        277.1607142857143,
        923.15
      ],
      [
        302.3571428571429,
        923.15
      ],
      [
        327.55357142857144,
        923.15
      ],
      [
        352.75,
        923.15
      ],
      [
        377.9464285714286,
        923.15
      ],
      [
        176.375,
        948.1
      ],
      [
        302.3571428571429,
        948.1
      ],
      [
        453.53571428571433,
        1521.95
      ],
      [
        529.125,
        1521.95
      ],
      [
        554.3214285714286,
        1546.8999999999999
      ],
      [
        529.125,
        1646.7
      ],
      [
        554.3214285714286,
        1646.7
      ],
      [
        579.5178571428572,
        1646.7
      ],
      [
        604.7142857142858,
        1646.7
      ],
      [
        529.125,
        1671.6499999999999
      ],
      [
        554.3214285714286,
        1671.6499999999999
      ],
      [
        579.5178571428572,
        1671.6499999999999
      ],
      [
        554.3214285714286,
        1696.6
      ],
      [
        579.5178571428572,
        1696.6
      ],
      [
        554.3214285714286,
        1721.55
      ]
    ],
    "_rot_map_shape": [
      1996,
      1411
    ]
  },
  "processing_time": 229.58439087867737,
  "agent_accepted": true,
  "agent_reason": "[accepted] The site plan for 4-39 Carlyle Square was successfully geolocated. The first attempt at Carlyle Square yielded 47 inliers with excellent scale and road agreemen",
  "agent_stats": {
    "position_calls": 1,
    "pdf_info": {
      "site_address": "4-39 Carlyle Square, SW3",
      "postcodes": [
        "SW3",
        "W8"
      ],
      "grid_refs": [],
      "scale": null,
      "map_pages": [
        6
      ],
      "map_page_details": [
        {
          "page": 1,
          "category": "discard",
          "area_group": -1,
          "boundary_clarity": "none",
          "detail_level": "wide",
          "caption": "Cover page for Article IV Direction Number 58"
        },
        {
          "page": 2,
          "category": "discard",
          "area_group": -1,
          "boundary_clarity": "none",
          "detail_level": "wide",
          "caption": "Internal memorandum regarding the direction approval"
        },
        {
          "page": 3,
          "category": "discard",
          "area_group": -1,
          "boundary_clarity": "none",
          "detail_level": "wide",
          "caption": "Article 4 (1) Direction text and Schedule 1 details"
        },
        {
          "page": 4,
          "category": "discard",
          "area_group": -1,
          "boundary_clarity": "none",
          "detail_level": "wide",
          "caption": "Schedule 2 listing properties and official seals"
        },
        {
          "page": 5,
          "category": "discard",
          "area_group": -1,
          "boundary_clarity": "none",
          "detail_level": "wide",
          "caption": "Legal signatory page with property reference"
        },
        {
          "page": 6,
          "category": "match",
          "area_group": 0,
          "boundary_clarity": "clear",
          "detail_level": "close",
          "caption": "Site plan showing 4-39 Carlyle Square with hatched red boundary on OS background"
        }
      ],
      "road_names": [
        "Carlyle Square",
        "Manresa Road",
        "King's Road",
        "Old Church Street",
        "Bramerton Street",
        "Hornton Street"
      ],
      "place_names": [
        "Carlyle Square",
        "Chelsea College of Science & Technology",
        "Chelsea School of Art",
        "Essoldo Cinema",
        "College House",
        "Lightfoot Hall"
      ],
      "is_district_wide": false,
      "district_name": null,
      "house_number_road_pairs": [
        "4-39 Carlyle Square"
      ],
      "parish_names": [],
      "admin_region": "Kensington and Chelsea",
      "likely_town_or_city": "London",
      "visible_map_labels": [
        "CARLYLE SQUARE",
        "MANRESA ROAD",
        "KING'S ROAD",
        "OLD CHURCH STR.",
        "BRAMERTON STREET",
        "Chelsea College of Science & Technology",
        "Chelsea School of Art",
        "Essoldo Cinema",
        "College House",
        "Lightfoot Hall",
        "Garage",
        "Rectory"
      ],
      "adjacency_hints": []
    },
    "reader_request_tokens": 6608,
    "reader_response_tokens": 585,
    "outcome_status": "accepted",