{
  "sl_no": 184,
  "match_info": {
    "center": "live_locate:grid_ref:528942 E 184544 N",
    "zoom": 19,
    "rotation": 0,
    "n_inliers": 94,
    "score": 34.32,
    "scale_factor": 0.342,
    "avg_scale": 1.0808,
    "window": [
      1734,
      867
    ],
    "center_latlon": [
      51.54503334555908,
      -0.14190370352824289
    ],
    "anchor_latlon": [
      51.54418,
      -0.14215
    ],
    "_inlier_pts_map": [
      [
        474.19642857142856,
        210.0
      ],
      [
        494.37499999999994,
        210.0
      ],
      [
        504.46428571428567,
        210.0
      ],
      [
        443.9285714285714,
        220.0
      ],
      [
        454.0178571428571,
        220.0
      ],
      [
        464.10714285714283,
        220.0
      ],
      [
        474.19642857142856,
        220.0
      ],
      [
        484.2857142857142,
        220.0
      ],
      [
        494.37499999999994,
        220.0
      ],
      [
        504.46428571428567,
        220.0
      ],
      [
        443.9285714285714,
        230.0
      ],
      [
        454.0178571428571,
        230.0
      ],
      [
        464.10714285714283,
        230.0
      ],
      [
        484.2857142857142,
        230.0
      ],
      [
        494.37499999999994,
        230.0
      ],
      [
        504.46428571428567,
        230.0
      ],
      [
        332.94642857142856,
        240.0
      ],
      [
        443.9285714285714,
        240.0
      ],
      [
        454.0178571428571,
        240.0
      ],
      [
        464.10714285714283,
        240.0
      ],
      [
        474.19642857142856,
        240.0
      ],
      [
        494.37499999999994,
        240.0
      ],
      [
        312.7678571428571,
        250.0
      ],
      [
        332.94642857142856,
        250.0
      ],
      [
        454.0178571428571,
        250.0
      ],
      [
        292.58928571428567,
        260.0
      ],
      [
        312.7678571428571,
        260.0
      ],
      [
        322.85714285714283,
        260.0
      ],
      [
        332.94642857142856,
        260.0
      ],
      [
        343.0357142857143,
        260.0
      ],
      [
        322.85714285714283,
        280.0
      ],
      [
        332.94642857142856,
        280.0
      ],
      [
        322.85714285714283,
        350.0
      ],
      [
        343.0357142857143,
        370.0
      ],
      [
        332.94642857142856,
        380.0
      ],
      [
        343.0357142857143,
        380.0
      ],
      [
        353.125,
        380.0
      ],
      [
        353.125,
        450.0
      ],
      [
        363.21428571428567,
        450.0
      ],
      [
        343.0357142857143,
        460.0
      ],
      [
        353.125,
        460.0
      ],
      [
        363.21428571428567,
        460.0
      ],
      [
        373.3035714285714,
        460.0
      ],
      [
        312.7678571428571,
        470.0
      ],
      [
        322.85714285714283,
        470.0
      ],
      [
        332.94642857142856,
        470.0
      ],
      [
        343.0357142857143,
        470.0
      ],
      [
        353.125,
        470.0
      ],
      [
        363.21428571428567,
        470.0
      ],
      [
        373.3035714285714,
        470.0
      ],
      [
        302.6785714285714,
        480.0
      ],
      [
        312.7678571428571,
        480.0
      ],
      [
        322.85714285714283,
        480.0
      ],
      [
        343.0357142857143,
        480.0
      ],
      [
        353.125,
        480.0
      ],
      [
        363.21428571428567,
        480.0
      ],
      [
        201.78571428571428,
        490.0
      ],
      [
        211.87499999999997,
        490.0
      ],
      [
        363.21428571428567,
        490.0
      ],
      [
        373.3035714285714,
        490.0
      ],
      [
        181.60714285714283,
        500.0
      ],
      [
        191.69642857142856,
        500.0
      ],
      [
        201.78571428571428,
        500.0
      ],
      [
        171.51785714285714,
        510.0
      ],
      [
        201.78571428571428,
        510.0
      ],
      [
        232.05357142857142,
        510.0
      ],
      [
        332.94642857142856,
        510.0
      ],
      [
        171.51785714285714,
        520.0
      ],
      [
        221.9642857142857,
        520.0
      ],
      [
        232.05357142857142,
        520.0
      ],
      [
        171.51785714285714,
        530.0
      ],
      [
        181.60714285714283,
        530.0
      ],
      [
        201.78571428571428,
        530.0
      ],
      [
        211.87499999999997,
        530.0
      ],
      [
        221.9642857142857,
        530.0
      ],
      [
        232.05357142857142,
        530.0
      ],
      [
        242.1428571428571,
        530.0
      ],
      [
        464.10714285714283,
        530.0
      ],
      [
        474.19642857142856,
        530.0
      ],
      [
        171.51785714285714,
        540.0
      ],
      [
        181.60714285714283,
        540.0
      ],
      [
        211.87499999999997,
        540.0
      ],
      [
        232.05357142857142,
        540.0
      ],
      [
        464.10714285714283,
        540.0
      ],
      [
        474.19642857142856,
        540.0
      ],
      [
        171.51785714285714,
        550.0
      ],
      [
        181.60714285714283,
        550.0
      ],
      [
        201.78571428571428,
        550.0
      ],
      [
        211.87499999999997,
        550.0
      ],
      [
        221.9642857142857,
        550.0
      ],
      [
        312.7678571428571,
        550.0
      ],
      [
        464.10714285714283,
        550.0
      ],
      [
        474.19642857142856,
        550.0
      ],
      [
        373.3035714285714,
        620.0
      ]
    ],
    "_rot_map_shape": [
      800,
      565
    ]
  },
  "processing_time": 70.575434923172,
  "agent_accepted": true,
  "agent_reason": "[accepted] The site was located using the explicit OS grid reference (528942 E 184544 N) provided in the PDF metadata, which corresponds to 147 Kentish Town Road. The matc",
  "agent_stats": {
    "position_calls": 1,
    "pdf_info": {
      "site_address": "147 KENTISH TOWN ROAD, (FORMER CASTLE PH), LONDON, NW1 8PB",
      "postcodes": [
        "NW1 8PB"
      ],
      "grid_refs": [
        "528942 E 184544 N"
      ],
      "scale": "1:500",
      "map_pages": [
        2
      ],
      "map_page_details": [
        {
          "page": 2,
          "category": "match",
          "area_group": 0,
          "boundary_clarity": "clear",
          "detail_level": "close",
          "caption": "Site plan showing red boundary around 147 Kentish Town Road (Castle PH) at 1:500 scale."
        }
      ],
      "road_names": [
        "Kentish Town Road",
        "Castle Place"
      ],
      "place_names": [
        "The Castle (site of)",
        "Castle (PH)",
        "Former Castle PH"
      ],
      "is_district_wide": false,
      "district_name": null,
      "house_number_road_pairs": [
        "147 Kentish Town Road",
        "141-145 Kentish Town Road",
        "149 Kentish Town Road",
        "159 Kentish Town Road",
        "1-5 Castle Place",
        "131-139 Kentish Town Road",
        "116-122 Kentish Town Road"
      ],
      "parish_names": [],
      "admin_region": "Camden",
      "likely_town_or_city": "London",
      "visible_map_labels": [
        "Kentish Town Road",
        "Castle Place",
        "The Castle (site of)",
        "Castle (PH)",
        "147",
        "149",
        "159",
        "141 to 145",
        "139",
        "137",
        "133",
        "131",
        "122",
        "120",
        "116",
        "29.3m",
        "LB",
        "PC",
        "Posts"
      ],