{
  "sl_no": 172,
  "match_info": {
    "center": "live_locate:place:Far Slack",
    "zoom": 18,
    "rotation": 0,
    "n_inliers": 57,
    "score": 21.51,
    "scale_factor": 0.898,
    "avg_scale": 0.9987,
    "window": [
      1750,
      750
    ],
    "center_latlon": [
      53.71351606775736,
      -2.2400916356677953
    ],
    "anchor_latlon": [
      53.7135503889118,
      -2.24177844070561
    ],
    "_inlier_pts_map": [
      [
        934.5614035087718,
        159.60000000000002
      ],
      [
        934.5614035087718,
        186.20000000000002
      ],
      [
        987.9649122807017,
        186.20000000000002
      ],
      [
        1014.6666666666666,
        186.20000000000002
      ],
      [
        881.1578947368421,
        212.8
      ],
      [
        907.859649122807,
        212.8
      ],
      [
        934.5614035087718,
        212.8
      ],
      [
        961.2631578947368,
        212.8
      ],
      [
        987.9649122807017,
        212.8
      ],
      [
        1014.6666666666666,
        212.8
      ],
      [
        854.4561403508771,
        239.4
      ],
      [
        881.1578947368421,
        239.4
      ],
      [
        907.859649122807,
        239.4
      ],
      [
        934.5614035087718,
        239.4
      ],
      [
        961.2631578947368,
        239.4
      ],
      [
        987.9649122807017,
        239.4
      ],
      [
        1014.6666666666666,
        239.4
      ],
      [
        347.12280701754383,
        266.0
      ],
      [
        373.82456140350877,
        266.0
      ],
      [
        854.4561403508771,
        266.0
      ],
      [
        881.1578947368421,
        266.0
      ],
      [
        907.859649122807,
        266.0
      ],
      [
        934.5614035087718,
        266.0
      ],
      [
        961.2631578947368,
        266.0
      ],
      [
        987.9649122807017,
        266.0
      ],
      [
        1014.6666666666666,
        266.0
      ],
      [
        1254.982456140351,
        266.0
      ],
      [
        347.12280701754383,
        292.6
      ],
      [
        373.82456140350877,
        292.6
      ],
      [
        400.52631578947364,
        292.6
      ],
      [
        934.5614035087718,
        292.6
      ],
      [
        961.2631578947368,
        292.6
      ],
      [
        987.9649122807017,
        292.6
      ],
      [
        961.2631578947368,
        319.20000000000005
      ],
      [
        1094.7719298245613,
        345.8
      ],
      [
        1121.4736842105262,
        345.8
      ],
      [
        1201.578947368421,
        345.8
      ],
      [
        1068.0701754385964,
        372.40000000000003
      ],
      [
        1094.7719298245613,
        372.40000000000003
      ],
      [
        1121.4736842105262,
        372.40000000000003
      ],
      [
        1148.1754385964912,
        372.40000000000003
      ],
      [
        1174.877192982456,
        372.40000000000003
      ],
      [
        1201.578947368421,
        372.40000000000003
      ],
      [
        1094.7719298245613,
        399.0
      ],
      [
        1121.4736842105262,
        399.0
      ],
      [
        1148.1754385964912,
        399.0
      ],
      [
        1174.877192982456,
        399.0
      ],
      [
        1201.578947368421,
        399.0
      ],
      [
        1094.7719298245613,
        425.6
      ],
      [
        1121.4736842105262,
        425.6
      ],
      [
        1148.1754385964912,
        425.6
      ],
      [
        160.21052631578948,
        1010.8000000000001
      ],
      [
        240.3157894736842,
        1010.8000000000001
      ],
      [
        1068.0701754385964,
        1649.2
      ],
      [
        1094.7719298245613,
        1649.2
      ],
      [
        1041.3684210526314,
        1675.8000000000002
      ],
      [
        1068.0701754385964,
        1675.8000000000002
      ]
    ],
    "_rot_map_shape": [
      2128,
      1522
    ]
  },
  "processing_time": 222.50778818130493,
  "agent_accepted": true,
  "agent_reason": "[accepted] The planning boundary for Fox Hill Farm was identified on page 2. The site is located in a rural area of Rossendale, near Waterfoot, surrounded by landmarks suc",
  "agent_stats": {
    "position_calls": 1,
    "pdf_info": {
      "site_address": "Fox Hill Farm, Shawclough, Waterfoot, Rossendale, Lancashire",
      "postcodes": [],
      "grid_refs": [],
      "scale": null,
      "map_pages": [
        2
      ],
      "map_page_details": [
        {
          "page": 1,
          "category": "discard",
          "area_group": -1,
          "boundary_clarity": "none",
          "detail_level": "wide",
          "caption": "Article 4 Direction text document with site description."
        },
        {
          "page": 2,
          "category": "match",
          "area_group": 0,
          "boundary_clarity": "clear",
          "detail_level": "medium",
          "caption": "Site plan showing Fox Hill Farm with red boundary and blue hatched exclusion."
        }
      ],
      "road_names": [],
      "place_names": [
        "Fox Hill Farm",
        "Shawclough",
        "Waterfoot",
        "Higher Slack",
        "Far Slack",
        "Hewin Hill",
        "Fox Hill"
      ],
      "is_district_wide": false,
      "district_name": "Rossendale Borough, UK",
      "house_number_road_pairs": [],
      "parish_names": [],
      "admin_region": "Rossendale",
      "likely_town_or_city": "Waterfoot",
      "visible_map_labels": [
        "Higher Slack",
        "Fox Hill Farm",
        "Fox Hill",
        "Far Slack",
        "Hewin Hill",
        "Spring",
        "Issues",
        "Tank"
      ],
      "adjacency_hints": [
        "Higher Slack",
        "Hewin Hill",
        "Far Slack"
      ]
    },
    "outcome_status": "accepted",
    "outcome_reasoning": "The planning boundary for Fox Hill Farm was identified on page 2. The site is located in a rural area of Rossendale, near Waterfoot, surrounded by landmarks such as Far Slack, Higher Slack, and Hewin Hill. Two candidates were tested: the first at Far Slack (53.7135, -2.2417) yielded 57 inliers with excellent scale consistency (0.997). A second attempt with a slight offset yielded fewer inliers (46). The first candidate was committed as it provided the strongest match in this rural setting where road name signals were absent.",
    "rotation_checked": false,
    "tool_calls": {
      "submit_pdf_info": 1,
      "propose_centers": 2,
      "match_at": 2,
      "commit_match": 1,
      "final_result": 1
    },
    "total_tool_calls": 7,
    "n_turns": 15,
    "validator_retries": 0,
    "worker_request_tokens": 65269,
    "worker_response_tokens": 703,
    "request_tokens": 65269,
    "response_tokens": 703,
    "total_tokens": 65972
  },
  "valid_ground_truth": true,
  "valid_prediction": true,
  "validation_error": null,
  "iou": 0.9423338133489497,
  "precision": 0.9513315297737167,
  "recall": 0.9900629280348431,
  "f1_score": 0.9703108774327311,
  "positioning_error_m": 2.718654211305009
}