{
  "sl_no": 98,
  "match_info": {
    "center": "live_locate:intersect:South Hill Park x South Hill P",
    "zoom": 19,
    "rotation": 0,
    "n_inliers": 60,
    "score": 22.91,
    "scale_factor": 0.855,
    "avg_scale": 1.0142,
    "window": [
      1310,
      1834
    ],
    "center_latlon": [
      51.55713569642218,
      -0.16504478884618834
    ],
    "anchor_latlon": [
      51.5581,
      -0.1645
    ],
    "_inlier_pts_map": [
      [
        632.1428571428571,
        150.0
      ],
      [
        657.4285714285714,
        150.0
      ],
      [
        606.8571428571429,
        175.0
      ],
      [
        632.1428571428571,
        175.0
      ],
      [
        657.4285714285714,
        175.0
      ],
      [
        657.4285714285714,
        200.0
      ],
      [
        682.7142857142857,
        200.0
      ],
      [
        606.8571428571429,
        225.0
      ],
      [
        657.4285714285714,
        225.0
      ],
      [
        682.7142857142857,
        225.0
      ],
      [
        632.1428571428571,
        250.0
      ],
      [
        657.4285714285714,
        250.0
      ],
      [
        632.1428571428571,
        275.0
      ],
      [
        657.4285714285714,
        275.0
      ],
      [
        682.7142857142857,
        275.0
      ],
      [
        708.0,
        275.0
      ],
      [
        733.2857142857142,
        350.0
      ],
      [
        733.2857142857142,
        375.0
      ],
      [
        758.5714285714286,
        375.0
      ],
      [
        758.5714285714286,
        400.0
      ],
      [
        783.8571428571428,
        400.0
      ],
      [
        758.5714285714286,
        425.0
      ],
      [
        783.8571428571428,
        425.0
      ],
      [
        758.5714285714286,
        450.0
      ],
      [
        783.8571428571428,
        450.0
      ],
      [
        1112.5714285714284,
        825.0
      ],
      [
        708.0,
        1175.0
      ],
      [
        682.7142857142857,
        1200.0
      ],
      [
        708.0,
        1200.0
      ],
      [
        682.7142857142857,
        1225.0
      ],
      [
        632.1428571428571,
        1250.0
      ],
      [
        657.4285714285714,
        1250.0
      ],
      [
        682.7142857142857,
        1250.0
      ],
      [
        632.1428571428571,
        1275.0
      ],
      [
        657.4285714285714,
        1275.0
      ],
      [
        682.7142857142857,
        1275.0
      ],
      [
        632.1428571428571,
        1300.0
      ],
      [
        657.4285714285714,
        1300.0
      ],
      [
        657.4285714285714,
        1325.0
      ],
      [
        1264.2857142857142,
        1525.0
      ],
      [
        1239.0,
        1550.0
      ],
      [
        1264.2857142857142,
        1550.0
      ],
      [
        1239.0,
        1575.0
      ],
      [
        1264.2857142857142,
        1575.0
      ],
      [
        531.0,
        1600.0
      ],
      [
        834.4285714285714,
        1600.0
      ],
      [
        1213.7142857142858,
        1600.0
      ],
      [
        531.0,
        1625.0
      ],
      [
        885.0,
        1625.0
      ],
      [
        935.5714285714286,
        1625.0
      ],
      [
        1239.0,
        1625.0
      ],
      [
        531.0,
        1650.0
      ],
      [
        556.2857142857142,
        1650.0
      ],
      [
        885.0,
        1650.0
      ],
      [
        910.2857142857142,
        1650.0
      ],
      [
        556.2857142857142,
        1675.0
      ],
      [
        885.0,
        1800.0
      ],
      [
        885.0,
        1850.0
      ],
      [
        910.2857142857142,
        1850.0
      ],
      [
        935.5714285714286,
        1850.0
      ]
    ],
    "_rot_map_shape": [
      2000,
      1416
    ]
  },
  "processing_time": 223.01277494430542,
  "agent_accepted": true,
  "agent_reason": "[accepted] The site was located at 32-90 South Hill Park, London, bordering Hampstead No. 1 Pond. The first match attempt at the road centroid yielded a weak match with po",
  "agent_stats": {
    "position_calls": 1,
    "pdf_info": {
      "site_address": "32 to 90 South Hill Park London NW3 (even numbers only) and land at the rear thereof bordering Hampstead No. 1 Pond.",
      "postcodes": [
        "NW3"
      ],
      "grid_refs": [],
      "scale": null,
      "map_pages": [
        6,
        7
      ],
      "map_page_details": [
        {
          "page": 6,
          "category": "match",
          "area_group": 0,
          "boundary_clarity": "clear",
          "detail_level": "close",
          "caption": "Site plan showing properties on South Hill Park and land bordering Hampstead Ponds."
        },
        {
          "page": 7,
          "category": "match",
          "area_group": 0,
          "boundary_clarity": "clear",
          "detail_level": "close",
          "caption": "Inverted/duplicate site plan of South Hill Park area."
        }
      ],
      "road_names": [
        "South Hill Park",
        "South Hill Park Gardens",
        "Parliament Hill",
        "South End Road"
      ],
      "place_names": [
        "Hampstead Ponds",
        "Lake House",
        "South Hill Park Gardens",
        "Parliament Court",
        "Parliament Hill"
      ],
      "is_district_wide": false,
      "district_name": "London Borough of Camden, UK",
      "house_number_road_pairs": [
        "32-66 South Hill Park",
        "72-90 South Hill Park",
        "32-90 South Hill Park"
      ],
      "parish_names": [],
      "admin_region": "Camden",
      "likely_town_or_city": "London",
      "visible_map_labels": [
        "South Hill Park",
        "Hampstead Ponds (No 1 pond)",
        "South Hill Park Gardens",
        "Parliament Hill",
        "South End Road",
        "Lake House",
        "Parliament Court"
      ],
      "adjacency_hints": [
        "Hampstead No. 1 Pond",
        "Hampstead Ponds (No 1 pond)"
      ]
    },
    "reader_request_tokens": 7672,
    "reader_response_tokens": 419,
    "outcome_status": "accepted",
    "outcome_reasoning": "The site was located at 32-90 South Hill Park, London, bordering Hampstead No. 1 Pond. The first match attempt at the road centroid yielded a weak match with poor scale consistency. The second attempt, anchored at the intersection of South Hill Park and South Hill Park Gardens, produced an OK match (60 inliers) with excellent scale consistency (0.97) and perfect road name agreement (1.0). This confirms the alignment is correct for the specified area.",
    "rotation_checked": false,
    "tool_calls": {
      "propose_centers": 2,
      "match_at": 2,
      "commit_match": 1,
      "final_result": 1
    },
    "total_tool_calls": 6,
    "n_turns": 13,
    "validator_retries": 0,
    "worker_request_tokens": 31930,
    "worker_response_tokens": 384,
    "request_tokens": 39602,
    "response_tokens": 803,
    "total_tokens": 40405,
    "critic": {
      "n_rejections": 0,
      "iterations": [
        {
          "iter_idx": 0,
          "action": "approve",
          "chosen_candidate_id": 1,
          "reasoning": "Candidate 1 shows excellent alignment with the local building footprints and road layout (South Hill Park and Parliament Hill). It also has superior scale_consistency (0.97) compared to Candidate 0 (0.26), where the projected polygon is clearly too small for the OS tile features.",
          "wall_s": 2.2,
          "llm_error": null
        }
      ],
      "tokens": {
        "request": 4070,
        "response": 90
      }
    }
  },
  "valid_ground_truth": true,
  "valid_prediction": true,
  "validation_error": null,
  "iou": 0.6277070085890682,
  "precision": 0.6312751855507539,
  "recall": 0.9910756316614411,
  "f1_score": 0.7712776381460981,
  "positioning_error_m": 5.922906945437337,
  "worker_first_iou": 0.6277070085890682,