{
  "sl_no": 10,
  "match_info": {
    "center": "live_locate:place:Sandwich Bay (bay)",
    "zoom": 17,
    "rotation": 0,
    "n_inliers": 27,
    "score": 10.97,
    "scale_factor": 0.425,
    "avg_scale": 1.003,
    "window": [
      0,
      1841
    ],
    "center_latlon": [
      51.28919989693665,
      1.374859549715012
    ],
    "anchor_latlon": [
      51.2936239229947,
      1.39343014487537
    ],
    "_inlier_pts_map": [
      [
        141.66666666666666,
        226.7
      ],
      [
        170.0,
        283.375
      ],
      [
        198.33333333333331,
        283.375
      ],
      [
        170.0,
        311.7125
      ],
      [
        198.33333333333331,
        311.7125
      ],
      [
        708.3333333333333,
        1870.2749999999999
      ],
      [
        736.6666666666666,
        1870.2749999999999
      ],
      [
        708.3333333333333,
        1898.6125
      ],
      [
        736.6666666666666,
        1898.6125
      ],
      [
        708.3333333333333,
        1926.9499999999998
      ],
      [
        736.6666666666666,
        1926.9499999999998
      ],
      [
        736.6666666666666,
        1955.2875
      ],
      [
        765.0,
        1983.625
      ],
      [
        935.0,
        2040.3
      ],
      [
        878.3333333333333,
        2068.6375
      ],
      [
        906.6666666666666,
        2068.6375
      ],
      [
        935.0,
        2068.6375
      ],
      [
        850.0,
        2096.975
      ],
      [
        878.3333333333333,
        2096.975
      ],
      [
        906.6666666666666,
        2096.975
      ],
      [
        935.0,
        2096.975
      ],
      [
        850.0,
        2125.3125
      ],
      [
        878.3333333333333,
        2125.3125
      ],
      [
        906.6666666666666,
        2125.3125
      ],
      [
        850.0,
        2153.65
      ],
      [
        878.3333333333333,
        2153.65
      ],
      [
        878.3333333333333,
        2181.9874999999997
      ]
    ],
    "_rot_map_shape": [
      2267,
      1020
    ]
  },
  "processing_time": 246.0092101097107,
  "agent_accepted": true,
  "agent_reason": "[accepted] The map covers a coastal area at Sandwich Bay, specifically Prince's Golf Links and the foreshore. I tested four locations: Sandwich Bay Estate (23 inliers), Sa",
  "agent_stats": {
    "position_calls": 1,
    "pdf_info": {
      "site_address": "Land at Sandwich Bay in the Parish of Worth in the District of Dover",
      "postcodes": [],
      "grid_refs": [
        "TR 3559-60"
      ],
      "scale": "1:2500",
      "map_pages": [
        7
      ],
      "map_page_details": [
        {
          "page": 7,
          "category": "match",
          "area_group": 0,
          "boundary_clarity": "clear",
          "detail_level": "medium",
          "caption": "OS-based map showing red/pink hatched boundary at Sandwich Bay, Worth Parish. Scale 1:2500."
        }
      ],
      "road_names": [],
      "place_names": [
        "Sandwich Bay Estate",
        "Sandwich Bay",
        "Princes Golf Links",
        "Princes Golf Club House and Links",
        "Kent Trust for Nature Conservation",
        "Broadlands Properties Limited"
      ],
      "is_district_wide": false,
      "district_name": "Dover District, Kent, UK",
      "house_number_road_pairs": [],
      "parish_names": [
        "Worth"
      ],
      "admin_region": "Dover",
      "likely_town_or_city": "Sandwich Bay",
      "visible_map_labels": [
        "Prince's Golf Links",
        "Sand & Mud",
        "Prince's Golf Club",
        "Worth Parish",
        "Sandwich Bay Estate"
      ],
      "adjacency_hints": [
        "Princes Golf Club House and Links",
        "foreshore",
        "Princes Golf Links"
      ]
    },
    "reader_request_tokens": 7181,
    "reader_response_tokens": 323,
    "outcome_status": "accepted",
    "outcome_reasoning": "The map covers a coastal area at Sandwich Bay, specifically Prince's Golf Links and the foreshore. I tested four locations: Sandwich Bay Estate (23 inliers), Sandwich Bay (27 inliers), a manual interpolation (8 inliers), and the Prince's Golf Club postcode CT13 9QB (13 inliers). The 'Sandwich Bay (bay)' candidate (ID 1) provided the highest n_inliers (27) and excellent scale consistency (0.994). Although the inlier count is in the WEAK range, it is the best available match for this sparse coastal/golf course terrain. I have committed this candidate to produce the final boundary.",
    "rotation_checked": false,
    "tool_calls": {
      "propose_centers": 4,
      "match_at": 4,
      "commit_match": 1,
      "final_result": 1
    },
    "total_tool_calls": 10,
    "n_turns": 21,
    "validator_retries": 0,
    "worker_request_tokens": 54259,
    "worker_response_tokens": 780,
    "request_tokens": 61440,
    "response_tokens": 1103,
    "total_tokens": 62543,
    "critic": {
      "n_rejections": 0,
      "iterations": [
        {
          "iter_idx": 0,
          "action": "approve",
          "chosen_candidate_id": 1,
          "reasoning": "Candidate 1 is correctly positioned along the coastline. The polygon aligns perfectly with the high water mark and the coastal boundary line visible on both the planning map and the OS tile. Although inliers are low (n=27), the scale consistency is high (0.99) and the visual fit to the coastal geography is definitive.",
          "wall_s": 2.2,
          "llm_error": null
        }
      ],
      "tokens": {
        "request": 5168,
        "response": 98
      }
    }
  },
  "valid_ground_truth": true,
  "valid_prediction": true,
  "validation_error": null,
  "iou": 0.36759636702503,
  "precision": 0.5935980728003818,
  "recall": 0.4912234332538994,
  "f1_score": 0.537580204054899,
  "positioning_error_m": 129.08707077337078,
  "worker_first_iou": 0.36759636702503,
  "worker_first_metrics": {
    "valid_ground_truth": true,
    "valid_prediction": true,
    "validation_error": null,
    "iou": 0.36759636702503,
    "precision": 0.5935980728003818,
    "recall": 0.4912234332538994,
    "f1_score": 0.537580204054899,
    "positioning_error_m": 129.08707077337078
  }
}