{
  "sl_no": 240,
  "match_info": {
    "center": "live_locate:place:Charminster",
    "zoom": 18,
    "rotation": 0,
    "n_inliers": 26,
    "score": 10.07,
    "scale_factor": 0.714,
    "avg_scale": 1.0617,
    "window": [
      873,
      582
    ],
    "center_latlon": [
      50.733781750229944,
      -2.461434633323364
    ],
    "anchor_latlon": [
      50.732699,
      -2.458077
    ],
    "_inlier_pts_map": [
      [
        252.8571428571429,
        292.25
      ],
      [
        295.0,
        292.25
      ],
      [
        273.92857142857144,
        313.125
      ],
      [
        295.0,
        313.125
      ],
      [
        316.0714285714286,
        313.125
      ],
      [
        273.92857142857144,
        334.0
      ],
      [
        316.0714285714286,
        334.0
      ],
      [
        337.14285714285717,
        334.0
      ],
      [
        273.92857142857144,
        354.875
      ],
      [
        337.14285714285717,
        354.875
      ],
      [
        590.0,
        668.0
      ],
      [
        568.9285714285714,
        709.75
      ],
      [
        590.0,
        709.75
      ],
      [
        568.9285714285714,
        730.625
      ],
      [
        590.0,
        730.625
      ],
      [
        590.0,
        772.375
      ],
      [
        590.0,
        793.25
      ],
      [
        611.0714285714287,
        793.25
      ],
      [
        632.1428571428572,
        793.25
      ],
      [
        590.0,
        814.125
      ],
      [
        611.0714285714287,
        814.125
      ],
      [
        632.1428571428572,
        814.125
      ],
      [
        590.0,
        835.0
      ],
      [
        611.0714285714287,
        835.0
      ],
      [
        590.0,
        855.875
      ],
      [
        568.9285714285714,
        897.625
      ]
    ],
    "_rot_map_shape": [
      1670,
      1180
    ]
  },
  "processing_time": 327.52824997901917,
  "agent_accepted": true,
  "agent_reason": "[accepted] The map shows a large irregular boundary around a settlement area. Three locations were tested: Dorchester town center (18 inliers), Charminster (26 inliers), a",
  "agent_stats": {
    "position_calls": 1,
    "pdf_info": {
      "site_address": "",
      "postcodes": [],
      "grid_refs": [],
      "scale": null,
      "map_pages": [
        1
      ],
      "map_page_details": [
        {
          "page": 1,
          "category": "match",
          "area_group": 0,
          "boundary_clarity": "ambiguous",
          "detail_level": "medium",
          "caption": "Site plan showing a large irregular boundary around a village or settlement area."
        }
      ],
      "road_names": [],
      "place_names": [],
      "is_district_wide": false,
      "district_name": null,
      "house_number_road_pairs": [],
      "parish_names": [],
      "admin_region": null,
      "likely_town_or_city": null,
      "visible_map_labels": [],
      "adjacency_hints": []
    },
    "reader_request_tokens": 3948,
    "reader_response_tokens": 163,
    "outcome_status": "accepted",
    "outcome_reasoning": "The map shows a large irregular boundary around a settlement area. Three locations were tested: Dorchester town center (18 inliers), Charminster (26 inliers), and Poundbury (18 inliers). Charminster provided the highest RANSAC match strength (n_inliers=26) with good scale consistency (0.89). While the match strength is in the 'WEAK' tier, it is the best available candidate after exploring the most likely settlements in the area. The boundary likely represents a settlement-wide planning area or conservation zone for Charminster.",
    "rotation_checked": false,
    "tool_calls": {
      "propose_centers": 3,
      "match_at": 3,
      "commit_match": 1,
      "final_result": 1
    },
    "total_tool_calls": 8,
    "n_turns": 17,
    "validator_retries": 0,
    "worker_request_tokens": 39985,
    "worker_response_tokens": 502,
    "request_tokens": 43933,
    "response_tokens": 665,
    "total_tokens": 44598,
    "critic": {
      "n_rejections": 0,
      "iterations": [
        {
          "iter_idx": 0,
          "action": "approve",
          "chosen_candidate_id": 1,
          "reasoning": "Candidate 1 shows a correct match of the settlement layout. The distinctive star-shaped road pattern and the unique circular feature on the eastern side of the planning map match the OS tile perfectly. Candidate 0 is at an incorrect scale, showing only a small neighborhood within the larger boundary.",
          "wall_s": 3.2,
          "llm_error": null
        }
      ],
      "tokens": {
        "request": 5228,
        "response": 87
      }
    }
  },
  "valid_ground_truth": true,
  "valid_prediction": true,
  "validation_error": null,
  "iou": 0.0,
  "precision": 0.0,
  "recall": 0.0,
  "f1_score": 0.0,
  "positioning_error_m": 190325.66641928593,
  "worker_first_iou": 0.0,
  "worker_first_metrics": {
    "valid_ground_truth": true,
    "valid_prediction": true,
    "validation_error": null,
    "iou": 0.0,
    "precision": 0.0,
    "recall": 0.0,
    "f1_score": 0.0,
    "positioning_error_m": 190325.66641928593
  }
}