{
  "sl_no": 16,
  "match_info": {
    "center": "live_locate:place:Tacolneston_retry",
    "zoom": 19,
    "rotation": 0,
    "n_inliers": 44,
    "score": 23.45,
    "scale_factor": 0.402,
    "avg_scale": 0.9291,
    "window": [
      3186,
      708
    ],
    "center_latlon": [
      52.50711161411454,
      1.157593689355025
    ],
    "anchor_latlon": [
      52.505411,
      1.154143
    ],
    "_inlier_pts_map": [
      [
        379.42857142857144,
        563.4000000000001
      ],
      [
        391.2857142857143,
        563.4000000000001
      ],
      [
        403.14285714285717,
        563.4000000000001
      ],
      [
        379.42857142857144,
        575.1375
      ],
      [
        391.2857142857143,
        575.1375
      ],
      [
        403.14285714285717,
        575.1375
      ],
      [
        379.42857142857144,
        586.875
      ],
      [
        391.2857142857143,
        586.875
      ],
      [
        403.14285714285717,
        586.875
      ],
      [
        415.0,
        586.875
      ],
      [
        426.8571428571429,
        586.875
      ],
      [
        379.42857142857144,
        598.6125000000001
      ],
      [
        391.2857142857143,
        598.6125000000001
      ],
      [
        403.14285714285717,
        598.6125000000001
      ],
      [
        415.0,
        598.6125000000001
      ],
      [
        426.8571428571429,
        598.6125000000001
      ],
      [
        438.7142857142857,
        598.6125000000001
      ],
      [
        379.42857142857144,
        610.35
      ],
      [
        391.2857142857143,
        610.35
      ],
      [
        403.14285714285717,
        610.35
      ],
      [
        415.0,
        610.35
      ],
      [
        426.8571428571429,
        610.35
      ],
      [
        391.2857142857143,
        622.0875000000001
      ],
      [
        403.14285714285717,
        622.0875000000001
      ],
      [
        415.0,
        622.0875000000001
      ],
      [
        426.8571428571429,
        622.0875000000001
      ],
      [
        391.2857142857143,
        633.825
      ],
      [
        403.14285714285717,
        633.825
      ],
      [
        415.0,
        633.825
      ],
      [
        426.8571428571429,
        633.825
      ],
      [
        403.14285714285717,
        645.5625
      ],
      [
        415.0,
        645.5625
      ],
      [
        23.714285714285715,
        880.3125
      ],
      [
        35.57142857142857,
        880.3125
      ],
      [
        47.42857142857143,
        880.3125
      ],
      [
        23.714285714285715,
        892.0500000000001
      ],
      [
        35.57142857142857,
        892.0500000000001
      ],
      [
        47.42857142857143,
        892.0500000000001
      ],
      [
        59.28571428571429,
        892.0500000000001
      ],
      [
        23.714285714285715,
        903.7875
      ],
      [
        35.57142857142857,
        903.7875
      ],
      [
        47.42857142857143,
        903.7875
      ],
      [
        59.28571428571429,
        903.7875
      ],
      [
        71.14285714285714,
        903.7875
      ]
    ],
    "_rot_map_shape": [
      939,
      664
    ]
  },
  "processing_time": 130.61700797080994,
  "agent_accepted": true,
  "agent_reason": "[accepted] The site was located on Norwich Road (B1113) in Tacolneston, adjacent to The Pelican (PH). Two attempts at the village centroid yielded consistent results with ",
  "agent_stats": {
    "position_calls": 1,
    "pdf_info": {
      "site_address": "126, 128, 130, 132 and 134 Norwich Road, Tacolneston, Norfolk",
      "postcodes": [
        "NR15 2XE"
      ],
      "grid_refs": [],
      "scale": "1:500",
      "map_pages": [
        2
      ],
      "map_page_details": [
        {
          "page": 2,
          "category": "match",
          "area_group": 0,
          "boundary_clarity": "clear",
          "detail_level": "close",
          "caption": "Site plan at 1:500 showing red boundary around 126-134 Norwich Road and adjacent Pelican PH."
        }
      ],
      "road_names": [
        "Norwich Road"
      ],
      "place_names": [
        "Tacolneston",
        "The Pelican (PH)",
        "Shelter",
        "Pond"
      ],
      "is_district_wide": false,
      "district_name": null,
      "house_number_road_pairs": [
        "126-134 Norwich Road"
      ],
      "parish_names": [],
      "admin_region": "South Norfolk",
      "likely_town_or_city": "Tacolneston",
      "visible_map_labels": [
        "126",
        "134",
        "The Pelican (PH)",
        "Pond",
        "Shelter",
        "53.3m"
      ],
      "adjacency_hints": [
        "The Pelican (PH)"
      ]
    },
    "reader_request_tokens": 4480,
    "reader_response_tokens": 314,
    "outcome_status": "accepted",
    "outcome_reasoning": "The site was located on Norwich Road (B1113) in Tacolneston, adjacent to The Pelican (PH). Two attempts at the village centroid yielded consistent results with 44 inliers, which is in the 'WEAK' tier but corroborated by GOOD scale consistency (0.86) and STRONG road name agreement (1.0). The match correctly identifies the cluster of buildings 126-134 Norwich Road and the pub. Given the consistent signals and clear cartographic alignment, the result is reliable.",
    "rotation_checked": false,
    "tool_calls": {
      "propose_centers": 2,
      "match_at": 2,
      "commit_match": 1,
      "final_result": 1
    },
    "total_tool_calls": 6,
    "n_turns": 13,
    "validator_retries": 0,
    "worker_request_tokens": 31057,
    "worker_response_tokens": 410,
    "request_tokens": 35537,
    "response_tokens": 724,
    "total_tokens": 36261,
    "critic": {
      "n_rejections": 0,
      "iterations": [
        {
          "iter_idx": 0,
          "action": "approve",
          "chosen_candidate_id": 1,
          "reasoning": "The planning map shows a boundary adjacent to 'The Pelican (PH)' and a pond. The OS tile in Candidate 1 correctly identifies this specific building complex and the road layout, placing the red polygon exactly on the roadside boundary of the plot labeled 134/126. High road agreement and good scale consistency (0.86) support the visual alignment.",
          "wall_s": 5.5,
          "llm_error": null
        }
      ],
      "tokens": {
        "request": 4082,
        "response": 106
      }
    }
  },
  "valid_ground_truth": true,
  "valid_prediction": true,
  "validation_error": null,
  "iou": 0.0,
  "precision": 0.0,
  "recall": 0.0,
  "f1_score": 0.0,
  "positioning_error_m": 570.0957484191989,
  "worker_first_iou": 0.0,
  "worker_first_metrics": {
    "valid_ground_truth": true,
    "valid_prediction": true,
    "validation_error": null,
    "iou": 0.0,
    "precision": 0.0,
    "recall": 0.0,
    "f1_score": 0.0,
    "positioning_error_m": 570.0957484191989
  }
}