{
  "sl_no": 96,
  "match_info": {
    "center": "live_locate:intersect:Garrick Walk x Kildare Walk",
    "zoom": 18,
    "rotation": 0,
    "n_inliers": 28,
    "score": 13.99,
    "scale_factor": 0.745,
    "avg_scale": 1.0237,
    "window": [
      1106,
      790
    ],
    "center_latlon": [
      52.63715137164828,
      -1.1309050644225636
    ],
    "anchor_latlon": [
      52.6369,
      -1.1317
    ],
    "_inlier_pts_map": [
      [
        109.91071428571429,
        304.84999999999997
      ],
      [
        153.875,
        304.84999999999997
      ],
      [
        175.85714285714286,
        304.84999999999997
      ],
      [
        109.91071428571429,
        326.625
      ],
      [
        131.89285714285714,
        326.625
      ],
      [
        153.875,
        326.625
      ],
      [
        175.85714285714286,
        326.625
      ],
      [
        197.83928571428572,
        326.625
      ],
      [
        109.91071428571429,
        348.4
      ],
      [
        131.89285714285714,
        348.4
      ],
      [
        153.875,
        348.4
      ],
      [
        175.85714285714286,
        348.4
      ],
      [
        109.91071428571429,
        370.17499999999995
      ],
      [
        131.89285714285714,
        370.17499999999995
      ],
      [
        153.875,
        370.17499999999995
      ],
      [
        175.85714285714286,
        370.17499999999995
      ],
      [
        131.89285714285714,
        391.95
      ],
      [
        153.875,
        391.95
      ],
      [
        175.85714285714286,
        391.95
      ],
      [
        197.83928571428572,
        391.95
      ],
      [
        615.5,
        1524.25
      ],
      [
        571.5357142857143,
        1567.8
      ],
      [
        593.5178571428571,
        1567.8
      ],
      [
        615.5,
        1567.8
      ],
      [
        571.5357142857143,
        1589.5749999999998
      ],
      [
        593.5178571428571,
        1589.5749999999998
      ],
      [
        615.5,
        1589.5749999999998
      ],
      [
        615.5,
        1611.35
      ]
    ],
    "_rot_map_shape": [
      1742,
      1231
    ]
  },
  "processing_time": 308.45578503608704,
  "agent_accepted": true,
  "agent_reason": "[accepted] The site is the Haymarket Theatre in Leicester. I performed three match attempts using different anchors around the Haymarket Centre (Garrick/Kildare Walk, the ",
  "agent_stats": {
    "position_calls": 1,
    "pdf_info": {
      "site_address": "LL/077 Haymarket Theatre, Belgrave Gate, Leicester",
      "postcodes": [],
      "grid_refs": [],
      "scale": null,
      "map_pages": [
        3
      ],
      "map_page_details": [
        {
          "page": 1,
          "category": "discard",
          "area_group": -1,
          "boundary_clarity": "none",
          "detail_level": "wide",
          "caption": "Article 4 Direction text and schedule details."
        },
        {
          "page": 2,
          "category": "discard",
          "area_group": -1,
          "boundary_clarity": "none",
          "detail_level": "wide",
          "caption": "Signature and confirmation page with site name."
        },
        {
          "page": 3,
          "category": "match",
          "area_group": 0,
          "boundary_clarity": "clear",
          "detail_level": "close",
          "caption": "Site plan showing red boundary around Haymarket Theatre, Belgrave Gate."
        }
      ],
      "road_names": [
        "Belgrave Gate",
        "Garrick Walk",
        "Kildare Walk"
      ],
      "place_names": [
        "Haymarket Theatre",
        "Haymarket Centre",
        "Kemble Square",
        "Garrick Walk",
        "Theatre Mall",
        "Kildare Walk",
        "Charles Mall",
        "Humberstone Mall"
      ],
      "is_district_wide": false,
      "district_name": null,
      "house_number_road_pairs": [],
      "parish_names": [],
      "admin_region": "Leicester",
      "likely_town_or_city": "Leicester",
      "visible_map_labels": [
        "BELGRAVE GATE",
        "Haymarket Theatre",
        "Shops (below)",
        "Multistorey Car Park",
        "Haymarket Centre",
        "Kemble Square (below)",
        "Garrick Walk (below)",
        "Theatre Mall (below)",
        "Kildare Walk",
        "Charles Mall (below)",
        "Humberstone Mall (below)",
        "PCs",
        "Shelter"
      ],
      "adjacency_hints": []
    },
    "reader_request_tokens": 5012,
    "reader_response_tokens": 436,
    "outcome_status": "accepted",
    "outcome_reasoning": "The site is the Haymarket Theatre in Leicester. I performed three match attempts using different anchors around the Haymarket Centre (Garrick/Kildare Walk, the Theatre itself, and the Belgrave Gate/Abbey Street junction). All attempts yielded WEAK n_inliers (24-28), likely due to the complex, multi-level pedestrianized cartography of the shopping centre which is difficult to match against standard OS tiles. However, all attempts showed very high scale consistency (0.95-0.98), confirming the map's geometry is correct. I committed the first candidate (ID 0) which had the highest n_inliers (28) and excellent scale consistency.",
    "rotation_checked": false,
    "tool_calls": {
      "propose_centers": 3,
      "match_at": 3,
      "commit_match": 1,
      "final_result": 1
    },
    "total_tool_calls": 8,
    "n_turns": 17,
    "validator_retries": 0,
    "worker_request_tokens": 43509,
    "worker_response_tokens": 572,
    "request_tokens": 48521,
    "response_tokens": 1008,
    "total_tokens": 49529,
    "critic": {
      "n_rejections": 0,
      "iterations": [
        {
          "iter_idx": 0,
          "action": "approve",
          "chosen_candidate_id": 0,
          "reasoning": "Candidate 0 correctly identifies the location in Leicester. The planning map shows the site adjacent to 'Belgrave Gate' and near the 'Raymarket Centre' (Haymarket Centre); the OS tile in candidate 0 shows the correct building geometry for this city centre location, with the polygon accurately reflecting the narrow street frontage and angled rear boundary. n_inliers is low (28) but visually confirmed by the distinctive church/commercial building footprints.",
          "wall_s": 2.8,
          "llm_error": null
        }
      ],
      "tokens": {
        "request": 5189,
        "response": 120
      }
    }
  },
  "valid_ground_truth": true,
  "valid_prediction": true,
  "validation_error": null,
  "iou": 0.036397912753598015,
  "precision": 0.03966982281514177,
  "recall": 0.3061826311342625,
  "f1_score": 0.07023926294272878,
  "positioning_error_m": 71.34498494467634,
  "worker_first_iou": 0.036397912753598015,
  "worker_first_metrics": {
    "valid_ground_truth": true,
    "valid_prediction": true,
    "validation_error": null,
    "iou": 0.036397912753598015,
    "precision": 0.03966982281514177,
    "recall": 0.3061826311342625,
    "f1_score": 0.07023926294272878,
    "positioning_error_m": 71.34498494467634
  }
}