{
  "sl_no": 71,
  "match_info": {
    "center": "live_locate:place:Old Bottom Free Down",
    "zoom": 16,
    "rotation": 0,
    "n_inliers": 59,
    "score": 24.62,
    "scale_factor": 0.761,
    "avg_scale": 1.1681,
    "window": [
      585,
      585
    ],
    "center_latlon": [
      51.159806386640135,
      1.3816776483997728
    ],
    "anchor_latlon": [
      51.166337919965,
      1.3789350204035
    ],
    "_inlier_pts_map": [
      [
        1111.875,
        597.55
      ],
      [
        1143.642857142857,
        597.55
      ],
      [
        1048.3392857142858,
        629.0
      ],
      [
        1080.107142857143,
        629.0
      ],
      [
        1111.875,
        629.0
      ],
      [
        1143.642857142857,
        629.0
      ],
      [
        1175.4107142857142,
        629.0
      ],
      [
        1080.107142857143,
        660.4499999999999
      ],
      [
        1111.875,
        660.4499999999999
      ],
      [
        1143.642857142857,
        660.4499999999999
      ],
      [
        476.5178571428571,
        723.35
      ],
      [
        508.2857142857143,
        723.35
      ],
      [
        540.0535714285714,
        723.35
      ],
      [
        571.8214285714286,
        723.35
      ],
      [
        603.5892857142857,
        723.35
      ],
      [
        1366.017857142857,
        723.35
      ],
      [
        1397.7857142857142,
        723.35
      ],
      [
        476.5178571428571,
        754.8
      ],
      [
        508.2857142857143,
        754.8
      ],
      [
        540.0535714285714,
        754.8
      ],
      [
        571.8214285714286,
        754.8
      ],
      [
        603.5892857142857,
        754.8
      ],
      [
        635.3571428571429,
        754.8
      ],
      [
        1111.875,
        754.8
      ],
      [
        1366.017857142857,
        754.8
      ],
      [
        444.75,
        786.25
      ],
      [
        476.5178571428571,
        786.25
      ],
      [
        508.2857142857143,
        786.25
      ],
      [
        540.0535714285714,
        786.25
      ],
      [
        571.8214285714286,
        786.25
      ],
      [
        603.5892857142857,
        786.25
      ],
      [
        1111.875,
        786.25
      ],
      [
        1334.25,
        786.25
      ],
      [
        540.0535714285714,
        817.6999999999999
      ],
      [
        571.8214285714286,
        817.6999999999999
      ],
      [
        571.8214285714286,
        849.15
      ],
      [
        603.5892857142857,
        849.15
      ],
      [
        1524.857142857143,
        849.15
      ],
      [
        571.8214285714286,
        880.6
      ],
      [
        603.5892857142857,
        880.6
      ],
      [
        1493.0892857142858,
        880.6
      ],
      [
        1524.857142857143,
        880.6
      ],
      [
        508.2857142857143,
        912.05
      ],
      [
        540.0535714285714,
        912.05
      ],
      [
        571.8214285714286,
        912.05
      ],
      [
        508.2857142857143,
        943.5
      ],
      [
        540.0535714285714,
        943.5
      ],
      [
        476.5178571428571,
        974.9499999999999
      ],
      [
        825.9642857142857,
        1037.85
      ],
      [
        794.1964285714286,
        1069.3
      ],
      [
        825.9642857142857,
        1069.3
      ],
      [
        857.7321428571429,
        1069.3
      ],
      [
        1207.1785714285713,
        1258.0
      ],
      [
        1207.1785714285713,
        1289.45
      ],
      [
        698.8928571428571,
        1320.8999999999999
      ],
      [
        1111.875,
        1320.8999999999999
      ],
      [
        1207.1785714285713,
        1320.8999999999999
      ],
      [
        1111.875,
        1352.35
      ],
      [
        1111.875,
        1383.8
      ]
    ],
    "_rot_map_shape": [
      2516,
      1779
    ]
  },
  "processing_time": 145.9685080051422,
  "agent_accepted": true,
  "agent_reason": "[accepted] The planning boundary was identified on page 3, showing land adjoining Old Bottom Free Down near St. Margaret's-at-Cliffe. Two candidates were tested: one ancho",
  "agent_stats": {
    "position_calls": 1,
    "pdf_info": {
      "site_address": "Land adjoining Old Bottom Free Down, St. Margaret's-at-Cliffe, Dover District, Kent",
      "postcodes": [],
      "grid_refs": [],
      "scale": "1:10560",
      "map_pages": [
        3
      ],
      "map_page_details": [
        {
          "page": 1,
          "category": "discard",
          "area_group": -1,
          "boundary_clarity": "none",
          "detail_level": "wide",
          "caption": "Text page: Dover District Council Town and Country Planning Direction No. 2, 1974."
        },
        {
          "page": 2,
          "category": "discard",
          "area_group": -1,
          "boundary_clarity": "none",
          "detail_level": "wide",
          "caption": "Approval page: Secretary of State for the Environment approval dated 20 August 1974."
        },
        {
          "page": 3,
          "category": "match",
          "area_group": 0,
          "boundary_clarity": "clear",
          "detail_level": "medium",
          "caption": "Site plan at 1:10560 showing land adjoining Old Bottom Free Down, St. Margarets at Cliffe."
        }
      ],
      "road_names": [
        "Dover Road",
        "Station Road",
        "Kingsdown Road"
      ],
      "place_names": [
        "Old Bottom Free Down",
        "St. Margarets at Cliffe",
        "East Hill",
        "Barrow Mount",
        "Bockell Hill",
        "Free Down",
        "East Bottom"
      ],
      "is_district_wide": false,
      "district_name": null,
      "house_number_road_pairs": [],
      "parish_names": [
        "St. Margaret's-at-Cliffe"
      ],
      "admin_region": null,
      "likely_town_or_city": null,
      "visible_map_labels": [],
      "adjacency_hints": []
    },
    "outcome_status": "accepted",
    "outcome_reasoning": "The planning boundary was identified on page 3, showing land adjoining Old Bottom Free Down near St. Margaret's-at-Cliffe. Two candidates were tested: one anchored at Old Bottom Free Down (59 inliers) and one at Kingsdown Road (55 inliers). Both showed consistent scale (approx 0.73) and perfect road name agreement (Dover Road, Station Road, Kingsdown Road). The first candidate (ID 0) was committed as it provided the highest RANSAC inlier count. The map scale of 1:10560 was successfully matched against the OS background.",
    "rotation_checked": false,
    "tool_calls": {
      "submit_pdf_info": 1,
      "propose_centers": 2,
      "match_at": 2,
      "commit_match": 1,
      "final_result": 1
    },
    "total_tool_calls": 7,
    "n_turns": 15,
    "validator_retries": 0,
    "worker_request_tokens": 61358,
    "worker_response_tokens": 783,
    "request_tokens": 61358,
    "response_tokens": 783,
    "total_tokens": 62141
  },
  "valid_ground_truth": true,
  "valid_prediction": true,
  "validation_error": null,
  "iou": 0.7371141968460053,
  "precision": 0.9098542827141727,
  "recall": 0.7951876509503467,
  "f1_score": 0.8486652151992773,
  "positioning_error_m": 15.043850289461469
}