{
  "sl_no": 250,
  "match_info": {
    "center": "live_locate:place:Ripple Road (named road)",
    "zoom": 17,
    "rotation": 0,
    "n_inliers": 94,
    "score": 47.97,
    "scale_factor": 0.424,
    "avg_scale": 0.9991,
    "window": [
      1512,
      567
    ],
    "center_latlon": [
      51.19368247640018,
      1.3788632015688904
    ],
    "anchor_latlon": [
      51.1926010772534,
      1.37437261005135
    ],
    "_inlier_pts_map": [
      [
        575.8214285714286,
        74.36250000000001
      ],
      [
        600.8571428571429,
        74.36250000000001
      ],
      [
        575.8214285714286,
        99.15
      ],
      [
        600.8571428571429,
        99.15
      ],
      [
        625.8928571428571,
        99.15
      ],
      [
        1301.857142857143,
        99.15
      ],
      [
        550.7857142857142,
        123.9375
      ],
      [
        575.8214285714286,
        123.9375
      ],
      [
        600.8571428571429,
        123.9375
      ],
      [
        625.8928571428571,
        123.9375
      ],
      [
        1276.8214285714284,
        123.9375
      ],
      [
        1301.857142857143,
        123.9375
      ],
      [
        550.7857142857142,
        148.72500000000002
      ],
      [
        575.8214285714286,
        148.72500000000002
      ],
      [
        600.8571428571429,
        148.72500000000002
      ],
      [
        625.8928571428571,
        148.72500000000002
      ],
      [
        1251.7857142857142,
        148.72500000000002
      ],
      [
        1276.8214285714284,
        148.72500000000002
      ],
      [
        1301.857142857143,
        148.72500000000002
      ],
      [
        550.7857142857142,
        173.51250000000002
      ],
      [
        575.8214285714286,
        173.51250000000002
      ],
      [
        600.8571428571429,
        173.51250000000002
      ],
      [
        625.8928571428571,
        173.51250000000002
      ],
      [
        1226.75,
        173.51250000000002
      ],
      [
        1251.7857142857142,
        173.51250000000002
      ],
      [
        1276.8214285714284,
        173.51250000000002
      ],
      [
        1301.857142857143,
        173.51250000000002
      ],
      [
        1326.892857142857,
        173.51250000000002
      ],
      [
        550.7857142857142,
        198.3
      ],
      [
        575.8214285714286,
        198.3
      ],
      [
        600.8571428571429,
        198.3
      ],
      [
        625.8928571428571,
        198.3
      ],
      [
        1201.7142857142858,
        198.3
      ],
      [
        1226.75,
        198.3
      ],
      [
        1251.7857142857142,
        198.3
      ],
      [
        1276.8214285714284,
        198.3
      ],
      [
        1301.857142857143,
        198.3
      ],
      [
        1326.892857142857,
        198.3
      ],
      [
        550.7857142857142,
        223.0875
      ],
      [
        575.8214285714286,
        223.0875
      ],
      [
        600.8571428571429,
        223.0875
      ],
      [
        625.8928571428571,
        223.0875
      ],
      [
        1176.6785714285713,
        223.0875
      ],
      [
        1201.7142857142858,
        223.0875
      ],
      [
        1226.75,
        223.0875
      ],
      [
        1251.7857142857142,
        223.0875
      ],
      [
        1276.8214285714284,
        223.0875
      ],
      [
        1301.857142857143,
        223.0875
      ],
      [
        550.7857142857142,
        247.875
      ],
      [
        575.8214285714286,
        247.875
      ],
      [
        600.8571428571429,
        247.875
      ],
      [
        625.8928571428571,
        247.875
      ],
      [
        650.9285714285714,
        247.875
      ],
      [
        1176.6785714285713,
        247.875
      ],
      [
        1201.7142857142858,
        247.875
      ],
      [
        1226.75,
        247.875
      ],
      [
        1251.7857142857142,
        247.875
      ],
      [
        1276.8214285714284,
        247.875
      ],
      [
        1301.857142857143,
        247.875
      ],
      [
        550.7857142857142,
        272.6625
      ],
      [
        575.8214285714286,
        272.6625
      ],
      [
        600.8571428571429,
        272.6625
      ],
      [
        650.9285714285714,
        272.6625
      ],
      [
        675.9642857142857,
        272.6625
      ],
      [
        1151.642857142857,
        272.6625
      ],
      [
        1176.6785714285713,
        272.6625
      ],
      [
        1201.7142857142858,
        272.6625
      ],
      [
        1226.75,
        272.6625
      ],
      [
        1251.7857142857142,
        272.6625
      ],
      [
        1276.8214285714284,
        272.6625
      ],
      [
        1301.857142857143,
        272.6625
      ],
      [
        575.8214285714286,
        297.45000000000005
      ],
      [
        650.9285714285714,
        297.45000000000005
      ],
      [
        675.9642857142857,
        297.45000000000005
      ],
      [
        1126.607142857143,
        297.45000000000005
      ],
      [
        1151.642857142857,
        297.45000000000005
      ],
      [
        1251.7857142857142,
        297.45000000000005
      ],
      [
        1276.8214285714284,
        297.45000000000005
      ],
      [
        1326.892857142857,
        297.45000000000005
      ],
      [
        675.9642857142857,
        322.2375
      ],
      [
        1151.642857142857,
        322.2375
      ],
      [
        1176.6785714285713,
        322.2375
      ],
      [
        600.8571428571429,
        347.02500000000003
      ],
      [
        625.8928571428571,
        347.02500000000003
      ],
      [
        650.9285714285714,
        347.02500000000003
      ],
      [
        675.9642857142857,
        347.02500000000003
      ],
      [
        250.35714285714283,
        917.1375
      ],
      [
        275.3928571428571,
        917.1375
      ],
      [
        225.32142857142856,
        941.9250000000001
      ],
      [
        250.35714285714283,
        941.9250000000001
      ],
      [
        275.3928571428571,
        941.9250000000001
      ],
      [
        300.42857142857144,
        941.9250000000001
      ],
      [
        225.32142857142856,
        966.7125000000001
      ],
      [
        400.57142857142856,
        966.7125000000001
      ]
    ],
    "_rot_map_shape": [
      1983,
      1402
    ]
  },
  "processing_time": 279.38573002815247,
  "agent_accepted": true,
  "agent_reason": "[accepted] The site was identified as the Former Royal Marines Sports Ground on Ripple Road, near Walmer. The map on page 4 shows a clear red boundary at the intersection ",
  "agent_stats": {
    "position_calls": 1,
    "pdf_info": {
      "site_address": "The Former Royal Marines Sports Ground, Ripple, Deal, Kent",
      "postcodes": [],
      "grid_refs": [],
      "scale": "1:2500",
      "map_pages": [
        4
      ],
      "map_page_details": [
        {
          "page": 1,
          "category": "discard",
          "area_group": -1,
          "boundary_clarity": "none",
          "detail_level": "wide",
          "caption": "Cover page: Former Royal Marines Sports Ground, Ripple, Deal, Kent"
        },
        {
          "page": 2,
          "category": "discard",
          "area_group": -1,
          "boundary_clarity": "none",
          "detail_level": "wide",
          "caption": "Article 4 Direction text"
        },
        {
          "page": 3,
          "category": "discard",
          "area_group": -1,
          "boundary_clarity": "none",
          "detail_level": "wide",
          "caption": "Schedule of development classes and seal"
        },
        {
          "page": 4,
          "category": "match",
          "area_group": 0,
          "boundary_clarity": "clear",
          "detail_level": "medium",