{
  "sl_no": 256,
  "match_info": {
    "center": "live_locate:place:Bockell Hill",
    "zoom": 15,
    "rotation": 0,
    "n_inliers": 91,
    "score": 34.23,
    "scale_factor": 0.448,
    "avg_scale": 1.2851,
    "window": [
      114,
      228
    ],
    "center_latlon": [
      51.15987609221566,
      1.377871797739175
    ],
    "anchor_latlon": [
      51.1548897365339,
      1.38629395629312
    ],
    "_inlier_pts_map": [
      [
        265.0,
        287.925
      ],
      [
        291.5,
        287.925
      ],
      [
        304.75,
        287.925
      ],
      [
        318.0,
        287.925
      ],
      [
        331.25,
        287.925
      ],
      [
        265.0,
        301.0125
      ],
      [
        278.25,
        301.0125
      ],
      [
        291.5,
        301.0125
      ],
      [
        331.25,
        314.1
      ],
      [
        278.25,
        327.1875
      ],
      [
        291.5,
        327.1875
      ],
      [
        304.75,
        327.1875
      ],
      [
        331.25,
        327.1875
      ],
      [
        278.25,
        340.27500000000003
      ],
      [
        291.5,
        340.27500000000003
      ],
      [
        304.75,
        340.27500000000003
      ],
      [
        318.0,
        340.27500000000003
      ],
      [
        331.25,
        340.27500000000003
      ],
      [
        278.25,
        353.3625
      ],
      [
        291.5,
        353.3625
      ],
      [
        304.75,
        353.3625
      ],
      [
        318.0,
        353.3625
      ],
      [
        278.25,
        366.45
      ],
      [
        437.25,
        379.5375
      ],
      [
        437.25,
        392.625
      ],
      [
        291.5,
        405.71250000000003
      ],
      [
        424.0,
        405.71250000000003
      ],
      [
        437.25,
        405.71250000000003
      ],
      [
        410.75,
        418.8
      ],
      [
        424.0,
        418.8
      ],
      [
        437.25,
        444.975
      ],
      [
        225.25,
        458.0625
      ],
      [
        437.25,
        458.0625
      ],
      [
        450.5,
        458.0625
      ],
      [
        225.25,
        471.15000000000003
      ],
      [
        424.0,
        471.15000000000003
      ],
      [
        437.25,
        471.15000000000003
      ],
      [
        450.5,
        471.15000000000003
      ],
      [
        198.75,
        562.7625
      ],
      [
        198.75,
        575.85
      ],
      [
        185.5,
        588.9375
      ],
      [
        198.75,
        588.9375
      ],
      [
        212.0,
        588.9375
      ],
      [
        304.75,
        588.9375
      ],
      [
        318.0,
        588.9375
      ],
      [
        198.75,
        602.025
      ],
      [
        212.0,
        602.025
      ],
      [
        304.75,
        602.025
      ],
      [
        530.0,
        602.025
      ],
      [
        212.0,
        615.1125000000001
      ],
      [
        516.75,
        615.1125000000001
      ],
      [
        198.75,
        628.2
      ],
      [
        212.0,
        628.2
      ],
      [
        198.75,
        641.2875
      ],
      [
        212.0,
        641.2875
      ],
      [
        503.5,
        641.2875
      ],
      [
        185.5,
        654.375
      ],
      [
        198.75,
        654.375
      ],
      [
        238.5,
        654.375
      ],
      [
        251.75,
        654.375
      ],
      [
        265.0,
        654.375
      ],
      [
        278.25,
        654.375
      ],
      [
        291.5,
        654.375
      ],
      [
        304.75,
        654.375
      ],
      [
        318.0,
        654.375
      ],
      [
        198.75,
        667.4625
      ],
      [
        238.5,
        667.4625
      ],
      [
        251.75,
        667.4625
      ],
      [
        278.25,
        667.4625
      ],
      [
        291.5,
        667.4625
      ],
      [
        304.75,
        667.4625
      ],
      [
        516.75,
        667.4625
      ],
      [
        172.25,
        680.5500000000001
      ],
      [
        212.0,
        680.5500000000001
      ],
      [
        225.25,
        680.5500000000001
      ],
      [
        238.5,
        680.5500000000001
      ],
      [
        251.75,
        680.5500000000001
      ],
      [
        265.0,
        680.5500000000001
      ],
      [
        291.5,
        680.5500000000001
      ],
      [
        304.75,
        680.5500000000001
      ],
      [
        516.75,
        680.5500000000001
      ],
      [
        265.0,
        693.6375
      ],
      [
        318.0,
        693.6375
      ],
      [
        437.25,
        693.6375
      ],
      [
        265.0,
        706.725
      ],
      [
        278.25,
        706.725
      ],
      [
        291.5,
        706.725
      ],
      [
        318.0,
        706.725
      ],
      [
        265.0,
        719.8125
      ],
      [
        278.25,
        719.8125
      ],
      [
        291.5,
        719.8125
      ]
    ],
    "_rot_map_shape": [
      1047,
      742
    ]
  },
  "processing_time": 208.57635259628296,
  "agent_accepted": true,
  "agent_reason": "[accepted] The document is an Article 4 Direction for land formerly part of Townsend Farm in St. Margaret's at Cliffe. The map on page 4 shows a large area of land hatched",
  "agent_stats": {
    "position_calls": 1,
    "pdf_info": {
      "site_address": "Land formerly part of Townsend Farm, St. Margaret's-at-Cliffe, Dover Rural District",
      "postcodes": [],
      "grid_refs": [
        "TR 34 SE",
        "TR 34 SW"
      ],
      "scale": "1:10560",
      "map_pages": [
        4
      ],
      "map_page_details": [
        {
          "page": 1,
          "category": "discard",
          "area_group": -1,
          "boundary_clarity": "none",
          "detail_level": "wide",
          "caption": "Sealed Order cover page with handwritten notes."
        },
        {
          "page": 2,
          "category": "discard",
          "area_group": -1,
          "boundary_clarity": "none",
          "detail_level": "wide",
          "caption": "Text of the Article 4 Direction and Schedule."
        },
        {
          "page": 3,
          "category": "discard",
          "area_group": -1,
          "boundary_clarity": "none",
          "detail_level": "wide",
          "caption": "Signature and seal page."
        },
        {
          "page": 4,
          "category": "match",
          "area_group": 0,
          "boundary_clarity": "clear",
          "detail_level": "medium",
          "caption": "Site plan at 1:10560 showing land at Townsend Farm coloured pink."
        },
        {
          "page": 5,
          "category": "discard",
          "area_group": -1,
          "boundary_clarity": "none",
          "detail_level": "wide",
          "caption": "Back cover / filing page."
        }
      ],
      "road_names": [
        "Dover Road",
        "Station Road",
        "Nelson Park Road"
      ],
      "place_names": [
        "Townsend Farm",
        "St. Margaret's at Cliffe",
        "East Hill",
        "Barrow Mount",
        "Bockell Hill",
        "Old Bottom Free Down",
        "Fan Valley Farm",
        "Hog's Bush"
      ],
      "is_district_wide": false,
      "district_name": null,
      "house_number_road_pairs": [],
      "parish_names": [
        "St. Margaret's-at-Cliffe"
      ],
      "admin_region": "Dover Rural District",
      "likely_town_or_city": "St. Margaret's at Cliffe",
      "visible_map_labels": [
        "ST MARGARET'S AT CLIFFE",
        "Townsend Farm",
        "Dover Road",
        "Station Road",
        "Nelson Park Road",
        "Old Bottom Free Down",
        "Barrow Mount",
        "Bockell Hill",
        "Hog's Bush",
        "Fan Valley Farm"
      ],