{
  "sl_no": 60,
  "match_info": {
    "center": "live_locate:place:Vernon Yard",
    "zoom": 19,
    "rotation": 0,
    "n_inliers": 151,
    "score": 58.64,
    "scale_factor": 0.854,
    "avg_scale": 0.983,
    "window": [
      1578,
      263
    ],
    "center_latlon": [
      51.5147176426748,
      -0.2040562642113457
    ],
    "anchor_latlon": [
      51.513869799565,
      -0.204030971366172
    ],
    "_inlier_pts_map": [
      [
        252.14285714285717,
        149.77499999999998
      ],
      [
        277.3571428571429,
        149.77499999999998
      ],
      [
        176.5,
        174.73749999999998
      ],
      [
        252.14285714285717,
        174.73749999999998
      ],
      [
        277.3571428571429,
        174.73749999999998
      ],
      [
        277.3571428571429,
        199.7
      ],
      [
        201.71428571428572,
        224.6625
      ],
      [
        277.3571428571429,
        224.6625
      ],
      [
        302.57142857142856,
        224.6625
      ],
      [
        201.71428571428572,
        249.625
      ],
      [
        226.92857142857144,
        249.625
      ],
      [
        252.14285714285717,
        249.625
      ],
      [
        277.3571428571429,
        249.625
      ],
      [
        302.57142857142856,
        249.625
      ],
      [
        201.71428571428572,
        274.5875
      ],
      [
        226.92857142857144,
        274.5875
      ],
      [
        277.3571428571429,
        274.5875
      ],
      [
        302.57142857142856,
        274.5875
      ],
      [
        226.92857142857144,
        299.54999999999995
      ],
      [
        252.14285714285717,
        299.54999999999995
      ],
      [
        277.3571428571429,
        299.54999999999995
      ],
      [
        302.57142857142856,
        299.54999999999995
      ],
      [
        226.92857142857144,
        324.5125
      ],
      [
        252.14285714285717,
        324.5125
      ],
      [
        277.3571428571429,
        324.5125
      ],
      [
        302.57142857142856,
        324.5125
      ],
      [
        327.7857142857143,
        324.5125
      ],
      [
        226.92857142857144,
        349.47499999999997
      ],
      [
        252.14285714285717,
        349.47499999999997
      ],
      [
        277.3571428571429,
        349.47499999999997
      ],
      [
        302.57142857142856,
        349.47499999999997
      ],
      [
        327.7857142857143,
        349.47499999999997
      ],
      [
        176.5,
        374.4375
      ],
      [
        252.14285714285717,
        374.4375
      ],
      [
        277.3571428571429,
        374.4375
      ],
      [
        302.57142857142856,
        374.4375
      ],
      [
        327.7857142857143,
        374.4375
      ],
      [
        353.0,
        374.4375
      ],
      [
        75.64285714285714,
        399.4
      ],
      [
        100.85714285714286,
        399.4
      ],
      [
        126.07142857142858,
        399.4
      ],
      [
        176.5,
        399.4
      ],
      [
        302.57142857142856,
        399.4
      ],
      [
        353.0,
        399.4
      ],
      [
        75.64285714285714,
        424.36249999999995
      ],
      [
        100.85714285714286,
        424.36249999999995
      ],
      [
        126.07142857142858,
        424.36249999999995
      ],
      [
        100.85714285714286,
        449.325
      ],
      [
        126.07142857142858,
        474.28749999999997
      ],
      [
        428.64285714285717,
        748.875
      ],
      [
        403.42857142857144,
        773.8375
      ],
      [
        428.64285714285717,
        773.8375
      ],
      [
        453.8571428571429,
        773.8375
      ],
      [
        353.0,
        798.8
      ],
      [
        378.2142857142857,
        798.8
      ],
      [
        403.42857142857144,
        798.8
      ],
      [
        428.64285714285717,
        798.8
      ],
      [
        479.0714285714286,
        798.8
      ],
      [
        453.8571428571429,
        823.7624999999999
      ],
      [
        479.0714285714286,
        823.7624999999999
      ],
      [
        403.42857142857144,
        848.7249999999999
      ],
      [
        428.64285714285717,
        848.7249999999999
      ],
      [
        403.42857142857144,
        873.6875
      ],
      [
        428.64285714285717,
        873.6875
      ],
      [
        453.8571428571429,
        873.6875
      ],
      [
        504.28571428571433,
        948.5749999999999
      ],
      [
        907.7142857142858,
        973.5374999999999
      ],
      [
        882.5,
        998.5
      ],
      [
        907.7142857142858,
        998.5
      ],
      [
        932.9285714285714,
        998.5
      ],
      [
        907.7142857142858,
        1023.4625
      ],
      [
        932.9285714285714,
        1023.4625
      ],
      [
        958.1428571428572,
        1023.4625
      ],
      [
        579.9285714285714,
        1048.425
      ],
      [
        630.3571428571429,
        1048.425
      ],
      [
        907.7142857142858,
        1048.425
      ],
      [
        932.9285714285714,
        1048.425
      ],
      [
        579.9285714285714,
        1073.3875
      ],
      [
        605.1428571428571,
        1073.3875
      ],
      [
        655.5714285714286,
        1073.3875
      ],
      [
        680.7857142857143,
        1073.3875
      ],
      [
        706.0,
        1073.3875
      ],
      [
        731.2142857142858,
        1073.3875
      ],
      [
        756.4285714285714,
        1073.3875
      ],
      [
        806.8571428571429,
        1073.3875
      ],
      [
        857.2857142857143,
        1073.3875
      ],
      [
        907.7142857142858,
        1073.3875
      ],
      [
        605.1428571428571,
        1098.35
      ],
      [
        630.3571428571429,
        1098.35
      ],
      [
        655.5714285714286,
        1098.35
      ],
      [
        680.7857142857143,
        1098.35
      ],
      [
        706.0,
        1098.35
      ],
      [
        731.2142857142858,
        1098.35
      ],
      [
        756.4285714285714,
        1098.35
      ],
      [
        781.6428571428572,
        1098.35
      ],
      [
        806.8571428571429,
        1098.35
      ],
      [
        832.0714285714286,
        1098.35
      ],
      [
        857.2857142857143,
        1098.35
      ],
      [
        579.9285714285714,
        1123.3125
      ],
      [
        630.3571428571429,
        1123.3125
      ],
      [
        655.5714285714286,
        1123.3125
      ],
      [
        680.7857142857143,
        1123.3125
      ],
      [
        706.0,
        1123.3125
      ],
      [
        731.2142857142858,
        1123.3125
      ],
      [
        605.1428571428571,
        1148.2749999999999
      ],
      [
        630.3571428571429,
        1148.2749999999999
      ],
      [
        655.5714285714286,
        1148.2749999999999
      ],
      [
        680.7857142857143,
        1148.2749999999999
      ],
      [
        706.0,
        1148.2749999999999
      ],
      [
        630.3571428571429,
        1173.2375
      ],
      [
        680.7857142857143,
        1173.2375
      ],
      [
        655.5714285714286,
        1198.1999999999998
      ],
      [
        554.7142857142858,
        1223.1625
      ],
      [
        579.9285714285714,
        1273.0874999999999
      ],
      [
        882.5,
        1273.0874999999999
      ],
      [
        907.7142857142858,
        1273.0874999999999
      ],
      [
        932.9285714285714,
        1273.0874999999999
      ],
      [
        958.1428571428572,
        1273.0874999999999
      ],
      [
        1235.5,
        1273.0874999999999
      ],
      [
        579.9285714285714,
        1298.05
      ],
      [
        605.1428571428571,
