{
  "sl_no": 236,
  "match_info": {
    "center": "live_locate:place:Sibertswold",
    "zoom": 17,
    "rotation": 0,
    "n_inliers": 218,
    "score": 111.17,
    "scale_factor": 0.424,
    "avg_scale": 0.9971,
    "window": [
      1179,
      524
    ],
    "center_latlon": [
      51.1867929430355,
      1.2376237270259765
    ],
    "anchor_latlon": [
      51.1866594801584,
      1.22965977649947
    ],
    "_inlier_pts_map": [
      [
        126.12068965517241,
        144.2
      ],
      [
        198.1896551724138,
        144.2
      ],
      [
        270.2586206896552,
        144.2
      ],
      [
        378.36206896551727,
        144.2
      ],
      [
        396.3793103448276,
        144.2
      ],
      [
        414.39655172413796,
        144.2
      ],
      [
        126.12068965517241,
        162.225
      ],
      [
        144.13793103448276,
        162.225
      ],
      [
        162.1551724137931,
        162.225
      ],
      [
        180.17241379310346,
        162.225
      ],
      [
        198.1896551724138,
        162.225
      ],
      [
        216.20689655172413,
        162.225
      ],
      [
        252.24137931034483,
        162.225
      ],
      [
        270.2586206896552,
        162.225
      ],
      [
        360.3448275862069,
        162.225
      ],
      [
        396.3793103448276,
        162.225
      ],
      [
        414.39655172413796,
        162.225
      ],
      [
        108.10344827586206,
        180.25
      ],
      [
        126.12068965517241,
        180.25
      ],
      [
        144.13793103448276,
        180.25
      ],
      [
        162.1551724137931,
        180.25
      ],
      [
        180.17241379310346,
        180.25
      ],
      [
        198.1896551724138,
        180.25
      ],
      [
        216.20689655172413,
        180.25
      ],
      [
        288.2758620689655,
        180.25
      ],
      [
        306.2931034482759,
        180.25
      ],
      [
        342.32758620689657,
        180.25
      ],
      [
        360.3448275862069,
        180.25
      ],
      [
        378.36206896551727,
        180.25
      ],
      [
        396.3793103448276,
        180.25
      ],
      [
        414.39655172413796,
        180.25
      ],
      [
        126.12068965517241,
        198.27499999999998
      ],
      [
        144.13793103448276,
        198.27499999999998
      ],
      [
        162.1551724137931,
        198.27499999999998
      ],
      [
        198.1896551724138,
        198.27499999999998
      ],
      [
        216.20689655172413,
        198.27499999999998
      ],
      [
        234.22413793103448,
        198.27499999999998
      ],
      [
        252.24137931034483,
        198.27499999999998
      ],
      [
        270.2586206896552,
        198.27499999999998
      ],
      [
        288.2758620689655,
        198.27499999999998
      ],
      [
        306.2931034482759,
        198.27499999999998
      ],
      [
        324.3103448275862,
        198.27499999999998
      ],
      [
        342.32758620689657,
        198.27499999999998
      ],
      [
        360.3448275862069,
        198.27499999999998
      ],
      [
        378.36206896551727,
        198.27499999999998
      ],
      [
        108.10344827586206,
        216.29999999999998
      ],
      [
        126.12068965517241,
        216.29999999999998
      ],
      [
        144.13793103448276,
        216.29999999999998
      ],
      [
        162.1551724137931,
        216.29999999999998
      ],
      [
        252.24137931034483,
        216.29999999999998
      ],
      [
        270.2586206896552,
        216.29999999999998
      ],
      [
        288.2758620689655,
        216.29999999999998
      ],
      [
        306.2931034482759,
        216.29999999999998
      ],
      [
        324.3103448275862,
        216.29999999999998
      ],
      [
        342.32758620689657,
        216.29999999999998
      ],
      [
        360.3448275862069,
        216.29999999999998
      ],
      [
        378.36206896551727,
        216.29999999999998
      ],
      [
        414.39655172413796,
        216.29999999999998
      ],
      [
        144.13793103448276,
        234.325
      ],
      [
        234.22413793103448,
        234.325
      ],
      [
        252.24137931034483,
        234.325
      ],
      [
        270.2586206896552,
        234.325
      ],
      [
        288.2758620689655,
        234.325
      ],
      [
        306.2931034482759,
        234.325
      ],
      [
        342.32758620689657,
        234.325
      ],
      [
        360.3448275862069,
        234.325
      ],
      [
        270.2586206896552,
        252.34999999999997
      ],
      [
        342.32758620689657,
        252.34999999999997
      ],
      [
        252.24137931034483,
        432.59999999999997
      ],
      [
        234.22413793103448,
        450.62499999999994
      ],
      [
        252.24137931034483,
        450.62499999999994
      ],
      [
        306.2931034482759,
        450.62499999999994
      ],
      [
        234.22413793103448,
        468.65
      ],
      [
        252.24137931034483,
        468.65
      ],
      [
        306.2931034482759,
        468.65
      ],
      [
        594.5689655172414,
        468.65
      ],
      [
        342.32758620689657,
        486.67499999999995
      ],
      [
        576.551724137931,
        486.67499999999995
      ],
      [
        594.5689655172414,
        486.67499999999995
      ],
      [
        612.5862068965517,
        486.67499999999995
      ],
      [
        630.6034482758621,
        486.67499999999995
      ],
      [
        612.5862068965517,
        504.69999999999993
      ],
      [
        630.6034482758621,
        504.69999999999993
      ],
      [
        612.5862068965517,
        522.7249999999999
      ],
      [
        630.6034482758621,
        522.7249999999999
      ],
      [
        648.6206896551724,
        522.7249999999999
      ],
      [
        558.5344827586207,
        540.75
      ],
      [
        576.551724137931,
        540.75
      ],
      [
        594.5689655172414,
        540.75
      ],
      [
        612.5862068965517,
        540.75
      ],
      [
        630.6034482758621,
        540.75
      ],
      [
        648.6206896551724,
        540.75
      ],
      [
        666.6379310344828,
        540.75
      ],
      [
        468.44827586206895,
        558.775
      ],
      [
        486.4655172413793,
        558.775
      ],
      [
        504.48275862068965,
        558.775
      ],
      [
        522.5,
        558.775
      ],
      [
        540.5172413793103,
        558.775
      ],
      [
        576.551724137931,
        558.775
      ],
      [
        594.5689655172414,
        558.775
      ],
      [
        612.5862068965517,
        558.775
      ],
      [
        630.6034482758621,
        558.775
      ],
      [
        648.6206896551724,
        558.775
      ],
      [
        666.6379310344828,
        558.775
      ],
      [
        486.4655172413793,
        576.8
      ],
      [
        504.48275862068965,
        576.8
      ],
      [
        522.5,
        576.8
      ],
      [
        540.5172413793103,
        576.8
      ],
      [
        576.551724137931,
        576.8
      ],
      [
        594.5689655172414,
        576.8
      ],
      [
        612.5862068965517,
        576.8
      ],
      [
        630.6034482758621,
        576.8
      ],
      [
        648.6206896551724,
        576.8
      ],
      [
        666.6379310344828,
        576.8
      ],
      [
        450.4310344827586,
        594.8249999999999
      ],
      [
        468.44827586206895,
        594.8249999999999
      ],
      [
        486.4655172413793,
        594.8249999999999
      ],
      [
        504.48275862068965,
        594.8249999999999
      ],
      [
