{
  "sl_no": 205,
  "match_info": {
    "center": "live_locate:place:St Albans Girls School",
    "zoom": 17,
    "rotation": 0,
    "n_inliers": 161,
    "score": 71.82,
    "scale_factor": 0.516,
    "avg_scale": 1.0017,
    "window": [
      0,
      0
    ],
    "center_latlon": [
      51.7751978183713,
      -0.3404191423321947
    ],
    "anchor_latlon": [
      51.7715,
      -0.3305
    ],
    "_inlier_pts_map": [
      [
        788.4912280701755,
        103.95
      ],
      [
        803.3684210526316,
        103.95
      ],
      [
        773.6140350877193,
        118.8
      ],
      [
        788.4912280701755,
        118.8
      ],
      [
        803.3684210526316,
        118.8
      ],
      [
        699.2280701754386,
        133.65
      ],
      [
        773.6140350877193,
        133.65
      ],
      [
        788.4912280701755,
        133.65
      ],
      [
        803.3684210526316,
        133.65
      ],
      [
        684.3508771929825,
        148.5
      ],
      [
        699.2280701754386,
        148.5
      ],
      [
        728.9824561403509,
        148.5
      ],
      [
        743.859649122807,
        148.5
      ],
      [
        758.7368421052631,
        148.5
      ],
      [
        773.6140350877193,
        148.5
      ],
      [
        788.4912280701755,
        148.5
      ],
      [
        327.29824561403507,
        163.35
      ],
      [
        342.17543859649123,
        163.35
      ],
      [
        357.0526315789474,
        163.35
      ],
      [
        371.9298245614035,
        163.35
      ],
      [
        386.8070175438597,
        163.35
      ],
      [
        401.6842105263158,
        163.35
      ],
      [
        684.3508771929825,
        163.35
      ],
      [
        699.2280701754386,
        163.35
      ],
      [
        714.1052631578948,
        163.35
      ],
      [
        728.9824561403509,
        163.35
      ],
      [
        743.859649122807,
        163.35
      ],
      [
        758.7368421052631,
        163.35
      ],
      [
        773.6140350877193,
        163.35
      ],
      [
        327.29824561403507,
        178.2
      ],
      [
        342.17543859649123,
        178.2
      ],
      [
        357.0526315789474,
        178.2
      ],
      [
        371.9298245614035,
        178.2
      ],
      [
        386.8070175438597,
        178.2
      ],
      [
        401.6842105263158,
        178.2
      ],
      [
        416.56140350877195,
        178.2
      ],
      [
        431.43859649122805,
        178.2
      ],
      [
        684.3508771929825,
        178.2
      ],
      [
        699.2280701754386,
        178.2
      ],
      [
        714.1052631578948,
        178.2
      ],
      [
        743.859649122807,
        178.2
      ],
      [
        758.7368421052631,
        178.2
      ],
      [
        357.0526315789474,
        193.04999999999998
      ],
      [
        371.9298245614035,
        193.04999999999998
      ],
      [
        386.8070175438597,
        193.04999999999998
      ],
      [
        401.6842105263158,
        193.04999999999998
      ],
      [
        416.56140350877195,
        193.04999999999998
      ],
      [
        431.43859649122805,
        193.04999999999998
      ],
      [
        699.2280701754386,
        193.04999999999998
      ],
      [
        714.1052631578948,
        193.04999999999998
      ],
      [
        728.9824561403509,
        193.04999999999998
      ],
      [
        743.859649122807,
        193.04999999999998
      ],
      [
        758.7368421052631,
        193.04999999999998
      ],
      [
        371.9298245614035,
        207.9
      ],
      [
        386.8070175438597,
        207.9
      ],
      [
        401.6842105263158,
        207.9
      ],
      [
        669.4736842105264,
        207.9
      ],
      [
        728.9824561403509,
        207.9
      ],
      [
        386.8070175438597,
        222.75
      ],
      [
        595.0877192982456,
        222.75
      ],
      [
        238.03508771929825,
        638.55
      ],
      [
        252.91228070175438,
        638.55
      ],
      [
        178.5263157894737,
        653.4
      ],
      [
        267.7894736842105,
        653.4
      ],
      [
        178.5263157894737,
        668.25
      ],
      [
        193.40350877192984,
        668.25
      ],
      [
        223.1578947368421,
        668.25
      ],
      [
        238.03508771929825,
        668.25
      ],
      [
        267.7894736842105,
        668.25
      ],
      [
        178.5263157894737,
        683.1
      ],
      [
        193.40350877192984,
        683.1
      ],
      [
        223.1578947368421,
        683.1
      ],
      [
        282.6666666666667,
        683.1
      ],
      [
        297.5438596491228,
        683.1
      ],
      [
        312.42105263157896,
        683.1
      ],
      [
        327.29824561403507,
        683.1
      ],
      [
        193.40350877192984,
        697.9499999999999
      ],
      [
        208.28070175438597,
        697.9499999999999
      ],
      [
        223.1578947368421,
        697.9499999999999
      ],
      [
        252.91228070175438,
        697.9499999999999
      ],
      [
        267.7894736842105,
        697.9499999999999
      ],
      [
        282.6666666666667,
        697.9499999999999
      ],
      [
        297.5438596491228,
        697.9499999999999
      ],
      [
        312.42105263157896,
        697.9499999999999
      ],
      [
        327.29824561403507,
        697.9499999999999
      ],
      [
        342.17543859649123,
        697.9499999999999
      ],
      [
        193.40350877192984,
        712.8
      ],
      [
        208.28070175438597,
        712.8
      ],
      [
        223.1578947368421,
        712.8
      ],
      [
        267.7894736842105,
        712.8
      ],
      [
        282.6666666666667,
        712.8
      ],
      [
        297.5438596491228,
        712.8
      ],
      [
        312.42105263157896,
        712.8
      ],
      [
        327.29824561403507,
        712.8
      ],
      [
        342.17543859649123,
        712.8
      ],
      [
        193.40350877192984,
        727.65
      ],
      [
        208.28070175438597,
        727.65
      ],
      [
        252.91228070175438,
        727.65
      ],
      [
        267.7894736842105,
        727.65
      ],
      [
        282.6666666666667,
        727.65
      ],
      [
        297.5438596491228,
        727.65
      ],
      [
        312.42105263157896,
        727.65
      ],
      [
        327.29824561403507,
        727.65
      ],
      [
        342.17543859649123,
        727.65
      ],
      [
        357.0526315789474,
        727.65
      ],
      [
        193.40350877192984,
        742.5
      ],
      [
        267.7894736842105,
        742.5
      ],
      [
        282.6666666666667,
        742.5
      ],
      [
        297.5438596491228,
        742.5
      ],
      [
        312.42105263157896,
        742.5
      ],
      [
        327.29824561403507,
        742.5
      ],
      [
        342.17543859649123,
        742.5
      ],
      [
        357.0526315789474,
        742.5
      ],
      [
        371.9298245614035,
        742.5
      ],
      [
        193.40350877192984,
        757.35
      ],
      [
        208.28070175438597,
        757.35
      ],
      [
        223.1578947368421,
        757.35
      ],
      [
        267.7894736842105,
        757.35
      ],
      [
        282.6666666666667,
        757.35
      ],
      [
        297.5438596491228,
        757.35
      ],
      [
        327.29824561403507,
        757.35
      ],
      [
        342.17543859649123,
        757.35
      ],
      [
        371.9298245614035,
        757.35
      ],
      [
        193.40350877192984,
        772.1999999999999
      ],
      [
