{
  "sl_no": 49,
  "match_info": {
    "center": "live_locate:place:Hindolveston Road",
    "zoom": 17,
    "rotation": 0,
    "n_inliers": 110,
    "score": 50.01,
    "scale_factor": 0.44,
    "avg_scale": 1.1721,
    "window": [
      1336,
      0
    ],
    "center_latlon": [
      52.79866225185165,
      1.018358556168124
    ],
    "anchor_latlon": [
      52.7940047584878,
      1.01310885570217
    ],
    "_inlier_pts_map": [
      [
        207.71428571428572,
        256.75
      ],
      [
        103.85714285714286,
        269.58750000000003
      ],
      [
        116.83928571428572,
        269.58750000000003
      ],
      [
        129.82142857142858,
        269.58750000000003
      ],
      [
        142.80357142857144,
        269.58750000000003
      ],
      [
        155.78571428571428,
        269.58750000000003
      ],
      [
        207.71428571428572,
        269.58750000000003
      ],
      [
        90.875,
        282.425
      ],
      [
        103.85714285714286,
        282.425
      ],
      [
        116.83928571428572,
        282.425
      ],
      [
        129.82142857142858,
        282.425
      ],
      [
        142.80357142857144,
        282.425
      ],
      [
        155.78571428571428,
        282.425
      ],
      [
        168.76785714285714,
        282.425
      ],
      [
        181.75,
        282.425
      ],
      [
        194.73214285714286,
        282.425
      ],
      [
        207.71428571428572,
        282.425
      ],
      [
        220.69642857142858,
        282.425
      ],
      [
        64.91071428571429,
        295.2625
      ],
      [
        77.89285714285714,
        295.2625
      ],
      [
        103.85714285714286,
        295.2625
      ],
      [
        116.83928571428572,
        295.2625
      ],
      [
        129.82142857142858,
        295.2625
      ],
      [
        142.80357142857144,
        295.2625
      ],
      [
        155.78571428571428,
        295.2625
      ],
      [
        168.76785714285714,
        295.2625
      ],
      [
        181.75,
        295.2625
      ],
      [
        194.73214285714286,
        295.2625
      ],
      [
        207.71428571428572,
        295.2625
      ],
      [
        220.69642857142858,
        295.2625
      ],
      [
        64.91071428571429,
        308.1
      ],
      [
        77.89285714285714,
        308.1
      ],
      [
        90.875,
        308.1
      ],
      [
        103.85714285714286,
        308.1
      ],
      [
        116.83928571428572,
        308.1
      ],
      [
        129.82142857142858,
        308.1
      ],
      [
        142.80357142857144,
        308.1
      ],
      [
        155.78571428571428,
        308.1
      ],
      [
        168.76785714285714,
        308.1
      ],
      [
        220.69642857142858,
        308.1
      ],
      [
        233.67857142857144,
        308.1
      ],
      [
        51.92857142857143,
        320.9375
      ],
      [
        64.91071428571429,
        320.9375
      ],
      [
        77.89285714285714,
        320.9375
      ],
      [
        90.875,
        320.9375
      ],
      [
        103.85714285714286,
        320.9375
      ],
      [
        129.82142857142858,
        320.9375
      ],
      [
        142.80357142857144,
        320.9375
      ],
      [
        155.78571428571428,
        320.9375
      ],
      [
        168.76785714285714,
        320.9375
      ],
      [
        220.69642857142858,
        320.9375
      ],
      [
        233.67857142857144,
        320.9375
      ],
      [
        103.85714285714286,
        333.77500000000003
      ],
      [
        116.83928571428572,
        333.77500000000003
      ],
      [
        129.82142857142858,
        333.77500000000003
      ],
      [
        142.80357142857144,
        333.77500000000003
      ],
      [
        155.78571428571428,
        333.77500000000003
      ],
      [
        168.76785714285714,
        333.77500000000003
      ],
      [
        181.75,
        333.77500000000003
      ],
      [
        194.73214285714286,
        333.77500000000003
      ],
      [
        207.71428571428572,
        333.77500000000003
      ],
      [
        155.78571428571428,
        346.6125
      ],
      [
        168.76785714285714,
        346.6125
      ],
      [
        181.75,
        346.6125
      ],
      [
        64.91071428571429,
        385.125
      ],
      [
        64.91071428571429,
        397.96250000000003
      ],
      [
        77.89285714285714,
        423.6375
      ],
      [
        610.1607142857143,
        423.6375
      ],
      [
        64.91071428571429,
        436.475
      ],
      [
        77.89285714285714,
        436.475
      ],
      [
        90.875,
        436.475
      ],
      [
        103.85714285714286,
        436.475
      ],
      [
        116.83928571428572,
        436.475
      ],
      [
        454.375,
        436.475
      ],
      [
        597.1785714285714,
        436.475
      ],
      [
        610.1607142857143,
        436.475
      ],
      [
        77.89285714285714,
        449.3125
      ],
      [
        90.875,
        449.3125
      ],
      [
        103.85714285714286,
        449.3125
      ],
      [
        116.83928571428572,
        449.3125
      ],
      [
        129.82142857142858,
        449.3125
      ],
      [
        454.375,
        449.3125
      ],
      [
        597.1785714285714,
        449.3125
      ],
      [
        610.1607142857143,
        449.3125
      ],
      [
        77.89285714285714,
        462.15000000000003
      ],
      [
        90.875,
        462.15000000000003
      ],
      [
        103.85714285714286,
        462.15000000000003
      ],
      [
        116.83928571428572,
        462.15000000000003
      ],
      [
        441.39285714285717,
        462.15000000000003
      ],
      [
        454.375,
        462.15000000000003
      ],
      [
        467.3571428571429,
        462.15000000000003
      ],
      [
        480.3392857142857,
        462.15000000000003
      ],
      [
        493.3214285714286,
        462.15000000000003
      ],
      [
        90.875,
        474.9875
      ],
      [
        103.85714285714286,
        474.9875
      ],
      [
        441.39285714285717,
        474.9875
      ],
      [
        454.375,
        474.9875
      ],
      [
        467.3571428571429,
        474.9875
      ],
      [
        480.3392857142857,
        474.9875
      ],
      [
        493.3214285714286,
        474.9875
      ],
      [
        441.39285714285717,
        487.825
      ],
      [
        454.375,
        487.825
      ],
      [
        467.3571428571429,
        487.825
      ],
      [
        493.3214285714286,
        487.825
      ],
      [
        428.4107142857143,
        500.6625
      ],
      [
        441.39285714285717,
        500.6625
      ],
      [
        454.375,
        500.6625
      ],
      [
        441.39285714285717,
        513.5
      ],
      [
        454.375,
        513.5
      ],
      [
        467.3571428571429,
        513.5
      ]
    ],
    "_rot_map_shape": [
      1027,
      727
    ]
  },
  "processing_time": 164.4337649345398,
  "agent_accepted": true,
  "agent_reason": "[accepted] The planning boundary was identified on page 3, showing a large area of Foulsham Airfield. Two candidates were proposed based on the airfield and nearby Barnard",
  "agent_stats": {
    "position_calls": 1,
    "pdf_info": {
      "site_address": "Foulsham Airfield, Foulsham",
      "postcodes": [],
      "grid_refs": [],
      "scale": "1:2500",
      "map_pages": [
        3
      ],
      "map_page_details": [
        {
          "page": 1,
          "category": "discard",
          "area_group": -1,
          "boundary_clarity": "none",
          "detail_level": "wide",