{
  "sl_no": 184,
  "match_info": {
    "center": "live_locate:postcode:NW1 8PB",
    "zoom": 19,
    "rotation": 0,
    "n_inliers": 69,
    "score": 26.01,
    "scale_factor": 0.342,
    "avg_scale": 1.0921,
    "window": [
      1445,
      1156
    ],
    "center_latlon": [
      51.54503167996344,
      -0.1419062837514673
    ],
    "anchor_latlon": [
      51.544346,
      -0.141726
    ],
    "_inlier_pts_map": [
      [
        474.19642857142856,
        210.0
      ],
      [
        464.10714285714283,
        220.0
      ],
      [
        474.19642857142856,
        220.0
      ],
      [
        484.2857142857142,
        220.0
      ],
      [
        494.37499999999994,
        220.0
      ],
      [
        504.46428571428567,
        220.0
      ],
      [
        514.5535714285714,
        220.0
      ],
      [
        443.9285714285714,
        230.0
      ],
      [
        454.0178571428571,
        230.0
      ],
      [
        464.10714285714283,
        230.0
      ],
      [
        474.19642857142856,
        230.0
      ],
      [
        484.2857142857142,
        230.0
      ],
      [
        504.46428571428567,
        230.0
      ],
      [
        454.0178571428571,
        240.0
      ],
      [
        464.10714285714283,
        240.0
      ],
      [
        474.19642857142856,
        240.0
      ],
      [
        484.2857142857142,
        240.0
      ],
      [
        504.46428571428567,
        240.0
      ],
      [
        272.4107142857143,
        250.0
      ],
      [
        332.94642857142856,
        250.0
      ],
      [
        343.0357142857143,
        250.0
      ],
      [
        474.19642857142856,
        250.0
      ],
      [
        262.32142857142856,
        260.0
      ],
      [
        272.4107142857143,
        260.0
      ],
      [
        282.5,
        260.0
      ],
      [
        292.58928571428567,
        260.0
      ],
      [
        302.6785714285714,
        260.0
      ],
      [
        322.85714285714283,
        260.0
      ],
      [
        332.94642857142856,
        260.0
      ],
      [
        343.0357142857143,
        260.0
      ],
      [
        474.19642857142856,
        260.0
      ],
      [
        272.4107142857143,
        270.0
      ],
      [
        282.5,
        270.0
      ],
      [
        292.58928571428567,
        270.0
      ],
      [
        332.94642857142856,
        270.0
      ],
      [
        343.0357142857143,
        270.0
      ],
      [
        353.125,
        270.0
      ],
      [
        161.42857142857142,
        350.0
      ],
      [
        161.42857142857142,
        360.0
      ],
      [
        332.94642857142856,
        360.0
      ],
      [
        343.0357142857143,
        360.0
      ],
      [
        332.94642857142856,
        370.0
      ],
      [
        343.0357142857143,
        370.0
      ],
      [
        353.125,
        370.0
      ],
      [
        332.94642857142856,
        380.0
      ],
      [
        343.0357142857143,
        380.0
      ],
      [
        353.125,
        380.0
      ],
      [
        353.125,
        450.0
      ],
      [
        353.125,
        460.0
      ],
      [
        363.21428571428567,
        460.0
      ],
      [
        322.85714285714283,
        470.0
      ],
      [
        343.0357142857143,
        470.0
      ],
      [
        353.125,
        470.0
      ],
      [
        363.21428571428567,
        470.0
      ],
      [
        302.6785714285714,
        480.0
      ],
      [
        312.7678571428571,
        480.0
      ],
      [
        343.0357142857143,
        480.0
      ],
      [
        353.125,
        480.0
      ],
      [
        363.21428571428567,
        480.0
      ],
      [
        262.32142857142856,
        490.0
      ],
      [
        302.6785714285714,
        490.0
      ],
      [
        312.7678571428571,
        490.0
      ],
      [
        332.94642857142856,
        510.0
      ],
      [
        171.51785714285714,
        530.0
      ],
      [
        181.60714285714283,
        530.0
      ],
      [
        211.87499999999997,
        530.0
      ],
      [
        221.9642857142857,
        530.0
      ],
      [
        211.87499999999997,
        540.0
      ],
      [
        211.87499999999997,
        550.0
      ]
    ],
    "_rot_map_shape": [
      800,
      565
    ]
  },
  "processing_time": 83.4781539440155,
  "agent_accepted": true,
  "agent_reason": "[accepted] The site is 147 Kentish Town Road (The Castle PH). I identified the site plan on page 2. The first match attempt using the grid reference/road centroid gave 60 ",
  "agent_stats": {
    "position_calls": 1,
    "pdf_info": {
      "site_address": "147 Kentish Town Road, (Former Castle PH), London, NW1 8PB",
      "postcodes": [
        "NW1 8PB"
      ],
      "grid_refs": [
        "528942 E 184544 N"
      ],
      "scale": "1:500",
      "map_pages": [
        2
      ],
      "map_page_details": [
        {
          "page": 1,
          "category": "discard",
          "area_group": -1,
          "boundary_clarity": "none",
          "detail_level": "wide",
          "caption": "Article 4 Direction text for 147 Kentish Town Road, Camden."
        },
        {
          "page": 2,
          "category": "match",
          "area_group": 0,
          "boundary_clarity": "clear",
          "detail_level": "close",
          "caption": "Site plan at 1:500 showing red boundary around 147 Kentish Town Road (Castle PH)."
        }
      ],
      "road_names": [
        "Kentish Town Road",
        "Castle Place"
      ],
      "place_names": [],
      "is_district_wide": false,
      "district_name": null,
      "house_number_road_pairs": [
        "147 Kentish Town Road"
      ],
      "parish_names": [],
      "admin_region": null,
      "likely_town_or_city": "London",
      "visible_map_labels": [
        "Kentish Town Road",
        "Castle Place",
        "Castle (PH)",
        "The Castle (site of)",
        "147",
        "141 to 145",
        "139",
        "137",
        "133",
        "131",
        "149",
        "159",
        "122 120",
        "244",
        "349",
        "116"
      ],
      "adjacency_hints": []
    },
    "outcome_status": "accepted",
    "outcome_reasoning": "The site is 147 Kentish Town Road (The Castle PH). I identified the site plan on page 2. The first match attempt using the grid reference/road centroid gave 60 inliers but poor scale consistency. The second attempt using the specific postcode NW1 8PB yielded 69 inliers and good scale consistency (0.84), which is a solid match for this urban location. I have committed this match.",
    "rotation_checked": false,
    "tool_calls": {
      "submit_pdf_info": 1,
      "propose_centers": 2,
      "match_at": 2,
      "commit_match": 1,
      "final_result": 1
    },
    "total_tool_calls": 7,
    "n_turns": 15,
    "validator_retries": 0,
    "worker_request_tokens": 65511,
    "worker_response_tokens": 746,
    "request_tokens": 65511,
    "response_tokens": 746,
    "total_tokens": 66257
  },
  "valid_ground_truth": true,
  "valid_prediction": true,
  "validation_error": null,
  "iou": 0.7851398372501139,
  "precision": 0.8538860511051651,
  "recall": 0.9069949130170829,
  "f1_score": 0.8796395899874837,
  "positioning_error_m": 1.8746595547944398
}