{
  "sl_no": 3,
  "match_info": {
    "center": "live_locate:place:Langdon Primary School",
    "zoom": 17,
    "rotation": 0,
    "n_inliers": 46,
    "score": 20.4,
    "scale_factor": 0.424,
    "avg_scale": 0.9987,
    "window": [
      1071,
      357
    ],
    "center_latlon": [
      51.17121222345184,
      1.3422099118101016
    ],
    "anchor_latlon": [
      51.1687289713012,
      1.33704455050469
    ],
    "_inlier_pts_map": [
      [
        574.1785714285714,
        284.33750000000003
      ],
      [
        586.6607142857143,
        284.33750000000003
      ],
      [
        574.1785714285714,
        296.70000000000005
      ],
      [
        586.6607142857143,
        296.70000000000005
      ],
      [
        561.6964285714286,
        309.0625
      ],
      [
        574.1785714285714,
        309.0625
      ],
      [
        586.6607142857143,
        309.0625
      ],
      [
        561.6964285714286,
        321.425
      ],
      [
        574.1785714285714,
        321.425
      ],
      [
        586.6607142857143,
        321.425
      ],
      [
        561.6964285714286,
        333.7875
      ],
      [
        574.1785714285714,
        333.7875
      ],
      [
        561.6964285714286,
        346.15000000000003
      ],
      [
        574.1785714285714,
        346.15000000000003
      ],
      [
        586.6607142857143,
        346.15000000000003
      ],
      [
        561.6964285714286,
        358.51250000000005
      ],
      [
        574.1785714285714,
        358.51250000000005
      ],
      [
        586.6607142857143,
        358.51250000000005
      ],
      [
        561.6964285714286,
        370.875
      ],
      [
        574.1785714285714,
        370.875
      ],
      [
        561.6964285714286,
        383.2375
      ],
      [
        574.1785714285714,
        383.2375
      ],
      [
        586.6607142857143,
        383.2375
      ],
      [
        611.625,
        420.32500000000005
      ],
      [
        586.6607142857143,
        432.6875
      ],
      [
        37.44642857142857,
        531.5875
      ],
      [
        486.80357142857144,
        704.6625
      ],
      [
        511.76785714285717,
        704.6625
      ],
      [
        524.25,
        704.6625
      ],
      [
        511.76785714285717,
        717.0250000000001
      ],
      [
        524.25,
        717.0250000000001
      ],
      [
        511.76785714285717,
        729.3875
      ],
      [
        212.19642857142858,
        815.9250000000001
      ],
      [
        224.67857142857144,
        815.9250000000001
      ],
      [
        237.1607142857143,
        815.9250000000001
      ],
      [
        249.64285714285717,
        815.9250000000001
      ],
      [
        212.19642857142858,
        828.2875
      ],
      [
        224.67857142857144,
        828.2875
      ],
      [
        237.1607142857143,
        828.2875
      ],
      [
        249.64285714285717,
        828.2875
      ],
      [
        262.125,
        828.2875
      ],
      [
        212.19642857142858,
        840.6500000000001
      ],
      [
        224.67857142857144,
        840.6500000000001
      ],
      [
        249.64285714285717,
        840.6500000000001
      ],
      [
        262.125,
        840.6500000000001
      ],
      [
        262.125,
        853.0125
      ]
    ],
    "_rot_map_shape": [
      989,
      699
    ]
  },
  "processing_time": 188.09158086776733,
  "agent_accepted": true,
  "agent_reason": "[accepted] The site is a large area between the villages of East Langdon, Martin, and Martin Mill. I tested two locations: one near East Langdon Primary School (Candidate ",
  "agent_stats": {
    "position_calls": 1,
    "pdf_info": {
      "site_address": "Land in the Parish of Langdon, between Martin, Martin Mill and East Langdon",
      "postcodes": [],
      "grid_refs": [
        "TR 3346"
      ],
      "scale": "1:2500",
      "map_pages": [
        7
      ],
      "map_page_details": [
        {
          "page": 6,
          "category": "discard",
          "area_group": -1,
          "boundary_clarity": "none",
          "detail_level": "medium",
          "caption": "Title block and legend for Article 4 Direction map, showing scale and OS sheet reference."
        },
        {
          "page": 7,
          "category": "match",
          "area_group": 0,
          "boundary_clarity": "clear",
          "detail_level": "close",
          "caption": "Detailed site plan showing stippled boundary of land between Martin, Martin Mill and East Langdon."
        }
      ],
      "road_names": [],
      "place_names": [
        "Martin",
        "Martin Mill",
        "East Langdon",
        "The Grange",
        "East Langdon County Primary School"
      ],
      "is_district_wide": false,
      "district_name": "Dover District, Kent, UK",
      "house_number_road_pairs": [],
      "parish_names": [
        "Langdon"
      ],
      "admin_region": "Dover",
      "likely_town_or_city": "East Langdon",
      "visible_map_labels": [
        "The Grange",
        "East Langdon County Primary School",
        "Stone"
      ],
      "adjacency_hints": [
        "villages of Martin, Martin Mill and East Langdon"
      ]
    },
    "reader_request_tokens": 7672,
    "reader_response_tokens": 333,
    "outcome_status": "accepted",
    "outcome_reasoning": "The site is a large area between the villages of East Langdon, Martin, and Martin Mill. I tested two locations: one near East Langdon Primary School (Candidate 0) and one near Martin Mill (Candidate 1). Candidate 0 yielded 46 inliers with near-perfect scale consistency (0.997), whereas Candidate 1 yielded only 27 inliers with marginal scale consistency. Although 46 inliers is in the 'OK' range, the high scale consistency and the rural nature of the site (sparse road names) make it the most reliable match. I have committed Candidate 0.",
    "rotation_checked": false,
    "tool_calls": {
      "propose_centers": 2,
      "match_at": 2,
      "commit_match": 1,
      "final_result": 1
    },
    "total_tool_calls": 6,
    "n_turns": 13,
    "validator_retries": 0,
    "worker_request_tokens": 31628,
    "worker_response_tokens": 455,
    "request_tokens": 39300,
    "response_tokens": 788,
    "total_tokens": 40088,
    "critic": {
      "n_rejections": 0,
      "iterations": [
        {
          "iter_idx": 0,
          "action": "approve",
          "chosen_candidate_id": 0,
          "reasoning": "Candidate 0 shows a strong visual match between the field boundaries on the planning map and the OS tile. The red polygon correctly aligns with the parcel of land situated between the diagonal road to the southeast and the building clusters to the northeast and southwest. The scale_consistency of 1.00 and higher n_inliers (46) further support this alignment.",
          "wall_s": 3.1,
          "llm_error": null
        }
      ],
      "tokens": {
        "request": 4084,
        "response": 104
      }
    }
  },
  "valid_ground_truth": true,
  "valid_prediction": true,
  "validation_error": null,
  "iou": 0.8842023224463272,
  "precision": 0.9214818144080158,
  "recall": 0.956247595907266,
  "f1_score": 0.9385428644396403,
  "positioning_error_m": 3.5810491261134176,
  "worker_first_iou": 0.8842023224463272,
  "worker_first_metrics": {
    "valid_ground_truth": true,
    "valid_prediction": true,
    "validation_error": null,
    "iou": 0.8842023224463272,
    "precision": 0.9214818144080158,
    "recall": 0.956247595907266,
    "f1_score": 0.9385428644396403,
    "positioning_error_m": 3.5810491261134176
  }
}