{
  "sl_no": 6,
  "match_info": {
    "center": "live_locate:place:Nelson Park Road",
    "zoom": 15,
    "rotation": 0,
    "n_inliers": 131,
    "score": 53.85,
    "scale_factor": 0.448,
    "avg_scale": 1.2881,
    "window": [
      684,
      456
    ],
    "center_latlon": [
      51.15989830163089,
      1.377768795181737
    ],
    "anchor_latlon": [
      51.1639086569219,
      1.36867125803403
    ],
    "_inlier_pts_map": [
      [
        279.0,
        275.3625
      ],
      [
        305.5714285714286,
        275.3625
      ],
      [
        252.42857142857144,
        288.475
      ],
      [
        265.7142857142857,
        288.475
      ],
      [
        279.0,
        288.475
      ],
      [
        292.2857142857143,
        288.475
      ],
      [
        305.5714285714286,
        288.475
      ],
      [
        318.8571428571429,
        288.475
      ],
      [
        119.57142857142858,
        301.58750000000003
      ],
      [
        239.14285714285717,
        301.58750000000003
      ],
      [
        252.42857142857144,
        301.58750000000003
      ],
      [
        265.7142857142857,
        301.58750000000003
      ],
      [
        279.0,
        301.58750000000003
      ],
      [
        292.2857142857143,
        301.58750000000003
      ],
      [
        305.5714285714286,
        301.58750000000003
      ],
      [
        265.7142857142857,
        314.70000000000005
      ],
      [
        279.0,
        314.70000000000005
      ],
      [
        292.2857142857143,
        314.70000000000005
      ],
      [
        305.5714285714286,
        314.70000000000005
      ],
      [
        318.8571428571429,
        314.70000000000005
      ],
      [
        332.14285714285717,
        314.70000000000005
      ],
      [
        345.42857142857144,
        314.70000000000005
      ],
      [
        239.14285714285717,
        327.8125
      ],
      [
        252.42857142857144,
        327.8125
      ],
      [
        265.7142857142857,
        327.8125
      ],
      [
        279.0,
        327.8125
      ],
      [
        292.2857142857143,
        327.8125
      ],
      [
        305.5714285714286,
        327.8125
      ],
      [
        318.8571428571429,
        327.8125
      ],
      [
        332.14285714285717,
        327.8125
      ],
      [
        345.42857142857144,
        327.8125
      ],
      [
        252.42857142857144,
        340.925
      ],
      [
        279.0,
        340.925
      ],
      [
        292.2857142857143,
        340.925
      ],
      [
        305.5714285714286,
        340.925
      ],
      [
        318.8571428571429,
        340.925
      ],
      [
        332.14285714285717,
        340.925
      ],
      [
        345.42857142857144,
        340.925
      ],
      [
        239.14285714285717,
        354.0375
      ],
      [
        265.7142857142857,
        354.0375
      ],
      [
        279.0,
        354.0375
      ],
      [
        292.2857142857143,
        354.0375
      ],
      [
        318.8571428571429,
        354.0375
      ],
      [
        332.14285714285717,
        354.0375
      ],
      [
        225.85714285714286,
        367.15000000000003
      ],
      [
        279.0,
        367.15000000000003
      ],
      [
        225.85714285714286,
        380.26250000000005
      ],
      [
        239.14285714285717,
        380.26250000000005
      ],
      [
        279.0,
        380.26250000000005
      ],
      [
        451.7142857142857,
        380.26250000000005
      ],
      [
        239.14285714285717,
        393.375
      ],
      [
        292.2857142857143,
        406.4875
      ],
      [
        305.5714285714286,
        406.4875
      ],
      [
        372.0,
        419.6
      ],
      [
        411.8571428571429,
        419.6
      ],
      [
        398.5714285714286,
        432.71250000000003
      ],
      [
        411.8571428571429,
        432.71250000000003
      ],
      [
        425.14285714285717,
        458.9375
      ],
      [
        425.14285714285717,
        472.05
      ],
      [
        438.42857142857144,
        472.05
      ],
      [
        451.7142857142857,
        472.05
      ],
      [
        132.85714285714286,
        485.1625
      ],
      [
        146.14285714285714,
        485.1625
      ],
      [
        571.2857142857143,
        524.5
      ],
      [
        172.71428571428572,
        563.8375
      ],
      [
        186.0,
        563.8375
      ],
      [
        199.2857142857143,
        563.8375
      ],
      [
        172.71428571428572,
        576.95
      ],
      [
        186.0,
        576.95
      ],
      [
        199.2857142857143,
        576.95
      ],
      [
        212.57142857142858,
        576.95
      ],
      [
        225.85714285714286,
        576.95
      ],
      [
        239.14285714285717,
        576.95
      ],
      [
        332.14285714285717,
        576.95
      ],
      [
        358.7142857142857,
        576.95
      ],
      [
        186.0,
        590.0625
      ],
      [
        199.2857142857143,
        590.0625
      ],
      [
        212.57142857142858,
        590.0625
      ],
      [
        225.85714285714286,
        590.0625
      ],
      [
        318.8571428571429,
        590.0625
      ],
      [
        186.0,
        603.1750000000001
      ],
      [
        199.2857142857143,
        603.1750000000001
      ],
      [
        212.57142857142858,
        603.1750000000001
      ],
      [
        252.42857142857144,
        603.1750000000001
      ],
      [
        318.8571428571429,
        603.1750000000001
      ],
      [
        332.14285714285717,
        603.1750000000001
      ],
      [
        358.7142857142857,
        603.1750000000001
      ],
      [
        531.4285714285714,
        603.1750000000001
      ],
      [
        544.7142857142858,
        603.1750000000001
      ],
      [
        199.2857142857143,
        616.2875
      ],
      [
        212.57142857142858,
        616.2875
      ],
      [
        305.5714285714286,
        616.2875
      ],
      [
        318.8571428571429,
        616.2875
      ],
      [
        332.14285714285717,
        616.2875
      ],
      [
        531.4285714285714,
        616.2875
      ],
      [
        199.2857142857143,
        629.4000000000001
      ],
      [
        212.57142857142858,
        629.4000000000001
      ],
      [
        265.7142857142857,
        629.4000000000001
      ],
      [
        279.0,
        629.4000000000001
      ],
      [
        292.2857142857143,
        629.4000000000001
      ],
      [
        305.5714285714286,
        629.4000000000001
      ],
      [
        318.8571428571429,
        629.4000000000001
      ],
      [
        199.2857142857143,
        642.5125
      ],
      [
        292.2857142857143,
        642.5125
      ],
      [
        186.0,
        655.625
      ],
      [
        199.2857142857143,
        655.625
      ],
      [
        292.2857142857143,
        655.625
      ],
      [
        305.5714285714286,
        655.625
      ],
      [
        478.28571428571433,
        655.625
      ],
      [
        504.8571428571429,
        655.625
      ],
      [
        518.1428571428572,
        655.625
      ],
      [
        186.0,
        668.7375000000001
      ],
      [
        239.14285714285717,
        668.7375000000001
      ],
      [
        279.0,
        668.7375000000001
      ],
      [
        292.2857142857143,
        668.7375000000001
      ],
      [
        318.8571428571429,
        668.7375000000001
      ],
      [
        504.8571428571429,
        668.7375000000001
      ],
      [
        518.1428571428572,
        668.7375000000001
      ],
      [
        199.2857142857143,
        681.85
      ],
      [
        225.85714285714286,
        681.85
      ],
      [
        239.14285714285717,
