{
  "sl_no": 25,
  "match_info": {
    "center": "live_locate:place:Hempnall Green (offset)",
    "zoom": 18,
    "rotation": 0,
    "n_inliers": 76,
    "score": 32.36,
    "scale_factor": 0.873,
    "avg_scale": 0.9878,
    "window": [
      1295,
      1554
    ],
    "center_latlon": [
      52.48601106990207,
      1.3087851522202243
    ],
    "anchor_latlon": [
      52.4875,
      1.308
    ],
    "_inlier_pts_map": [
      [
        618.8571428571429,
        76.5375
      ],
      [
        644.6428571428571,
        102.05
      ],
      [
        618.8571428571429,
        127.5625
      ],
      [
        644.6428571428571,
        127.5625
      ],
      [
        670.4285714285714,
        127.5625
      ],
      [
        567.2857142857142,
        153.075
      ],
      [
        593.0714285714286,
        153.075
      ],
      [
        618.8571428571429,
        153.075
      ],
      [
        644.6428571428571,
        153.075
      ],
      [
        670.4285714285714,
        153.075
      ],
      [
        618.8571428571429,
        178.5875
      ],
      [
        644.6428571428571,
        178.5875
      ],
      [
        644.6428571428571,
        280.6375
      ],
      [
        670.4285714285714,
        280.6375
      ],
      [
        618.8571428571429,
        306.15
      ],
      [
        670.4285714285714,
        306.15
      ],
      [
        696.2142857142857,
        306.15
      ],
      [
        670.4285714285714,
        331.66249999999997
      ],
      [
        696.2142857142857,
        331.66249999999997
      ],
      [
        670.4285714285714,
        357.175
      ],
      [
        696.2142857142857,
        357.175
      ],
      [
        696.2142857142857,
        382.6875
      ],
      [
        722.0,
        382.6875
      ],
      [
        747.7857142857142,
        408.2
      ],
      [
        361.0,
        790.8874999999999
      ],
      [
        386.7857142857143,
        790.8874999999999
      ],
      [
        412.57142857142856,
        790.8874999999999
      ],
      [
        361.0,
        816.4
      ],
      [
        361.0,
        841.9125
      ],
      [
        386.7857142857143,
        841.9125
      ],
      [
        412.57142857142856,
        841.9125
      ],
      [
        386.7857142857143,
        867.425
      ],
      [
        670.4285714285714,
        1352.1625
      ],
      [
        670.4285714285714,
        1377.675
      ],
      [
        51.57142857142857,
        1632.8
      ],
      [
        77.35714285714286,
        1632.8
      ],
      [
        103.14285714285714,
        1632.8
      ],
      [
        103.14285714285714,
        1658.3125
      ],
      [
        128.92857142857142,
        1658.3125
      ],
      [
        103.14285714285714,
        1683.825
      ],
      [
        128.92857142857142,
        1734.85
      ],
      [
        180.5,
        1734.85
      ],
      [
        128.92857142857142,
        1760.3625
      ],
      [
        154.71428571428572,
        1760.3625
      ],
      [
        180.5,
        1760.3625
      ],
      [
        128.92857142857142,
        1785.875
      ],
      [
        154.71428571428572,
        1785.875
      ],
      [
        180.5,
        1785.875
      ],
      [
        206.28571428571428,
        1785.875
      ],
      [
        103.14285714285714,
        1811.3875
      ],
      [
        128.92857142857142,
        1811.3875
      ],
      [
        154.71428571428572,
        1811.3875
      ],
      [
        180.5,
        1811.3875
      ],
      [
        206.28571428571428,
        1811.3875
      ],
      [
        51.57142857142857,
        1836.8999999999999
      ],
      [
        77.35714285714286,
        1836.8999999999999
      ],
      [
        103.14285714285714,
        1836.8999999999999
      ],
      [
        128.92857142857142,
        1836.8999999999999
      ],
      [
        154.71428571428572,
        1836.8999999999999
      ],
      [
        180.5,
        1836.8999999999999
      ],
      [
        206.28571428571428,
        1836.8999999999999
      ],
      [
        51.57142857142857,
        1862.4125
      ],
      [
        103.14285714285714,
        1862.4125
      ],
      [
        128.92857142857142,
        1862.4125
      ],
      [
        154.71428571428572,
        1862.4125
      ],
      [
        180.5,
        1862.4125
      ],
      [
        51.57142857142857,
        1887.925
      ],
      [
        128.92857142857142,
        1887.925
      ],
      [
        180.5,
        1887.925
      ],
      [
        206.28571428571428,
        1887.925
      ],
      [
        283.6428571428571,
        1913.4375
      ],
      [
        309.42857142857144,
        1913.4375
      ],
      [
        283.6428571428571,
        1938.95
      ],
      [
        283.6428571428571,
        1964.4624999999999
      ],
      [
        309.42857142857144,
        1964.4624999999999
      ],
      [
        335.2142857142857,
        1964.4624999999999
      ]
    ],
    "_rot_map_shape": [
      2041,
      1444
    ]
  },
  "processing_time": 214.91288805007935,
  "agent_accepted": true,
  "agent_reason": "[accepted] The site consists of two OS parcels (670 and 726) located at Turkey Row in the parish of Hempnall. I identified the primary map on page 3. Using the locate sub-",
  "agent_stats": {
    "position_calls": 1,
    "pdf_info": {
      "site_address": "O.S. parcels 670 and 726 in the parish of Hempnall, South Norfolk",
      "postcodes": [],
      "grid_refs": [],
      "scale": null,
      "map_pages": [
        3
      ],
      "map_page_details": [
        {
          "page": 1,
          "category": "discard",
          "area_group": -1,
          "boundary_clarity": "none",
          "detail_level": "wide",
          "caption": "Article 4 Direction text mentioning O.S. parcels 670 and 726 in the parish of Hempnall."
        },
        {
          "page": 2,
          "category": "discard",
          "area_group": -1,
          "boundary_clarity": "none",
          "detail_level": "wide",
          "caption": "Secretary of State approval page."
        },
        {
          "page": 3,
          "category": "match",
          "area_group": 0,
          "boundary_clarity": "clear",
          "detail_level": "close",
          "caption": "Site plan showing O.S. parcels 670 and 726 edged red near Turkey Row and Grove Farm."
        }
      ],
      "road_names": [],
      "place_names": [
        "Turkey Row",
        "Grove Farm",
        "The Grange",
        "Windmill (Corn)"
      ],
      "is_district_wide": false,
      "district_name": null,
      "house_number_road_pairs": [],
      "parish_names": [
        "Hempnall"
      ],
      "admin_region": null,
      "likely_town_or_city": "Hempnall",
      "visible_map_labels": [
        "Turkey Row",
        "Grove Farm",
        "The Grange",
        "Windmill (Corn)",
        "F.P."
      ],
      "adjacency_hints": []
    },
    "outcome_status": "accepted",
    "outcome_reasoning": "The site consists of two OS parcels (670 and 726) located at Turkey Row in the parish of Hempnall. I identified the primary map on page 3. Using the locate sub-agent, I targeted the Hempnall Green area. The first attempt yielded 58 inliers, and a refined second attempt at Turkey Row yielded 76 inliers with excellent scale consistency (0.98). The resulting projection correctly captures the two distinct parcels shown on the site plan.",
    "rotation_checked": false,
    "tool_calls": {
      "submit_pdf_info": 1,
      "propose_centers": 2,
      "match_at": 2,
      "commit_match": 1,
      "final_result": 1
    },
    "total_tool_calls": 7,
    "n_turns": 15,
    "validator_retries": 0,
    "worker_request_tokens": 61016,
    "worker_response_tokens": 719,
    "request_tokens": 61016,
    "response_tokens": 719,
    "total_tokens": 61735
  },