{
  "sl_no": 202,
  "match_info": {
    "center": "live_locate:place:Dunstable Road",
    "zoom": 18,
    "rotation": 0,
    "n_inliers": 72,
    "score": 28.54,
    "scale_factor": 0.688,
    "avg_scale": 0.9826,
    "window": [
      1989,
      1989
    ],
    "center_latlon": [
      51.80709398828226,
      -0.39893211642564097
    ],
    "anchor_latlon": [
      51.8107464527646,
      -0.404701487582276
    ],
    "_inlier_pts_map": [
      [
        243.21428571428572,
        180.3375
      ],
      [
        243.21428571428572,
        200.375
      ],
      [
        263.48214285714283,
        200.375
      ],
      [
        283.75,
        200.375
      ],
      [
        202.67857142857142,
        220.41250000000002
      ],
      [
        222.94642857142856,
        220.41250000000002
      ],
      [
        243.21428571428572,
        220.41250000000002
      ],
      [
        263.48214285714283,
        220.41250000000002
      ],
      [
        202.67857142857142,
        240.45000000000002
      ],
      [
        222.94642857142856,
        240.45000000000002
      ],
      [
        243.21428571428572,
        240.45000000000002
      ],
      [
        202.67857142857142,
        260.4875
      ],
      [
        222.94642857142856,
        260.4875
      ],
      [
        486.42857142857144,
        260.4875
      ],
      [
        466.1607142857143,
        280.52500000000003
      ],
      [
        486.42857142857144,
        280.52500000000003
      ],
      [
        506.69642857142856,
        280.52500000000003
      ],
      [
        526.9642857142857,
        280.52500000000003
      ],
      [
        547.2321428571429,
        280.52500000000003
      ],
      [
        567.5,
        280.52500000000003
      ],
      [
        506.69642857142856,
        300.5625
      ],
      [
        526.9642857142857,
        300.5625
      ],
      [
        547.2321428571429,
        300.5625
      ],
      [
        567.5,
        300.5625
      ],
      [
        587.7678571428571,
        300.5625
      ],
      [
        526.9642857142857,
        320.6
      ],
      [
        547.2321428571429,
        320.6
      ],
      [
        567.5,
        340.63750000000005
      ],
      [
        486.42857142857144,
        460.8625
      ],
      [
        526.9642857142857,
        460.8625
      ],
      [
        466.1607142857143,
        480.90000000000003
      ],
      [
        486.42857142857144,
        480.90000000000003
      ],
      [
        466.1607142857143,
        500.93750000000006
      ],
      [
        445.8928571428571,
        541.0125
      ],
      [
        445.8928571428571,
        561.0500000000001
      ],
      [
        344.55357142857144,
        601.125
      ],
      [
        141.875,
        781.4625000000001
      ],
      [
        162.14285714285714,
        781.4625000000001
      ],
      [
        182.41071428571428,
        781.4625000000001
      ],
      [
        202.67857142857142,
        781.4625000000001
      ],
      [
        222.94642857142856,
        781.4625000000001
      ],
      [
        141.875,
        801.5
      ],
      [
        162.14285714285714,
        801.5
      ],
      [
        182.41071428571428,
        801.5
      ],
      [
        202.67857142857142,
        801.5
      ],
      [
        222.94642857142856,
        801.5
      ],
      [
        243.21428571428572,
        801.5
      ],
      [
        141.875,
        821.5375
      ],
      [
        162.14285714285714,
        821.5375
      ],
      [
        182.41071428571428,
        821.5375
      ],
      [
        202.67857142857142,
        821.5375
      ],
      [
        222.94642857142856,
        821.5375
      ],
      [
        243.21428571428572,
        821.5375
      ],
      [
        263.48214285714283,
        821.5375
      ],
      [
        141.875,
        841.575
      ],
      [
        162.14285714285714,
        841.575
      ],
      [
        182.41071428571428,
        841.575
      ],
      [
        202.67857142857142,
        841.575
      ],
      [
        222.94642857142856,
        841.575
      ],
      [
        243.21428571428572,
        841.575
      ],
      [
        121.60714285714286,
        861.6125000000001
      ],
      [
        141.875,
        861.6125000000001
      ],
      [
        162.14285714285714,
        861.6125000000001
      ],
      [
        202.67857142857142,
        861.6125000000001
      ],
      [
        222.94642857142856,
        861.6125000000001
      ],
      [
        243.21428571428572,
        861.6125000000001
      ],
      [
        202.67857142857142,
        881.6500000000001
      ],
      [
        182.41071428571428,
        901.6875000000001
      ],
      [
        243.21428571428572,
        941.7625
      ],
      [
        263.48214285714283,
        941.7625
      ],
      [
        283.75,
        941.7625
      ],
      [
        263.48214285714283,
        961.8000000000001
      ]
    ],
    "_rot_map_shape": [
      1603,
      1135
    ]
  },
  "processing_time": 155.14010405540466,
  "agent_accepted": true,
  "agent_reason": "[accepted] The planning boundary for Bylands Meadow, Redbourn was identified on page 2. Two positioning attempts were made. The first attempt (candidate 0) using 'Dunstabl",
  "agent_stats": {
    "position_calls": 1,
    "pdf_info": {
      "site_address": "Bylands Meadow at the rear of Bylands House, Dunstable Road, Redbourn",
      "postcodes": [],
      "grid_refs": [],
      "scale": "1:2000",
      "map_pages": [
        2
      ],
      "map_page_details": [
        {
          "page": 1,
          "category": "discard",
          "area_group": -1,
          "boundary_clarity": "none",
          "detail_level": "wide",
          "caption": "Article 4 Direction text document for St Albans City and District Council."
        },
        {
          "page": 2,
          "category": "match",
          "area_group": 0,
          "boundary_clarity": "clear",
          "detail_level": "close",
          "caption": "Site plan at 1:2000 showing hatched blue boundary at Bylands Meadow, Redbourn."
        }
      ],
      "road_names": [
        "Dunstable Road"
      ],
      "place_names": [
        "Bylands Meadow",
        "Bylands House",
        "Redbourn",
        "St Albans"
      ],
      "is_district_wide": false,
      "district_name": null,
      "house_number_road_pairs": [],
      "parish_names": [],
      "admin_region": null,
      "likely_town_or_city": "Redbourn",
      "visible_map_labels": [
        "Bylands House",
        "Dunstable Road",
        "Pump House (disused)",
        "Sub Sta"
      ],
      "adjacency_hints": []
    },
    "outcome_status": "accepted",
    "outcome_reasoning": "The planning boundary for Bylands Meadow, Redbourn was identified on page 2. Two positioning attempts were made. The first attempt (candidate 0) using 'Dunstable Road' yielded 72 inliers with excellent scale consistency (0.96) and perfect road name agreement. A second attempt (candidate 1) using postcode AL3 7PR yielded 65 inliers. Candidate 0 was selected as the best match and committed. The resulting polygon accurately represents the site boundary at the rear of Bylands House.",
    "rotation_checked": false,
    "tool_calls": {
      "submit_pdf_info": 1,
      "propose_centers": 2,
      "match_at": 2,
      "commit_match": 1,
      "final_result": 1
    },
    "total_tool_calls": 7,
    "n_turns": 15,
    "validator_retries": 0,
    "worker_request_tokens": 59786,
    "worker_response_tokens": 685,
    "request_tokens": 59786,
    "response_tokens": 685,
    "total_tokens": 60471
  },
  "valid_ground_truth": true,
  "valid_prediction": true,
  "validation_error": null,
  "iou": 0.8674387989762055,
  "precision": 0.9571717754063113,
  "recall": 0.9024663730045286,
  "f1_score": 0.9290144335137621,
  "positioning_error_m": 6.2176322384223495
}