{
  "sl_no": 79,
  "match_info": {
    "center": "live_locate:postcode:CT15 6EQ",
    "zoom": 18,
    "rotation": 0,
    "n_inliers": 90,
    "score": 42.26,
    "scale_factor": 0.424,
    "avg_scale": 0.9988,
    "window": [
      1197,
      855
    ],
    "center_latlon": [
      51.14855814175431,
      1.3804009154970913
    ],
    "anchor_latlon": [
      51.1488330070125,
      1.37831314927168
    ],
    "_inlier_pts_map": [
      [
        87.5,
        37.125
      ],
      [
        75.0,
        49.5
      ],
      [
        87.5,
        49.5
      ],
      [
        100.0,
        49.5
      ],
      [
        575.0,
        49.5
      ],
      [
        587.5,
        49.5
      ],
      [
        75.0,
        61.875
      ],
      [
        87.5,
        61.875
      ],
      [
        100.0,
        61.875
      ],
      [
        575.0,
        61.875
      ],
      [
        587.5,
        61.875
      ],
      [
        75.0,
        74.25
      ],
      [
        87.5,
        74.25
      ],
      [
        100.0,
        74.25
      ],
      [
        112.5,
        74.25
      ],
      [
        575.0,
        74.25
      ],
      [
        587.5,
        74.25
      ],
      [
        62.5,
        86.625
      ],
      [
        75.0,
        86.625
      ],
      [
        87.5,
        86.625
      ],
      [
        100.0,
        86.625
      ],
      [
        575.0,
        86.625
      ],
      [
        187.5,
        123.75
      ],
      [
        175.0,
        136.125
      ],
      [
        187.5,
        136.125
      ],
      [
        200.0,
        136.125
      ],
      [
        175.0,
        148.5
      ],
      [
        187.5,
        148.5
      ],
      [
        200.0,
        148.5
      ],
      [
        162.5,
        160.875
      ],
      [
        175.0,
        160.875
      ],
      [
        187.5,
        334.125
      ],
      [
        212.5,
        334.125
      ],
      [
        175.0,
        346.5
      ],
      [
        187.5,
        346.5
      ],
      [
        200.0,
        346.5
      ],
      [
        212.5,
        346.5
      ],
      [
        175.0,
        358.875
      ],
      [
        187.5,
        358.875
      ],
      [
        200.0,
        358.875
      ],
      [
        437.5,
        445.5
      ],
      [
        450.0,
        445.5
      ],
      [
        462.5,
        445.5
      ],
      [
        450.0,
        457.875
      ],
      [
        462.5,
        457.875
      ],
      [
        475.0,
        457.875
      ],
      [
        437.5,
        470.25
      ],
      [
        450.0,
        470.25
      ],
      [
        462.5,
        470.25
      ],
      [
        475.0,
        470.25
      ],
      [
        425.0,
        482.625
      ],
      [
        437.5,
        482.625
      ],
      [
        450.0,
        482.625
      ],
      [
        462.5,
        482.625
      ],
      [
        475.0,
        482.625
      ],
      [
        487.5,
        482.625
      ],
      [
        412.5,
        495.0
      ],
      [
        425.0,
        495.0
      ],
      [
        437.5,
        495.0
      ],
      [
        450.0,
        495.0
      ],
      [
        462.5,
        495.0
      ],
      [
        475.0,
        495.0
      ],
      [
        487.5,
        495.0
      ],
      [
        425.0,
        507.375
      ],
      [
        437.5,
        507.375
      ],
      [
        450.0,
        507.375
      ],
      [
        462.5,
        507.375
      ],
      [
        475.0,
        507.375
      ],
      [
        487.5,
        507.375
      ],
      [
        412.5,
        519.75
      ],
      [
        425.0,
        519.75
      ],
      [
        437.5,
        519.75
      ],
      [
        450.0,
        519.75
      ],
      [
        462.5,
        519.75
      ],
      [
        475.0,
        519.75
      ],
      [
        337.5,
        532.125
      ],
      [
        350.0,
        532.125
      ],
      [
        437.5,
        532.125
      ],
      [
        450.0,
        532.125
      ],
      [
        287.5,
        544.5
      ],
      [
        237.5,
        556.875
      ],
      [
        262.5,
        556.875
      ],
      [
        275.0,
        556.875
      ],
      [
        337.5,
        556.875
      ],
      [
        225.0,
        569.25
      ],
      [
        237.5,
        569.25
      ],
      [
        337.5,
        581.625
      ],
      [
        350.0,
        581.625
      ],
      [
        337.5,
        594.0
      ],
      [
        350.0,
        594.0
      ]
    ],
    "_rot_map_shape": [
      990,
      700
    ]
  },
  "processing_time": 137.24703311920166,
  "agent_accepted": true,
  "agent_reason": "[accepted] The planning boundary for 'The White House' on St Margaret's Road was identified on page 3. Two positioning attempts were made: the first using the road name (6",
  "agent_stats": {
    "position_calls": 1,
    "pdf_info": {
      "site_address": "The White House, St Margaret's Road, St Margarets Bay",
      "postcodes": [
        "CT16 3PJ",
        "CT15 6EQ"
      ],
      "grid_refs": [],
      "scale": "1:1250",
      "map_pages": [
        3
      ],
      "map_page_details": [
        {
          "page": 1,
          "category": "discard",
          "area_group": -1,
          "boundary_clarity": "none",
          "detail_level": "wide",
          "caption": "Article 4(1) Direction text for Dover District Council No 1 2007."
        },
        {
          "page": 2,
          "category": "discard",
          "area_group": -1,
          "boundary_clarity": "none",
          "detail_level": "wide",
          "caption": "Schedule II and signatures."
        },
        {
          "page": 3,
          "category": "match",
          "area_group": 0,
          "boundary_clarity": "clear",
          "detail_level": "close",
          "caption": "Site plan at 1:1250 showing red boundary around The White House, St Margaret's Road."
        }
      ],
      "road_names": [
        "St Margaret's Road",
        "Bay Hill Close"
      ],
      "place_names": [
        "The White House",
        "St Margarets at Cliffe",
        "St Margarets Bay",
        "The Studio",
        "Seven Seas Cottage",
        "The Pines",
        "The Briars",
        "Thalassa",
        "Auchneil"
      ],
      "is_district_wide": false,
      "district_name": null,
      "house_number_road_pairs": [
        "1-12 Bay Hill Close"
      ],
      "parish_names": [],
      "admin_region": null,
      "likely_town_or_city": "St Margarets Bay",
      "visible_map_labels": [
        "The White House",
        "ST MARGARET'S ROAD",
        "BAY HILL CLOSE",
        "The Studio",
        "Seven Seas Cottage",
        "The Pines",
        "Thalassa",
        "The Briars",
        "Auchneil",
        "TR3644"
      ],
      "adjacency_hints": []
    },
    "outcome_status": "accepted",
    "outcome_reasoning": "The planning boundary for 'The White House' on St Margaret's Road was identified on page 3. Two positioning attempts were made: the first using the road name (61 inliers) and the second using the postcode CT15 6EQ (90 inliers). The second attempt provided a strong match with excellent scale consistency (0.998) and perfect road name agreement (St Margaret's Road and Bay Hill Close). The resulting polygon accurately captures the site boundary as drawn on the OS-based site plan.",
    "rotation_checked": false,
    "tool_calls": {
      "submit_pdf_info": 1,
      "propose_centers": 2,
      "match_at": 2,
      "commit_match": 1,
      "final_result": 1
    },
    "total_tool_calls": 7,
    "n_turns": 15,
    "validator_retries": 0,
    "worker_request_tokens": 61397,
    "worker_response_tokens": 852,
    "request_tokens": 61397,
    "response_tokens": 852,
    "total_tokens": 62249
  },
  "valid_ground_truth": true,
  "valid_prediction": true,