{
  "sl_no": 228,
  "match_info": {
    "center": "live_locate:place:Kingston village",
    "zoom": 19,
    "rotation": 0,
    "n_inliers": 107,
    "score": 43.7,
    "scale_factor": 0.838,
    "avg_scale": 0.9987,
    "window": [
      1862,
      1064
    ],
    "center_latlon": [
      50.61695031119117,
      -2.062432898550412
    ],
    "anchor_latlon": [
      50.6160292727037,
      -2.06362291985203
    ],
    "_inlier_pts_map": [
      [
        544.1071428571429,
        930.525
      ],
      [
        568.8392857142858,
        930.525
      ],
      [
        544.1071428571429,
        955.0125
      ],
      [
        568.8392857142858,
        955.0125
      ],
      [
        593.5714285714286,
        955.0125
      ],
      [
        544.1071428571429,
        979.5
      ],
      [
        568.8392857142858,
        979.5
      ],
      [
        593.5714285714286,
        979.5
      ],
      [
        593.5714285714286,
        1003.9875000000001
      ],
      [
        568.8392857142858,
        1028.4750000000001
      ],
      [
        593.5714285714286,
        1028.4750000000001
      ],
      [
        568.8392857142858,
        1052.9625
      ],
      [
        1162.4107142857142,
        1052.9625
      ],
      [
        1187.142857142857,
        1052.9625
      ],
      [
        1211.875,
        1052.9625
      ],
      [
        544.1071428571429,
        1077.45
      ],
      [
        568.8392857142858,
        1077.45
      ],
      [
        593.5714285714286,
        1077.45
      ],
      [
        1162.4107142857142,
        1077.45
      ],
      [
        1187.142857142857,
        1077.45
      ],
      [
        1211.875,
        1077.45
      ],
      [
        395.7142857142857,
        1101.9375
      ],
      [
        1162.4107142857142,
        1101.9375
      ],
      [
        1187.142857142857,
        1101.9375
      ],
      [
        1211.875,
        1101.9375
      ],
      [
        272.05357142857144,
        1126.425
      ],
      [
        296.7857142857143,
        1126.425
      ],
      [
        568.8392857142858,
        1126.425
      ],
      [
        1187.142857142857,
        1126.425
      ],
      [
        1211.875,
        1126.425
      ],
      [
        1187.142857142857,
        1150.9125000000001
      ],
      [
        1211.875,
        1150.9125000000001
      ],
      [
        1187.142857142857,
        1175.4
      ],
      [
        840.8928571428571,
        1224.375
      ],
      [
        865.625,
        1224.375
      ],
      [
        915.0892857142858,
        1224.375
      ],
      [
        791.4285714285714,
        1248.8625
      ],
      [
        816.1607142857143,
        1248.8625
      ],
      [
        840.8928571428571,
        1248.8625
      ],
      [
        865.625,
        1248.8625
      ],
      [
        1137.6785714285716,
        1248.8625
      ],
      [
        816.1607142857143,
        1273.3500000000001
      ],
      [
        840.8928571428571,
        1273.3500000000001
      ],
      [
        865.625,
        1273.3500000000001
      ],
      [
        939.8214285714286,
        1273.3500000000001
      ],
      [
        964.5535714285714,
        1273.3500000000001
      ],
      [
        989.2857142857143,
        1273.3500000000001
      ],
      [
        1014.0178571428571,
        1273.3500000000001
      ],
      [
        1038.75,
        1273.3500000000001
      ],
      [
        1112.9464285714287,
        1273.3500000000001
      ],
      [
        1137.6785714285716,
        1273.3500000000001
      ],
      [
        1162.4107142857142,
        1273.3500000000001
      ],
      [
        1187.142857142857,
        1273.3500000000001
      ],
      [
        741.9642857142858,
        1297.8375
      ],
      [
        791.4285714285714,
        1297.8375
      ],
      [
        816.1607142857143,
        1297.8375
      ],
      [
        840.8928571428571,
        1297.8375
      ],
      [
        865.625,
        1297.8375
      ],
      [
        989.2857142857143,
        1297.8375
      ],
      [
        1137.6785714285716,
        1297.8375
      ],
      [
        1187.142857142857,
        1297.8375
      ],
      [
        1211.875,
        1297.8375
      ],
      [
        791.4285714285714,
        1322.325
      ],
      [
        816.1607142857143,
        1322.325
      ],
      [
        840.8928571428571,
        1322.325
      ],
      [
        865.625,
        1322.325
      ],
      [
        890.3571428571429,
        1322.325
      ],
      [
        370.9821428571429,
        1346.8125
      ],
      [
        445.17857142857144,
        1346.8125
      ],
      [
        469.9107142857143,
        1346.8125
      ],
      [
        791.4285714285714,
        1346.8125
      ],
      [
        816.1607142857143,
        1346.8125
      ],
      [
        840.8928571428571,
        1346.8125
      ],
      [
        865.625,
        1346.8125
      ],
      [
        915.0892857142858,
        1346.8125
      ],
      [
        939.8214285714286,
        1346.8125
      ],
      [
        445.17857142857144,
        1371.3
      ],
      [
        469.9107142857143,
        1371.3
      ],
      [
        494.64285714285717,
        1371.3
      ],
      [
        519.375,
        1371.3
      ],
      [
        791.4285714285714,
        1371.3
      ],
      [
        816.1607142857143,
        1371.3
      ],
      [
        865.625,
        1371.3
      ],
      [
        469.9107142857143,
        1395.7875000000001
      ],
      [
        519.375,
        1395.7875000000001
      ],
      [
        791.4285714285714,
        1395.7875000000001
      ],
      [
        890.3571428571429,
        1395.7875000000001
      ],
      [
        915.0892857142858,
        1395.7875000000001
      ],
      [
        692.5,
        1420.275
      ],
      [
        964.5535714285714,
        1420.275
      ],
      [
        989.2857142857143,
        1420.275
      ],
      [
        890.3571428571429,
        1444.7625
      ],
      [
        964.5535714285714,
        1444.7625
      ],
      [
        989.2857142857143,
        1444.7625
      ],
      [
        890.3571428571429,
        1469.25
      ],
      [
        964.5535714285714,
        1469.25
      ],
      [
        989.2857142857143,
        1469.25
      ],
      [
        247.32142857142858,
        1518.2250000000001
      ],
      [
        272.05357142857144,
        1518.2250000000001
      ],
      [
        296.7857142857143,
        1518.2250000000001
      ],
      [
        964.5535714285714,
        1518.2250000000001
      ],
      [
        296.7857142857143,
        1542.7125
      ],
      [
        321.51785714285717,
        1542.7125
      ],
      [
        272.05357142857144,
        1567.2
      ],
      [
        296.7857142857143,
        1567.2
      ],
      [
        321.51785714285717,
        1567.2
      ],
      [
        321.51785714285717,
        1591.6875
      ]
    ],
    "_rot_map_shape": [
      1959,
      1385
    ]
  },
  "processing_time": 116.3041090965271,
  "agent_accepted": true,
  "agent_reason": "[accepted] The planning boundary for 1-3 The Lane, Kingston was successfully positioned using the Scott Arms (PH) and West Street as landmarks. The match at (50.616, -2.06",
  "agent_stats": {
    "position_calls": 1,
    "pdf_info": {
      "site_address": "1-3 The Lane, Kingston, Corfe Castle, Dorset",
      "postcodes": [],
      "grid_refs": [],
      "scale": null,
      "map_pages": [
        2
      ],
      "map_page_details": [
        {
          "page": 1,
          "category": "discard",
          "area_group": -1,
          "boundary_clarity": "none",
          "detail_level": "wide",
          "caption": "Article 4 Direction text for 1-3 The Lane, Kingston, Corfe Castle."
        },
        {
          "page": 2,
          "category": "match",