{
  "sl_no": 271,
  "match_info": {
    "center": "live_locate:postcode:WV5 7HE",
    "zoom": 19,
    "rotation": 0,
    "n_inliers": 25,
    "score": 8.97,
    "scale_factor": 0.874,
    "avg_scale": 1.1247,
    "window": [
      774,
      1548
    ],
    "center_latlon": [
      52.549608294901844,
      -2.244660864867086
    ],
    "anchor_latlon": [
      52.5507425298857,
      -2.24252793269577
    ],
    "_inlier_pts_map": [
      [
        697.1785714285714,
        920.25
      ],
      [
        723.0,
        920.25
      ],
      [
        748.8214285714287,
        920.25
      ],
      [
        774.6428571428572,
        920.25
      ],
      [
        671.3571428571429,
        945.8125
      ],
      [
        697.1785714285714,
        945.8125
      ],
      [
        723.0,
        945.8125
      ],
      [
        748.8214285714287,
        945.8125
      ],
      [
        671.3571428571429,
        971.375
      ],
      [
        697.1785714285714,
        971.375
      ],
      [
        593.8928571428572,
        1227.0
      ],
      [
        619.7142857142858,
        1227.0
      ],
      [
        593.8928571428572,
        1252.5625
      ],
      [
        619.7142857142858,
        1252.5625
      ],
      [
        568.0714285714286,
        1278.125
      ],
      [
        593.8928571428572,
        1278.125
      ],
      [
        619.7142857142858,
        1278.125
      ],
      [
        645.5357142857143,
        1278.125
      ],
      [
        568.0714285714286,
        1303.6875
      ],
      [
        593.8928571428572,
        1303.6875
      ],
      [
        619.7142857142858,
        1303.6875
      ],
      [
        645.5357142857143,
        1303.6875
      ],
      [
        593.8928571428572,
        1329.25
      ],
      [
        619.7142857142858,
        1329.25
      ],
      [
        645.5357142857143,
        1329.25
      ]
    ],
    "_rot_map_shape": [
      2045,
      1446
    ]
  },
  "processing_time": 202.20935916900635,
  "agent_accepted": true,
  "agent_reason": "[accepted] The planning site is 'Wilderhope' on Tinkers Castle Road in Seisdon. I identified the map on page 3. I attempted three different geocoding anchors: the road cen",
  "agent_stats": {
    "position_calls": 1,
    "pdf_info": {
      "site_address": "Wilderhope, Tinkers Castle Road, Seisdon, Staffordshire",
      "postcodes": [
        "WV8 1PX"
      ],
      "grid_refs": [],
      "scale": "1:1250",
      "map_pages": [
        3
      ],
      "map_page_details": [
        {
          "page": 1,
          "category": "discard",
          "area_group": -1,
          "boundary_clarity": "none",
          "detail_level": "wide",
          "caption": "Article 4 Direction text page 1"
        },
        {
          "page": 2,
          "category": "discard",
          "area_group": -1,
          "boundary_clarity": "none",
          "detail_level": "wide",
          "caption": "Article 4 Direction text page 2 with Second Schedule description"
        },
        {
          "page": 3,
          "category": "match",
          "area_group": 0,
          "boundary_clarity": "clear",
          "detail_level": "close",
          "caption": "Site plan at 1:1250 showing red boundary around Wilderhope on Tinkers Castle Road"
        }
      ],
      "road_names": [
        "Tinkers Castle Road"
      ],
      "place_names": [
        "Wilderhope",
        "Seisdon"
      ],
      "is_district_wide": false,
      "district_name": null,
      "house_number_road_pairs": [],
      "parish_names": [],
      "admin_region": null,
      "likely_town_or_city": null,
      "visible_map_labels": [
        "TINKER'S CASTLE ROAD",
        "Wilderhope",
        "THE SITE"
      ],
      "adjacency_hints": []
    },
    "outcome_status": "accepted",
    "outcome_reasoning": "The planning site is 'Wilderhope' on Tinkers Castle Road in Seisdon. I identified the map on page 3. I attempted three different geocoding anchors: the road centroid for Tinker's Castle Road, the site-specific postcode WV5 7HE, and a point further west on the same road. All attempts yielded relatively low RANSAC inliers (23-25), likely due to the sparse rural cartography and the specific drawing style of the boundary. Candidate 1 (postcode WV5 7HE) provided the highest inlier count (25) and a reasonable scale consistency (0.79). Although road name agreement was low, this is common in rural areas where OS Open Roads may not perfectly align with the labels on a 1:1250 site plan. I have committed candidate 1 as the best available match.",
    "rotation_checked": false,
    "tool_calls": {
      "submit_pdf_info": 1,
      "propose_centers": 3,
      "match_at": 3,
      "commit_match": 1,
      "final_result": 1
    },
    "total_tool_calls": 9,
    "n_turns": 19,
    "validator_retries": 0,
    "worker_request_tokens": 79587,
    "worker_response_tokens": 923,
    "request_tokens": 79587,
    "response_tokens": 923,
    "total_tokens": 80510
  },
  "valid_ground_truth": true,
  "valid_prediction": true,
  "validation_error": null,
  "iou": 0.0,
  "precision": 0.0,
  "recall": 0.0,
  "f1_score": 0.0,
  "positioning_error_m": 832.4578601831768
}