{
  "sl_no": 32,
  "match_info": {
    "center": "live_locate:intersect:B1108 x C169",
    "zoom": 16,
    "rotation": 0,
    "n_inliers": 75,
    "score": 36.61,
    "scale_factor": 0.876,
    "avg_scale": 1.0333,
    "window": [
      549,
      732
    ],
    "center_latlon": [
      52.61702736424737,
      1.2060127284688633
    ],
    "anchor_latlon": [
      52.618,
      1.205
    ],
    "_inlier_pts_map": [
      [
        336.14285714285717,
        793.2125
      ],
      [
        362.0,
        895.5625
      ],
      [
        387.8571428571429,
        895.5625
      ],
      [
        413.7142857142857,
        895.5625
      ],
      [
        362.0,
        921.15
      ],
      [
        387.8571428571429,
        921.15
      ],
      [
        310.2857142857143,
        946.7375
      ],
      [
        336.14285714285717,
        946.7375
      ],
      [
        362.0,
        946.7375
      ],
      [
        387.8571428571429,
        946.7375
      ],
      [
        310.2857142857143,
        972.3249999999999
      ],
      [
        336.14285714285717,
        972.3249999999999
      ],
      [
        362.0,
        972.3249999999999
      ],
      [
        387.8571428571429,
        972.3249999999999
      ],
      [
        258.57142857142856,
        1049.0874999999999
      ],
      [
        284.42857142857144,
        1049.0874999999999
      ],
      [
        232.71428571428572,
        1074.675
      ],
      [
        258.57142857142856,
        1074.675
      ],
      [
        284.42857142857144,
        1074.675
      ],
      [
        232.71428571428572,
        1100.2625
      ],
      [
        258.57142857142856,
        1100.2625
      ],
      [
        232.71428571428572,
        1125.85
      ],
      [
        258.57142857142856,
        1125.85
      ],
      [
        284.42857142857144,
        1151.4375
      ],
      [
        258.57142857142856,
        1177.0249999999999
      ],
      [
        284.42857142857144,
        1177.0249999999999
      ],
      [
        310.2857142857143,
        1177.0249999999999
      ],
      [
        336.14285714285717,
        1177.0249999999999
      ],
      [
        517.1428571428571,
        1177.0249999999999
      ],
      [
        258.57142857142856,
        1202.6125
      ],
      [
        284.42857142857144,
        1202.6125
      ],
      [
        310.2857142857143,
        1202.6125
      ],
      [
        336.14285714285717,
        1202.6125
      ],
      [
        543.0,
        1202.6125
      ],
      [
        258.57142857142856,
        1228.1999999999998
      ],
      [
        284.42857142857144,
        1228.1999999999998
      ],
      [
        310.2857142857143,
        1228.1999999999998
      ],
      [
        336.14285714285717,
        1228.1999999999998
      ],
      [
        284.42857142857144,
        1253.7875
      ],
      [
        310.2857142857143,
        1253.7875
      ],
      [
        310.2857142857143,
        1279.375
      ],
      [
        336.14285714285717,
        1279.375
      ],
      [
        749.8571428571429,
        1432.8999999999999
      ],
      [
        387.8571428571429,
        1458.4875
      ],
      [
        413.7142857142857,
        1458.4875
      ],
      [
        491.2857142857143,
        1458.4875
      ],
      [
        387.8571428571429,
        1484.0749999999998
      ],
      [
        413.7142857142857,
        1484.0749999999998
      ],
      [
        439.57142857142856,
        1484.0749999999998
      ],
      [
        491.2857142857143,
        1484.0749999999998
      ],
      [
        517.1428571428571,
        1484.0749999999998
      ],
      [
        594.7142857142858,
        1484.0749999999998
      ],
      [
        232.71428571428572,
        1509.6625
      ],
      [
        387.8571428571429,
        1509.6625
      ],
      [
        413.7142857142857,
        1509.6625
      ],
      [
        439.57142857142856,
        1509.6625
      ],
      [
        465.42857142857144,
        1509.6625
      ],
      [
        491.2857142857143,
        1509.6625
      ],
      [
        517.1428571428571,
        1509.6625
      ],
      [
        672.2857142857143,
        1509.6625
      ],
      [
        749.8571428571429,
        1509.6625
      ],
      [
        413.7142857142857,
        1535.25
      ],
      [
        439.57142857142856,
        1535.25
      ],
      [
        465.42857142857144,
        1535.25
      ],
      [
        491.2857142857143,
        1535.25
      ],
      [
        517.1428571428571,
        1535.25
      ],
      [
        439.57142857142856,
        1560.8374999999999
      ],
      [
        465.42857142857144,
        1560.8374999999999
      ],
      [
        491.2857142857143,
        1560.8374999999999
      ],
      [
        439.57142857142856,
        1586.425
      ],
      [
        465.42857142857144,
        1586.425
      ],
      [
        491.2857142857143,
        1586.425
      ],
      [
        439.57142857142856,
        1612.0124999999998
      ],
      [
        465.42857142857144,
        1612.0124999999998
      ],
      [
        491.2857142857143,
        1612.0124999999998
      ]
    ],
    "_rot_map_shape": [
      2047,
      1448
    ]
  },
  "processing_time": 224.92497205734253,
  "agent_accepted": true,
  "agent_reason": "[accepted] The site is a large area of land between Colney and Little Melton in Norfolk. Two candidates were tested: one near Braymeadow Lane (76 inliers) and one more cen",
  "agent_stats": {
    "position_calls": 1,
    "pdf_info": {
      "site_address": "Land at: Colney & Lt. Melton",
      "postcodes": [],
      "grid_refs": [
        "TG 10NE"
      ],
      "scale": "6\" to 1 mile",
      "map_pages": [
        2
      ],
      "map_page_details": [
        {
          "page": 2,
          "category": "match",
          "area_group": 0,
          "boundary_clarity": "clear",
          "detail_level": "medium",
          "caption": "Site plan showing land at Colney & Lt. Melton edged in red on OS background."
        }
      ],
      "road_names": [
        "Braymeadow Lane",
        "B1108",
        "C169",
        "C182"
      ],
      "place_names": [
        "Colney",
        "Little Melton",
        "Manor Farm",
        "Hall Farm",
        "Ryebeck Plantation",
        "Braymeadow Bottom",
        "Braymeadow",
        "Watton Norwich",
        "War Meml."
      ],
      "is_district_wide": false,
      "district_name": null,
      "house_number_road_pairs": [],
      "parish_names": [
        "Colney",
        "Little Melton"
      ],
      "admin_region": "Norfolk",
      "likely_town_or_city": "Colney",
      "visible_map_labels": [
        "Colney",
        "Manor Farm",
        "Braymeadow Lane",
        "B1108",
        "C169",
        "C182",
        "Ryebeck Plantation",
        "Hall Farm",
        "Braymeadow Bottom",
        "Braymeadow"
      ],
      "adjacency_hints": [
        "Braymeadow Lane",
        "B1108",
        "C169",
        "C182"
      ]
    },
    "reader_request_tokens": 4474,
    "reader_response_tokens": 377,
    "locate_n_calls": 2,
    "locate_request_tokens": 21123,
    "locate_response_tokens": 653,
    "locate_calls": [
      {
        "request_tokens": 9397,
        "response_tokens": 278,
        "n_messages": 7,
        "generation_id": "gen-1779683208-wE2pqYR3Va1u6KtT01Aw"
      },
      {
        "request_tokens": 11726,
        "response_tokens": 375,
        "n_messages": 14,
        "generation_id": "gen-1779683316-MJuZ4QlCFaB5tK4XMTBh"
      }
    ],
    "outcome_status": "accepted",