{
  "sl_no": 50,
  "match_info": {
    "center": "live_locate:place:Horstead",
    "zoom": 18,
    "rotation": 0,
    "n_inliers": 119,
    "score": 50.37,
    "scale_factor": 0.746,
    "avg_scale": 1.1761,
    "window": [
      0,
      0
    ],
    "center_latlon": [
      52.73080088519064,
      1.3420001685749128
    ],
    "anchor_latlon": [
      52.7265822561491,
      1.35173427043839
    ],
    "_inlier_pts_map": [
      [
        639.0357142857142,
        130.8
      ],
      [
        925.5,
        130.8
      ],
      [
        617.0,
        152.6
      ],
      [
        639.0357142857142,
        152.6
      ],
      [
        661.0714285714286,
        152.6
      ],
      [
        925.5,
        152.6
      ],
      [
        947.5357142857142,
        152.6
      ],
      [
        617.0,
        174.4
      ],
      [
        661.0714285714286,
        174.4
      ],
      [
        683.1071428571428,
        174.4
      ],
      [
        925.5,
        174.4
      ],
      [
        594.9642857142857,
        196.20000000000002
      ],
      [
        617.0,
        196.20000000000002
      ],
      [
        639.0357142857142,
        196.20000000000002
      ],
      [
        661.0714285714286,
        196.20000000000002
      ],
      [
        683.1071428571428,
        196.20000000000002
      ],
      [
        594.9642857142857,
        218.0
      ],
      [
        617.0,
        218.0
      ],
      [
        639.0357142857142,
        218.0
      ],
      [
        661.0714285714286,
        218.0
      ],
      [
        683.1071428571428,
        218.0
      ],
      [
        594.9642857142857,
        239.8
      ],
      [
        617.0,
        239.8
      ],
      [
        639.0357142857142,
        239.8
      ],
      [
        793.2857142857142,
        261.6
      ],
      [
        793.2857142857142,
        283.40000000000003
      ],
      [
        793.2857142857142,
        348.8
      ],
      [
        815.3214285714286,
        348.8
      ],
      [
        837.3571428571428,
        348.8
      ],
      [
        859.3928571428571,
        348.8
      ],
      [
        771.25,
        370.6
      ],
      [
        793.2857142857142,
        370.6
      ],
      [
        815.3214285714286,
        370.6
      ],
      [
        837.3571428571428,
        370.6
      ],
      [
        705.1428571428571,
        392.40000000000003
      ],
      [
        727.1785714285714,
        392.40000000000003
      ],
      [
        771.25,
        392.40000000000003
      ],
      [
        793.2857142857142,
        392.40000000000003
      ],
      [
        815.3214285714286,
        392.40000000000003
      ],
      [
        837.3571428571428,
        392.40000000000003
      ],
      [
        683.1071428571428,
        414.2
      ],
      [
        705.1428571428571,
        414.2
      ],
      [
        727.1785714285714,
        414.2
      ],
      [
        749.2142857142857,
        414.2
      ],
      [
        771.25,
        414.2
      ],
      [
        793.2857142857142,
        414.2
      ],
      [
        815.3214285714286,
        414.2
      ],
      [
        837.3571428571428,
        414.2
      ],
      [
        661.0714285714286,
        436.0
      ],
      [
        683.1071428571428,
        436.0
      ],
      [
        705.1428571428571,
        436.0
      ],
      [
        727.1785714285714,
        436.0
      ],
      [
        749.2142857142857,
        436.0
      ],
      [
        771.25,
        436.0
      ],
      [
        793.2857142857142,
        436.0
      ],
      [
        815.3214285714286,
        436.0
      ],
      [
        837.3571428571428,
        436.0
      ],
      [
        661.0714285714286,
        457.8
      ],
      [
        683.1071428571428,
        457.8
      ],
      [
        705.1428571428571,
        457.8
      ],
      [
        727.1785714285714,
        457.8
      ],
      [
        749.2142857142857,
        457.8
      ],
      [
        771.25,
        457.8
      ],
      [
        793.2857142857142,
        457.8
      ],
      [
        815.3214285714286,
        457.8
      ],
      [
        991.6071428571428,
        457.8
      ],
      [
        683.1071428571428,
        479.6
      ],
      [
        705.1428571428571,
        479.6
      ],
      [
        727.1785714285714,
        479.6
      ],
      [
        749.2142857142857,
        479.6
      ],
      [
        991.6071428571428,
        501.40000000000003
      ],
      [
        969.5714285714286,
        523.2
      ],
      [
        991.6071428571428,
        523.2
      ],
      [
        1013.6428571428571,
        523.2
      ],
      [
        1035.6785714285713,
        523.2
      ],
      [
        969.5714285714286,
        545.0
      ],
      [
        991.6071428571428,
        545.0
      ],
      [
        1013.6428571428571,
        545.0
      ],
      [
        1035.6785714285713,
        545.0
      ],
      [
        969.5714285714286,
        566.8000000000001
      ],
      [
        991.6071428571428,
        566.8000000000001
      ],
      [
        1013.6428571428571,
        566.8000000000001
      ],
      [
        1013.6428571428571,
        588.6
      ],
      [
        991.6071428571428,
        675.8000000000001
      ],
      [
        1123.8214285714284,
        719.4
      ],
      [
        947.5357142857142,
        741.2
      ],
      [
        969.5714285714286,
        741.2
      ],
      [
        859.3928571428571,
        763.0
      ],
      [
        881.4285714285713,
        763.0
      ],
      [
        903.4642857142857,
        763.0
      ],
      [
        925.5,
        763.0
      ],
      [
        947.5357142857142,
        763.0
      ],
      [
        969.5714285714286,
        763.0
      ],
      [
        881.4285714285713,
        784.8000000000001
      ],
      [
        903.4642857142857,
        784.8000000000001
      ],
      [
        925.5,
        784.8000000000001
      ],
      [
        947.5357142857142,
        784.8000000000001
      ],
      [
        969.5714285714286,
        784.8000000000001
      ],
      [
        991.6071428571428,
        784.8000000000001
      ],
      [
        903.4642857142857,
        806.6
      ],
      [
        925.5,
        806.6
      ],
      [
        947.5357142857142,
        806.6
      ],
      [
        969.5714285714286,
        806.6
      ],
      [
        991.6071428571428,
        806.6
      ],
      [
        991.6071428571428,
        1024.6000000000001
      ],
      [
        991.6071428571428,
        1046.4
      ],
      [
        1013.6428571428571,
        1046.4
      ],
      [
        1013.6428571428571,
        1068.2
      ],
      [
        969.5714285714286,
        1090.0
      ],
      [
        1057.7142857142858,
        1090.0
      ],
      [
        969.5714285714286,
        1111.8
      ],
      [
        947.5357142857142,
        1133.6000000000001
      ],
      [
        969.5714285714286,
        1133.6000000000001
      ],
      [
        1013.6428571428571,
        1133.6000000000001
      ],
      [
        947.5357142857142,
        1155.4
      ],
      [
        969.5714285714286,
        1155.4
      ],
      [
        991.6071428571428,
        1155.4
      ],
      [
        1013.6428571428571,
        1155.4
      ],
      [
        991.6071428571428,
        1177.2
      ]
    ],
    "_rot_map_shape": [
      1744,
      1234
    ]
  },
  "processing_time": 95.00653529167175,
  "agent_accepted": true,
  "agent_reason": "[accepted] The planning boundary was identified on page 3, showing a site at Church Farm, Largate, in the parish of Horstead. The map was positioned using the village of H",
  "agent_stats": {
    "position_calls": 1,
    "pdf_info": {
      "site_address": "Land at Buxton Road in the Parish of Horstead, Norfolk",
      "postcodes": [],