{
  "sl_no": 31,
  "match_info": {
    "center": "live_locate:place:Colney",
    "zoom": 16,
    "rotation": 0,
    "n_inliers": 179,
    "score": 93.54,
    "scale_factor": 0.876,
    "avg_scale": 1.0465,
    "window": [
      264,
      660
    ],
    "center_latlon": [
      52.62183901824246,
      1.205361284455563
    ],
    "anchor_latlon": [
      52.6215,
      1.215
    ],
    "_inlier_pts_map": [
      [
        1008.4285714285714,
        409.4
      ],
      [
        1008.4285714285714,
        434.98749999999995
      ],
      [
        1034.2857142857142,
        434.98749999999995
      ],
      [
        1086.0,
        434.98749999999995
      ],
      [
        1060.142857142857,
        460.575
      ],
      [
        1086.0,
        614.0999999999999
      ],
      [
        1060.142857142857,
        639.6875
      ],
      [
        1086.0,
        639.6875
      ],
      [
        1111.857142857143,
        639.6875
      ],
      [
        1292.857142857143,
        639.6875
      ],
      [
        1344.5714285714287,
        639.6875
      ],
      [
        1370.4285714285716,
        639.6875
      ],
      [
        1086.0,
        665.275
      ],
      [
        1111.857142857143,
        665.275
      ],
      [
        1137.7142857142858,
        665.275
      ],
      [
        1215.2857142857142,
        665.275
      ],
      [
        1241.142857142857,
        665.275
      ],
      [
        1267.0,
        665.275
      ],
      [
        1318.7142857142858,
        665.275
      ],
      [
        1344.5714285714287,
        665.275
      ],
      [
        1370.4285714285716,
        665.275
      ],
      [
        1111.857142857143,
        690.8625
      ],
      [
        1137.7142857142858,
        690.8625
      ],
      [
        1163.5714285714287,
        690.8625
      ],
      [
        1189.4285714285716,
        690.8625
      ],
      [
        1215.2857142857142,
        690.8625
      ],
      [
        1241.142857142857,
        690.8625
      ],
      [
        1267.0,
        690.8625
      ],
      [
        1370.4285714285716,
        690.8625
      ],
      [
        1163.5714285714287,
        716.4499999999999
      ],
      [
        1215.2857142857142,
        716.4499999999999
      ],
      [
        1241.142857142857,
        716.4499999999999
      ],
      [
        1318.7142857142858,
        716.4499999999999
      ],
      [
        1344.5714285714287,
        716.4499999999999
      ],
      [
        672.2857142857143,
        742.0374999999999
      ],
      [
        1189.4285714285716,
        742.0374999999999
      ],
      [
        1215.2857142857142,
        742.0374999999999
      ],
      [
        1241.142857142857,
        742.0374999999999
      ],
      [
        1267.0,
        742.0374999999999
      ],
      [
        1318.7142857142858,
        742.0374999999999
      ],
      [
        1344.5714285714287,
        742.0374999999999
      ],
      [
        672.2857142857143,
        767.625
      ],
      [
        1189.4285714285716,
        767.625
      ],
      [
        1215.2857142857142,
        767.625
      ],
      [
        1241.142857142857,
        767.625
      ],
      [
        1267.0,
        767.625
      ],
      [
        1318.7142857142858,
        767.625
      ],
      [
        1111.857142857143,
        793.2125
      ],
      [
        1137.7142857142858,
        793.2125
      ],
      [
        1189.4285714285716,
        793.2125
      ],
      [
        1215.2857142857142,
        793.2125
      ],
      [
        1111.857142857143,
        818.8
      ],
      [
        1137.7142857142858,
        818.8
      ],
      [
        1163.5714285714287,
        818.8
      ],
      [
        1189.4285714285716,
        818.8
      ],
      [
        801.5714285714286,
        844.3874999999999
      ],
      [
        1137.7142857142858,
        869.9749999999999
      ],
      [
        1215.2857142857142,
        869.9749999999999
      ],
      [
        258.57142857142856,
        895.5625
      ],
      [
        1163.5714285714287,
        895.5625
      ],
      [
        1189.4285714285716,
        895.5625
      ],
      [
        232.71428571428572,
        921.15
      ],
      [
        258.57142857142856,
        921.15
      ],
      [
        284.42857142857144,
        921.15
      ],
      [
        310.2857142857143,
        921.15
      ],
      [
        258.57142857142856,
        946.7375
      ],
      [
        232.71428571428572,
        972.3249999999999
      ],
      [
        258.57142857142856,
        997.9124999999999
      ],
      [
        387.8571428571429,
        997.9124999999999
      ],
      [
        258.57142857142856,
        1023.5
      ],
      [
        284.42857142857144,
        1023.5
      ],
      [
        336.14285714285717,
        1023.5
      ],
      [
        362.0,
        1023.5
      ],
      [
        310.2857142857143,
        1049.0874999999999
      ],
      [
        336.14285714285717,
        1049.0874999999999
      ],
      [
        362.0,
        1049.0874999999999
      ],
      [
        387.8571428571429,
        1100.2625
      ],
      [
        387.8571428571429,
        1125.85
      ],
      [
        362.0,
        1151.4375
      ],
      [
        387.8571428571429,
        1151.4375
      ],
      [
        439.57142857142856,
        1151.4375
      ],
      [
        362.0,
        1177.0249999999999
      ],
      [
        439.57142857142856,
        1202.6125
      ],
      [
        465.42857142857144,
        1202.6125
      ],
      [
        491.2857142857143,
        1202.6125
      ],
      [
        387.8571428571429,
        1228.1999999999998
      ],
      [
        413.7142857142857,
        1228.1999999999998
      ],
      [
        439.57142857142856,
        1228.1999999999998
      ],
      [
        465.42857142857144,
        1228.1999999999998
      ],
      [
        491.2857142857143,
        1228.1999999999998
      ],
      [
        387.8571428571429,
        1253.7875
      ],
      [
        413.7142857142857,
        1253.7875
      ],
      [
        439.57142857142856,
        1253.7875
      ],
      [
        465.42857142857144,
        1253.7875
      ],
      [
        387.8571428571429,
        1279.375
      ],
      [
        413.7142857142857,
        1279.375
      ],
      [
        439.57142857142856,
        1279.375
      ],
      [
        465.42857142857144,
        1279.375
      ],
      [
        413.7142857142857,
        1304.9624999999999
      ],
      [
        439.57142857142856,
        1304.9624999999999
      ],
      [
        465.42857142857144,
        1304.9624999999999
      ],
      [
        258.57142857142856,
        1432.8999999999999
      ],
      [
        206.85714285714286,
        1458.4875
      ],
      [
        206.85714285714286,
        1484.0749999999998
      ],
      [
        232.71428571428572,
        1484.0749999999998
      ],
      [
        258.57142857142856,
        1484.0749999999998
      ],
      [
        206.85714285714286,
        1509.6625
      ],
      [
        232.71428571428572,
        1509.6625
      ],
      [
        258.57142857142856,
        1509.6625
      ],
      [
        568.8571428571429,
        1535.25
      ],
      [
        206.85714285714286,
        1560.8374999999999
      ],
      [
        284.42857142857144,
        1560.8374999999999
      ],
      [
        568.8571428571429,
        1560.8374999999999
      ],
      [
        620.5714285714286,
        1560.8374999999999
      ],
      [
        284.42857142857144,
        1586.425
      ],
      [
        568.8571428571429,
        1586.425
      ],
      [
        594.7142857142858,
        1586.425
      ],
      [
        620.5714285714286,
        1586.425
      ],
      [
        1370.4285714285716,
        1663.1875
      ],
      [
