{
  "sl_no": 118,
  "match_info": {
    "center": "live_locate:postcode:PE9 3EZ",
    "zoom": 19,
    "rotation": 0,
    "n_inliers": 30,
    "score": 12.23,
    "scale_factor": 0.876,
    "avg_scale": 0.6587,
    "window": [
      1032,
      516
    ],
    "center_latlon": [
      52.633444968156304,
      -0.4138382453168674
    ],
    "anchor_latlon": [
      52.6326006067297,
      -0.412936163304532
    ],
    "_inlier_pts_map": [
      [
        569.6428571428571,
        1050.1125
      ],
      [
        595.5357142857142,
        1050.1125
      ],
      [
        595.5357142857142,
        1075.7250000000001
      ],
      [
        725.0,
        1075.7250000000001
      ],
      [
        750.8928571428571,
        1075.7250000000001
      ],
      [
        725.0,
        1101.3375
      ],
      [
        750.8928571428571,
        1101.3375
      ],
      [
        1191.0714285714284,
        1101.3375
      ],
      [
        1268.75,
        1101.3375
      ],
      [
        1294.642857142857,
        1101.3375
      ],
      [
        1346.4285714285713,
        1101.3375
      ],
      [
        543.75,
        1126.95
      ],
      [
        1165.1785714285713,
        1126.95
      ],
      [
        1268.75,
        1126.95
      ],
      [
        1294.642857142857,
        1126.95
      ],
      [
        1346.4285714285713,
        1126.95
      ],
      [
        517.8571428571429,
        1152.5625
      ],
      [
        725.0,
        1152.5625
      ],
      [
        750.8928571428571,
        1152.5625
      ],
      [
        1113.392857142857,
        1152.5625
      ],
      [
        1191.0714285714284,
        1152.5625
      ],
      [
        1216.9642857142858,
        1152.5625
      ],
      [
        1113.392857142857,
        1178.175
      ],
      [
        1139.2857142857142,
        1178.175
      ],
      [
        1191.0714285714284,
        1178.175
      ],
      [
        1216.9642857142858,
        1178.175
      ],
      [
        1191.0714285714284,
        1203.7875000000001
      ],
      [
        466.07142857142856,
        1408.6875
      ],
      [
        466.07142857142856,
        1434.3
      ],
      [
        491.9642857142857,
        1459.9125000000001
      ]
    ],
    "_rot_map_shape": [
      2049,
      1450
    ]
  },
  "processing_time": 298.946683883667,
  "agent_accepted": true,
  "agent_reason": "[accepted] The document is an Article 4 Direction for the Barnack Conservation Area, specifically identifying 'The Shieling' on Stamford Road. Page 2 contains a clear site",
  "agent_stats": {
    "position_calls": 1,
    "pdf_info": {
      "site_address": "The Shieling, Stamford Road, Barnack, PE9 3EZ",
      "postcodes": [
        "PE9 3EZ"
      ],
      "grid_refs": [],
      "scale": null,
      "map_pages": [
        2
      ],
      "map_page_details": [
        {
          "page": 1,
          "category": "discard",
          "area_group": -1,
          "boundary_clarity": "none",
          "detail_level": "wide",
          "caption": "Article 4 Direction text for Barnack Conservation Area, Peterborough."
        },
        {
          "page": 2,
          "category": "match",
          "area_group": 0,
          "boundary_clarity": "clear",
          "detail_level": "close",
          "caption": "Site plan showing red boundary around 'The Shieling' on Stamford Road, Barnack."
        }
      ],
      "road_names": [
        "Stamford Road",
        "Ridgeway"
      ],
      "place_names": [],
      "is_district_wide": false,
      "district_name": null,
      "house_number_road_pairs": [],
      "parish_names": [],
      "admin_region": null,
      "likely_town_or_city": null,
      "visible_map_labels": [
        "Stamford Road",
        "The Shieling",
        "Ridgeway",
        "Sandall House",
        "The Garrison",
        "War Memorial",
        "GP"
      ],
      "adjacency_hints": []
    },
    "outcome_status": "accepted",
    "outcome_reasoning": "The document is an Article 4 Direction for the Barnack Conservation Area, specifically identifying 'The Shieling' on Stamford Road. Page 2 contains a clear site plan with a red boundary. I performed three match attempts using the postcode PE9 3EZ, the village junction, and the intersection of Stamford Road and The Garrison. All attempts yielded relatively low inlier counts (24-30) and consistent but low scale consistency (~0.43), likely due to the specific cartographic style of the planning map. I committed the first candidate (postcode PE9 3EZ) as it had the highest n_inliers (30). The location correctly aligns with 'The Shieling' on Stamford Road in Barnack.",
    "rotation_checked": false,
    "tool_calls": {
      "submit_pdf_info": 1,
      "propose_centers": 3,
      "match_at": 3,
      "commit_match": 1,
      "final_result": 1
    },
    "total_tool_calls": 9,
    "n_turns": 19,
    "validator_retries": 0,
    "worker_request_tokens": 77925,
    "worker_response_tokens": 826,
    "request_tokens": 77925,
    "response_tokens": 826,
    "total_tokens": 78751
  },
  "valid_ground_truth": true,
  "valid_prediction": true,
  "validation_error": null,
  "iou": 0.5210488423703965,
  "precision": 0.6658073637368312,
  "recall": 0.7055818833772419,
  "f1_score": 0.6851178316593479,
  "positioning_error_m": 2.6000272713344157
}