{
  "sl_no": 45,
  "match_info": {
    "center": "live_locate:place:Ansdell Terrace",
    "zoom": 19,
    "rotation": 0,
    "n_inliers": 45,
    "score": 18.57,
    "scale_factor": 0.854,
    "avg_scale": 0.982,
    "window": [
      1315,
      1315
    ],
    "center_latlon": [
      51.49902406663952,
      -0.1901382265065763
    ],
    "anchor_latlon": [
      51.4995457949044,
      -0.188889814336962
    ],
    "_inlier_pts_map": [
      [
        1159.0357142857144,
        124.75
      ],
      [
        1184.232142857143,
        124.75
      ],
      [
        1209.4285714285716,
        124.75
      ],
      [
        1234.625,
        124.75
      ],
      [
        1133.8392857142858,
        149.7
      ],
      [
        1159.0357142857144,
        149.7
      ],
      [
        1184.232142857143,
        149.7
      ],
      [
        1209.4285714285716,
        149.7
      ],
      [
        1234.625,
        149.7
      ],
      [
        1259.8214285714287,
        149.7
      ],
      [
        1133.8392857142858,
        174.65
      ],
      [
        1159.0357142857144,
        174.65
      ],
      [
        1184.232142857143,
        174.65
      ],
      [
        1209.4285714285716,
        174.65
      ],
      [
        1234.625,
        174.65
      ],
      [
        1259.8214285714287,
        174.65
      ],
      [
        1159.0357142857144,
        199.6
      ],
      [
        1209.4285714285716,
        199.6
      ],
      [
        1234.625,
        199.6
      ],
      [
        1159.0357142857144,
        224.54999999999998
      ],
      [
        1184.232142857143,
        224.54999999999998
      ],
      [
        1209.4285714285716,
        224.54999999999998
      ],
      [
        1234.625,
        224.54999999999998
      ],
      [
        1159.0357142857144,
        249.5
      ],
      [
        1184.232142857143,
        249.5
      ],
      [
        1209.4285714285716,
        249.5
      ],
      [
        1259.8214285714287,
        523.9499999999999
      ],
      [
        1259.8214285714287,
        548.9
      ],
      [
        982.6607142857143,
        598.8
      ],
      [
        1184.232142857143,
        823.35
      ],
      [
        277.1607142857143,
        923.15
      ],
      [
        302.3571428571429,
        923.15
      ],
      [
        277.1607142857143,
        948.1
      ],
      [
        302.3571428571429,
        948.1
      ],
      [
        377.9464285714286,
        1022.9499999999999
      ],
      [
        403.14285714285717,
        1022.9499999999999
      ],
      [
        377.9464285714286,
        1047.8999999999999
      ],
      [
        403.14285714285717,
        1047.8999999999999
      ],
      [
        377.9464285714286,
        1072.85
      ],
      [
        403.14285714285717,
        1072.85
      ],
      [
        403.14285714285717,
        1097.8
      ],
      [
        831.4821428571429,
        1097.8
      ],
      [
        856.6785714285714,
        1097.8
      ],
      [
        831.4821428571429,
        1122.75
      ],
      [
        856.6785714285714,
        1122.75
      ]
    ],
    "_rot_map_shape": [
      1996,
      1411
    ]
  },
  "processing_time": 214.87042808532715,
  "agent_accepted": true,
  "agent_reason": "[accepted] The site was identified as 14-19 Kensington Square. Two match attempts were made. The first attempt at the center of Kensington Square yielded 40 inliers. The s",
  "agent_stats": {
    "position_calls": 1,
    "pdf_info": {
      "site_address": "14-19 Kensington Square, London W8",
      "postcodes": [
        "W8"
      ],
      "grid_refs": [],
      "scale": null,
      "map_pages": [
        5
      ],
      "map_page_details": [
        {
          "page": 1,
          "category": "discard",
          "area_group": -1,
          "boundary_clarity": "none",
          "detail_level": "wide",
          "caption": "Cover page for Article IV Direction 42A"
        },
        {
          "page": 2,
          "category": "discard",
          "area_group": -1,
          "boundary_clarity": "none",
          "detail_level": "wide",
          "caption": "Memorandum from Borough Solicitors regarding Kensington Square"
        },
        {
          "page": 3,
          "category": "discard",
          "area_group": -1,
          "boundary_clarity": "none",
          "detail_level": "wide",
          "caption": "Article 4 Direction text (Schedule 1)"
        },
        {
          "page": 4,
          "category": "discard",
          "area_group": -1,
          "boundary_clarity": "none",
          "detail_level": "wide",
          "caption": "Article 4 Direction text (Schedule 2) and sealing details"
        },
        {
          "page": 5,
          "category": "match",
          "area_group": 0,
          "boundary_clarity": "clear",
          "detail_level": "close",
          "caption": "Site plan showing 14-19 Kensington Square outlined in black line"
        },
        {
          "page": 6,
          "category": "discard",
          "area_group": -1,
          "boundary_clarity": "none",
          "detail_level": "wide",
          "caption": "Back page with property address and solicitor details"
        }
      ],
      "road_names": [
        "Kensington Square",
        "South End Road",
        "Ansdell Street",
        "Thackeray Street",
        "South End Row",
        "Hornton Street"
      ],
      "place_names": [
        "Kensington Square",
        "Convent of the Assumption",
        "Maria Assumpta College",
        "St James's House",
        "Esmond Court",
        "Health and Social Security Offices",
        "Tennis Court",
        "Telephone Exchange"
      ],
      "is_district_wide": false,
      "district_name": null,
      "house_number_road_pairs": [
        "14-19 Kensington Square"
      ],
      "parish_names": [],
      "admin_region": "Kensington and Chelsea",
      "likely_town_or_city": "London",
      "visible_map_labels": [
        "KENSINGTON SQUARE",
        "SOUTH END ROAD",
        "ANSDELL STREET",
        "THACKERAY STREET",
        "SOUTH END ROW",
        "Convent of the Assumption (Maria Assumpta College)",
        "St James's House",
        "Esmond Court",
        "Health and Social Security Offices",
        "Chapel",
        "Tennis Court",
        "Telephone Exchange",
        "Government Offices"
      ],
      "adjacency_hints": [
        "South End Road",
        "Kensington Square"
      ]
    },
    "reader_request_tokens": 6608,
    "reader_response_tokens": 626,
    "outcome_status": "accepted",
    "outcome_reasoning": "The site was identified as 14-19 Kensington Square. Two match attempts were made. The first attempt at the center of Kensington Square yielded 40 inliers. The second attempt, anchored more precisely near Ansdell Terrace (adjacent to the site), yielded 45 inliers. Both attempts showed excellent scale consistency (~0.96-0.97) and perfect road name agreement (1.0). Although the inlier count is in the 'WEAK' range (45), the high consistency across other metrics and the clear alignment with the street network (Kensington Square, Ansdell Street, Thackeray Street) provide high confidence in the location. The second candidate was committed as the best available match.",
    "rotation_checked": false,
    "tool_calls": {
      "propose_centers": 2,
      "match_at": 2,
      "commit_match": 1,
      "final_result": 1
    },
    "total_tool_calls": 6,
    "n_turns": 13,
    "validator_retries": 0,
    "worker_request_tokens": 34556,
    "worker_response_tokens": 478,
    "request_tokens": 41164,
    "response_tokens": 1104,
    "total_tokens": 42268,
    "critic": {
      "n_rejections": 0,
      "iterations": [
        {
          "iter_idx": 0,
          "action": "approve",
          "chosen_candidate_id": 1,