{
  "sl_no": 265,
  "match_info": {
    "center": "live_locate:Ebstree Road central section",
    "zoom": 18,
    "rotation": 0,
    "n_inliers": 18,
    "score": 8.87,
    "scale_factor": 0.743,
    "avg_scale": 0.7082,
    "window": [
      1981,
      566
    ],
    "center_latlon": [
      52.557645454845265,
      -2.2281664662437493
    ],
    "anchor_latlon": [
      52.5548,
      -2.231
    ],
    "_inlier_pts_map": [
      [
        582.4,
        728.8874999999999
      ],
      [
        604.8,
        728.8874999999999
      ],
      [
        627.1999999999999,
        728.8874999999999
      ],
      [
        582.4,
        750.9749999999999
      ],
      [
        604.8,
        750.9749999999999
      ],
      [
        649.5999999999999,
        750.9749999999999
      ],
      [
        515.1999999999999,
        773.0625
      ],
      [
        604.8,
        773.0625
      ],
      [
        470.4,
        795.15
      ],
      [
        492.79999999999995,
        795.15
      ],
      [
        515.1999999999999,
        795.15
      ],
      [
        537.5999999999999,
        795.15
      ],
      [
        470.4,
        817.2375
      ],
      [
        492.79999999999995,
        817.2375
      ],
      [
        470.4,
        839.3249999999999
      ],
      [
        492.79999999999995,
        839.3249999999999
      ],
      [
        515.1999999999999,
        839.3249999999999
      ],
      [
        492.79999999999995,
        861.4124999999999
      ]
    ],
    "_rot_map_shape": [
      1767,
      1232
    ]
  },
  "processing_time": 405.9193859100342,
  "agent_accepted": true,
  "agent_reason": "[accepted] The site 'Greenacres' on Ebstree Road, Seisdon, was located through multiple attempts along Ebstree Road. While all attempts yielded relatively low inlier count",
  "agent_stats": {
    "position_calls": 1,
    "pdf_info": {
      "site_address": "Greenacres, Ebstree Road, Seisdon, Staffordshire",
      "postcodes": [
        "WV8 1PX",
        "B1 2DT"
      ],
      "grid_refs": [],
      "scale": null,
      "map_pages": [
        4
      ],
      "map_page_details": [
        {
          "page": 4,
          "category": "match",
          "area_group": 0,
          "boundary_clarity": "clear",
          "detail_level": "close",
          "caption": "Site plan showing Greenacres with red boundary, Ebstree Road, and proposed swimming pool location."
        }
      ],
      "road_names": [
        "Ebstree Road"
      ],
      "place_names": [
        "Greenacres",
        "Seisdon"
      ],
      "is_district_wide": false,
      "district_name": null,
      "house_number_road_pairs": [],
      "parish_names": [],
      "admin_region": "South Staffordshire",
      "likely_town_or_city": "Seisdon",
      "visible_map_labels": [
        "Greenacres",
        "EBSTREE ROAD",
        "Proposed Swimming Pool",
        "Existing garage/Boat Shed",
        "Curtilage of dwelling",
        "106.1m",
        "BM 104.80m"
      ],
      "adjacency_hints": []
    },
    "reader_request_tokens": 5879,
    "reader_response_tokens": 272,
    "outcome_status": "accepted",
    "outcome_reasoning": "The site 'Greenacres' on Ebstree Road, Seisdon, was located through multiple attempts along Ebstree Road. While all attempts yielded relatively low inlier counts (max 18), the road name agreement was consistently strong (1.0) and the scale consistency was acceptable. Candidate 2 (central Ebstree Road) provided the highest inlier count (18) and was committed to produce the final boundary. The low inlier count is likely due to the rural nature of the site and sparse cartographic features on the OS tiles compared to the detailed site plan.",
    "rotation_checked": false,
    "tool_calls": {
      "propose_centers": 4,
      "match_at": 4,
      "commit_match": 1,
      "final_result": 1
    },
    "total_tool_calls": 10,
    "n_turns": 21,
    "validator_retries": 0,
    "worker_request_tokens": 53113,
    "worker_response_tokens": 734,
    "request_tokens": 58992,
    "response_tokens": 1006,
    "total_tokens": 59998,
    "critic": {
      "n_rejections": 0,
      "iterations": [
        {
          "iter_idx": 0,
          "action": "approve",
          "chosen_candidate_id": 2,
          "reasoning": "Candidate 2 correctly locates 'Greenacres' on Ebstree Road in Seisdon. The polygon tail accurately aligns with the access point from the road, and the scale at zoom 18 correctly reflects the building-to-plot ratio shown on the planning map. Candidates 0 and 3 are at incorrect zoom levels, making the site appear much larger than the surrounding village features.",
          "wall_s": 15.1,
          "llm_error": null
        }
      ],
      "tokens": {
        "request": 5261,
        "response": 109
      }
    }
  },
  "valid_ground_truth": true,
  "valid_prediction": true,
  "validation_error": null,
  "iou": 0.757476332404806,
  "precision": 0.7641210973705717,
  "recall": 0.98865012725966,
  "f1_score": 0.8620045896937608,
  "positioning_error_m": 2.3366013053738275,
  "worker_first_iou": 0.757476332404806,
  "worker_first_metrics": {
    "valid_ground_truth": true,
    "valid_prediction": true,
    "validation_error": null,
    "iou": 0.757476332404806,
    "precision": 0.7641210973705717,
    "recall": 0.98865012725966,
    "f1_score": 0.8620045896937608,
    "positioning_error_m": 2.3366013053738275
  }
}