{
  "sl_no": 228,
  "match_info": {
    "center": "live_locate:postcode:BH20 5LH",
    "zoom": 19,
    "rotation": 0,
    "n_inliers": 83,
    "score": 31.95,
    "scale_factor": 0.838,
    "avg_scale": 0.9982,
    "window": [
      1862,
      1064
    ],
    "center_latlon": [
      50.61695169479394,
      -2.062406582500529
    ],
    "anchor_latlon": [
      50.616281,
      -2.062945
    ],
    "_inlier_pts_map": [
      [
        544.1071428571429,
        1077.45
      ],
      [
        568.8392857142858,
        1077.45
      ],
      [
        593.5714285714286,
        1077.45
      ],
      [
        272.05357142857144,
        1101.9375
      ],
      [
        395.7142857142857,
        1101.9375
      ],
      [
        544.1071428571429,
        1101.9375
      ],
      [
        272.05357142857144,
        1126.425
      ],
      [
        346.25,
        1126.425
      ],
      [
        370.9821428571429,
        1126.425
      ],
      [
        395.7142857142857,
        1126.425
      ],
      [
        593.5714285714286,
        1126.425
      ],
      [
        272.05357142857144,
        1150.9125000000001
      ],
      [
        296.7857142857143,
        1150.9125000000001
      ],
      [
        346.25,
        1150.9125000000001
      ],
      [
        370.9821428571429,
        1150.9125000000001
      ],
      [
        395.7142857142857,
        1150.9125000000001
      ],
      [
        915.0892857142858,
        1175.4
      ],
      [
        915.0892857142858,
        1199.8875
      ],
      [
        840.8928571428571,
        1224.375
      ],
      [
        915.0892857142858,
        1224.375
      ],
      [
        791.4285714285714,
        1248.8625
      ],
      [
        816.1607142857143,
        1248.8625
      ],
      [
        840.8928571428571,
        1248.8625
      ],
      [
        865.625,
        1248.8625
      ],
      [
        890.3571428571429,
        1248.8625
      ],
      [
        618.3035714285714,
        1273.3500000000001
      ],
      [
        791.4285714285714,
        1273.3500000000001
      ],
      [
        816.1607142857143,
        1273.3500000000001
      ],
      [
        840.8928571428571,
        1273.3500000000001
      ],
      [
        865.625,
        1273.3500000000001
      ],
      [
        816.1607142857143,
        1297.8375
      ],
      [
        840.8928571428571,
        1297.8375
      ],
      [
        865.625,
        1297.8375
      ],
      [
        890.3571428571429,
        1297.8375
      ],
      [
        717.2321428571429,
        1322.325
      ],
      [
        741.9642857142858,
        1322.325
      ],
      [
        791.4285714285714,
        1322.325
      ],
      [
        816.1607142857143,
        1322.325
      ],
      [
        840.8928571428571,
        1322.325
      ],
      [
        865.625,
        1322.325
      ],
      [
        519.375,
        1346.8125
      ],
      [
        692.5,
        1346.8125
      ],
      [
        717.2321428571429,
        1346.8125
      ],
      [
        741.9642857142858,
        1346.8125
      ],
      [
        766.6964285714286,
        1346.8125
      ],
      [
        791.4285714285714,
        1346.8125
      ],
      [
        816.1607142857143,
        1346.8125
      ],
      [
        840.8928571428571,
        1346.8125
      ],
      [
        865.625,
        1346.8125
      ],
      [
        915.0892857142858,
        1346.8125
      ],
      [
        519.375,
        1371.3
      ],
      [
        667.7678571428571,
        1371.3
      ],
      [
        692.5,
        1371.3
      ],
      [
        717.2321428571429,
        1371.3
      ],
      [
        741.9642857142858,
        1371.3
      ],
      [
        766.6964285714286,
        1371.3
      ],
      [
        791.4285714285714,
        1371.3
      ],
      [
        816.1607142857143,
        1371.3
      ],
      [
        865.625,
        1371.3
      ],
      [
        890.3571428571429,
        1371.3
      ],
      [
        519.375,
        1395.7875000000001
      ],
      [
        667.7678571428571,
        1395.7875000000001
      ],
      [
        692.5,
        1395.7875000000001
      ],
      [
        717.2321428571429,
        1395.7875000000001
      ],
      [
        741.9642857142858,
        1395.7875000000001
      ],
      [
        766.6964285714286,
        1395.7875000000001
      ],
      [
        791.4285714285714,
        1395.7875000000001
      ],
      [
        816.1607142857143,
        1395.7875000000001
      ],
      [
        890.3571428571429,
        1395.7875000000001
      ],
      [
        915.0892857142858,
        1395.7875000000001
      ],
      [
        692.5,
        1420.275
      ],
      [
        692.5,
        1444.7625
      ],
      [
        865.625,
        1444.7625
      ],
      [
        890.3571428571429,
        1444.7625
      ],
      [
        197.85714285714286,
        1493.7375
      ],
      [
        197.85714285714286,
        1518.2250000000001
      ],
      [
        247.32142857142858,
        1518.2250000000001
      ],
      [
        296.7857142857143,
        1518.2250000000001
      ],
      [
        247.32142857142858,
        1542.7125
      ],
      [
        272.05357142857144,
        1542.7125
      ],
      [
        296.7857142857143,
        1542.7125
      ],
      [
        321.51785714285717,
        1542.7125
      ],
      [
        321.51785714285717,
        1567.2
      ]
    ],
    "_rot_map_shape": [
      1959,
      1385
    ]
  },
  "processing_time": 227.57491898536682,
  "agent_accepted": true,
  "agent_reason": "[accepted] The site was located at 1-3 The Lane, Kingston, Dorset, adjacent to the Scott Arms (PH). The first attempt near the village center provided a weak match (14 inl",
  "agent_stats": {
    "position_calls": 1,
    "pdf_info": {
      "site_address": "1-3 THE LANE, KINGSTON, CORFE CASTLE, DORSET",
      "postcodes": [],
      "grid_refs": [],
      "scale": null,
      "map_pages": [
        2
      ],
      "map_page_details": [
        {
          "page": 2,
          "category": "match",
          "area_group": 0,
          "boundary_clarity": "clear",
          "detail_level": "close",
          "caption": "Site plan showing red boundary around 1-3 The Lane, Kingston, Corfe Castle."
        }
      ],
      "road_names": [
        "The Lane",
        "West Street"
      ],
      "place_names": [
        "Kingston",
        "Corfe Castle",
        "Scott Arms (PH)",
        "Spinney Hill",
        "Woodside",
        "The School House",
        "Farters"
      ],
      "is_district_wide": false,
      "district_name": null,
      "house_number_road_pairs": [
        "1-3 The Lane"
      ],
      "parish_names": [
        "Corfe Castle"
      ],
      "admin_region": "Purbeck",
      "likely_town_or_city": "Kingston",
      "visible_map_labels": [
        "THE LANE",
        "WEST STREET",
        "Scott Arms (PH)",
        "Kingston",
        "Spinney Hill",
        "Woodside",
        "The School House",
        "Farters",
        "Tanks",
        "TCB",
        "GP",
        "Shelter"
      ],
      "adjacency_hints": [
        "Scott Arms (PH)",
        "The Lane"
      ]
    },
    "reader_request_tokens": 4480,
    "reader_response_tokens": 325,
    "outcome_status": "accepted",
    "outcome_reasoning": "The site was located at 1-3 The Lane, Kingston, Dorset, adjacent to the Scott Arms (PH). The first attempt near the village center provided a weak match (14 inliers), but a more precise anchor on the Scott Arms (postcode BH20 5LH) yielded a strong match with 83 inliers, perfect road name agreement (The Lane, West Street), and excellent scale consistency (0.996). This confirms the location and boundary extraction are accurate.",
    "rotation_checked": false,
    "tool_calls": {
      "propose_centers": 2,
      "match_at": 2,