{
  "sl_no": 56,
  "match_info": {
    "center": "live_locate:intersect:King's Road x Old Church Stree",
    "zoom": 19,
    "rotation": 0,
    "n_inliers": 54,
    "score": 19.99,
    "scale_factor": 0.854,
    "avg_scale": 1.0047,
    "window": [
      1841,
      1315
    ],
    "center_latlon": [
      51.48681638361106,
      -0.1725120170526111
    ],
    "anchor_latlon": [
      51.4863,
      -0.1728
    ],
    "_inlier_pts_map": [
      [
        1184.232142857143,
        598.8
      ],
      [
        1209.4285714285716,
        598.8
      ],
      [
        1184.232142857143,
        623.75
      ],
      [
        1209.4285714285716,
        623.75
      ],
      [
        1234.625,
        623.75
      ],
      [
        1184.232142857143,
        648.6999999999999
      ],
      [
        1209.4285714285716,
        648.6999999999999
      ],
      [
        1234.625,
        648.6999999999999
      ],
      [
        1209.4285714285716,
        673.65
      ],
      [
        1234.625,
        673.65
      ],
      [
        1310.2142857142858,
        673.65
      ],
      [
        1310.2142857142858,
        698.6
      ],
      [
        1335.4107142857144,
        698.6
      ],
      [
        1259.8214285714287,
        723.55
      ],
      [
        1285.017857142857,
        723.55
      ],
      [
        1310.2142857142858,
        723.55
      ],
      [
        1335.4107142857144,
        723.55
      ],
      [
        428.3392857142857,
        748.5
      ],
      [
        1259.8214285714287,
        748.5
      ],
      [
        1285.017857142857,
        748.5
      ],
      [
        1310.2142857142858,
        748.5
      ],
      [
        1335.4107142857144,
        748.5
      ],
      [
        1234.625,
        773.4499999999999
      ],
      [
        1259.8214285714287,
        773.4499999999999
      ],
      [
        1335.4107142857144,
        773.4499999999999
      ],
      [
        1259.8214285714287,
        798.4
      ],
      [
        1285.017857142857,
        798.4
      ],
      [
        1335.4107142857144,
        798.4
      ],
      [
        1083.4464285714287,
        823.35
      ],
      [
        1310.2142857142858,
        823.35
      ],
      [
        982.6607142857143,
        848.3
      ],
      [
        1007.8571428571429,
        848.3
      ],
      [
        1058.25,
        848.3
      ],
      [
        1083.4464285714287,
        848.3
      ],
      [
        982.6607142857143,
        873.25
      ],
      [
        1058.25,
        873.25
      ],
      [
        1083.4464285714287,
        873.25
      ],
      [
        982.6607142857143,
        898.1999999999999
      ],
      [
        1007.8571428571429,
        898.1999999999999
      ],
      [
        1033.0535714285716,
        898.1999999999999
      ],
      [
        1058.25,
        898.1999999999999
      ],
      [
        1083.4464285714287,
        898.1999999999999
      ],
      [
        1108.642857142857,
        898.1999999999999
      ],
      [
        1133.8392857142858,
        898.1999999999999
      ],
      [
        1007.8571428571429,
        923.15
      ],
      [
        1033.0535714285716,
        923.15
      ],
      [
        1058.25,
        923.15
      ],
      [
        1083.4464285714287,
        923.15
      ],
      [
        1133.8392857142858,
        923.15
      ],
      [
        1159.0357142857144,
        923.15
      ],
      [
        1007.8571428571429,
        948.1
      ],
      [
        1033.0535714285716,
        948.1
      ],
      [
        1058.25,
        948.1
      ],
      [
        856.6785714285714,
        1172.6499999999999
      ]
    ],
    "_rot_map_shape": [
      1996,
      1411
    ]
  },
  "processing_time": 375.09752202033997,
  "agent_accepted": true,
  "agent_reason": "[accepted] The document is an Article 4 Direction for 4-39 Carlyle Square, London SW3. Page 6 contains a clear site plan with the properties hatched in black on an OS back",
  "agent_stats": {
    "position_calls": 1,
    "pdf_info": {
      "site_address": "4-39 Carlyle Square, London SW3",
      "postcodes": [
        "SW3 6EX",
        "SW3 6BH",
        "SW3 6AS",
        "SW3 6EB"
      ],
      "grid_refs": [],
      "scale": null,
      "map_pages": [
        6
      ],
      "map_page_details": [
        {
          "page": 1,
          "category": "discard",
          "area_group": -1,
          "boundary_clarity": "none",
          "detail_level": "wide",
          "caption": "Cover page for Article IV Direction Number 58"
        },
        {
          "page": 2,
          "category": "discard",
          "area_group": -1,
          "boundary_clarity": "none",
          "detail_level": "wide",
          "caption": "Memorandum regarding Carlyle Square SW3 Article 4 Direction"
        },
        {
          "page": 3,
          "category": "discard",
          "area_group": -1,
          "boundary_clarity": "none",
          "detail_level": "wide",
          "caption": "Article 4 (1) Direction text and Schedule 1 details"
        },
        {
          "page": 4,
          "category": "discard",
          "area_group": -1,
          "boundary_clarity": "none",
          "detail_level": "wide",
          "caption": "Schedule 2 listing properties 4-39 Carlyle Square SW3 and signatures"
        },
        {
          "page": 5,
          "category": "discard",
          "area_group": -1,
          "boundary_clarity": "none",
          "detail_level": "wide",
          "caption": "Direction under Article 4(1) with property list and solicitor details"
        },
        {
          "page": 6,
          "category": "match",
          "area_group": 0,
          "boundary_clarity": "clear",
          "detail_level": "close",
          "caption": "Site plan showing 4-39 Carlyle Square hatched in black on OS background"
        }
      ],
      "road_names": [
        "Carlyle Square",
        "Manresa Road",
        "King's Road",
        "Old Church Street",
        "Bramerton Street"
      ],
      "place_names": [
        "Carlyle Square",
        "Chelsea College of Science & Technology",
        "Chelsea School of Art",
        "Manresa Road",
        "King's Road",
        "Old Church Street",
        "Essoldo Cinema"
      ],
      "is_district_wide": false,
      "district_name": null,
      "house_number_road_pairs": [],
      "parish_names": [],
      "admin_region": null,
      "likely_town_or_city": null,
      "visible_map_labels": [
        "CARLYLE SQUARE",
        "MANRESA ROAD",
        "KING'S ROAD",
        "OLD CHURCH STREET",
        "Chelsea College of Science & Technology",
        "Chelsea School of Art",
        "Essoldo Cinema",
        "College House",
        "Lightfoot Hall"
      ],
      "adjacency_hints": []
    },
    "outcome_status": "accepted",
    "outcome_reasoning": "The document is an Article 4 Direction for 4-39 Carlyle Square, London SW3. Page 6 contains a clear site plan with the properties hatched in black on an OS background. I identified the location using the intersection of King's Road and Old Church Street. The match at this location yielded 54 inliers with excellent scale consistency (0.99) and perfect road name agreement (1.0), confirming the correct positioning. The resulting polygons cover the residential properties around Carlyle Square as indicated on the map.",
    "rotation_checked": false,
    "tool_calls": {
      "submit_pdf_info": 1,
      "propose_centers": 3,
      "match_at": 3,
      "commit_match": 1,
      "final_result": 1
    },
    "total_tool_calls": 9,
    "n_turns": 19,
    "validator_retries": 0,
    "worker_request_tokens": 83135,
    "worker_response_tokens": 1053,
    "request_tokens": 83135,
    "response_tokens": 1053,
    "total_tokens": 84188
  },
  "valid_ground_truth": true,
  "valid_prediction": true,
  "validation_error": null,
  "iou": 0.87599103472087,