{
  "sl_no": 58,
  "match_info": {
    "center": "live_locate:place:Chelsea Park Gardens",
    "zoom": 18,
    "rotation": 0,
    "n_inliers": 205,
    "score": 87.14,
    "scale_factor": 0.427,
    "avg_scale": 0.981,
    "window": [
      1326,
      1105
    ],
    "center_latlon": [
      51.4857512416217,
      -0.176942310136468
    ],
    "anchor_latlon": [
      51.4852106993764,
      -0.177791330029043
    ],
    "_inlier_pts_map": [
      [
        415.44642857142856,
        149.7
      ],
      [
        428.0357142857143,
        149.7
      ],
      [
        440.625,
        224.54999999999998
      ],
      [
        453.21428571428567,
        224.54999999999998
      ],
      [
        440.625,
        237.025
      ],
      [
        339.9107142857143,
        299.4
      ],
      [
        314.73214285714283,
        311.875
      ],
      [
        302.1428571428571,
        324.34999999999997
      ],
      [
        276.9642857142857,
        336.825
      ],
      [
        289.5535714285714,
        336.825
      ],
      [
        302.1428571428571,
        336.825
      ],
      [
        314.73214285714283,
        336.825
      ],
      [
        276.9642857142857,
        349.3
      ],
      [
        289.5535714285714,
        349.3
      ],
      [
        314.73214285714283,
        349.3
      ],
      [
        289.5535714285714,
        361.775
      ],
      [
        302.1428571428571,
        361.775
      ],
      [
        289.5535714285714,
        424.15
      ],
      [
        591.6964285714286,
        424.15
      ],
      [
        289.5535714285714,
        436.625
      ],
      [
        339.9107142857143,
        436.625
      ],
      [
        289.5535714285714,
        449.09999999999997
      ],
      [
        302.1428571428571,
        449.09999999999997
      ],
      [
        314.73214285714283,
        449.09999999999997
      ],
      [
        327.32142857142856,
        449.09999999999997
      ],
      [
        604.2857142857142,
        449.09999999999997
      ],
      [
        302.1428571428571,
        461.575
      ],
      [
        314.73214285714283,
        461.575
      ],
      [
        327.32142857142856,
        461.575
      ],
      [
        352.5,
        461.575
      ],
      [
        365.08928571428567,
        461.575
      ],
      [
        377.6785714285714,
        461.575
      ],
      [
        390.2678571428571,
        461.575
      ],
      [
        591.6964285714286,
        461.575
      ],
      [
        289.5535714285714,
        474.05
      ],
      [
        302.1428571428571,
        474.05
      ],
      [
        314.73214285714283,
        474.05
      ],
      [
        352.5,
        474.05
      ],
      [
        365.08928571428567,
        474.05
      ],
      [
        377.6785714285714,
        474.05
      ],
      [
        390.2678571428571,
        474.05
      ],
      [
        276.9642857142857,
        486.525
      ],
      [
        302.1428571428571,
        486.525
      ],
      [
        327.32142857142856,
        486.525
      ],
      [
        352.5,
        486.525
      ],
      [
        365.08928571428567,
        486.525
      ],
      [
        377.6785714285714,
        486.525
      ],
      [
        390.2678571428571,
        486.525
      ],
      [
        327.32142857142856,
        499.0
      ],
      [
        365.08928571428567,
        511.47499999999997
      ],
      [
        377.6785714285714,
        536.425
      ],
      [
        327.32142857142856,
        548.9
      ],
      [
        377.6785714285714,
        573.85
      ],
      [
        390.2678571428571,
        573.85
      ],
      [
        352.5,
        586.3249999999999
      ],
      [
        377.6785714285714,
        586.3249999999999
      ],
      [
        390.2678571428571,
        586.3249999999999
      ],
      [
        339.9107142857143,
        598.8
      ],
      [
        352.5,
        598.8
      ],
      [
        365.08928571428567,
        598.8
      ],
      [
        390.2678571428571,
        598.8
      ],
      [
        314.73214285714283,
        611.275
      ],
      [
        327.32142857142856,
        611.275
      ],
      [
        339.9107142857143,
        611.275
      ],
      [
        352.5,
        611.275
      ],
      [
        377.6785714285714,
        611.275
      ],
      [
        390.2678571428571,
        611.275
      ],
      [
        327.32142857142856,
        623.75
      ],
      [
        339.9107142857143,
        623.75
      ],
      [
        352.5,
        623.75
      ],
      [
        314.73214285714283,
        636.225
      ],
      [
        339.9107142857143,
        636.225
      ],
      [
        352.5,
        636.225
      ],
      [
        377.6785714285714,
        636.225
      ],
      [
        390.2678571428571,
        636.225
      ],
      [
        402.85714285714283,
        636.225
      ],
      [
        415.44642857142856,
        636.225
      ],
      [
        239.19642857142856,
        648.6999999999999
      ],
      [
        251.78571428571428,
        648.6999999999999
      ],
      [
        264.375,
        648.6999999999999
      ],
      [
        339.9107142857143,
        648.6999999999999
      ],
      [
        352.5,
        648.6999999999999
      ],
      [
        365.08928571428567,
        648.6999999999999
      ],
      [
        390.2678571428571,
        648.6999999999999
      ],
      [
        402.85714285714283,
        648.6999999999999
      ],
      [
        415.44642857142856,
        648.6999999999999
      ],
      [
        226.60714285714283,
        661.175
      ],
      [
        239.19642857142856,
        661.175
      ],
      [
        251.78571428571428,
        661.175
      ],
      [
        352.5,
        661.175
      ],
      [
        365.08928571428567,
        661.175
      ],
      [
        390.2678571428571,
        661.175
      ],
      [
        415.44642857142856,
        661.175
      ],
      [
        428.0357142857143,
        661.175
      ],
      [
        503.57142857142856,
        661.175
      ],
      [
        516.1607142857142,
        661.175
      ],
      [
        226.60714285714283,
        673.65
      ],
      [
        264.375,
        673.65
      ],
      [
        276.9642857142857,
        673.65
      ],
      [
        352.5,
        673.65
      ],
      [
        365.08928571428567,
        673.65
      ],
      [
        377.6785714285714,
        673.65
      ],
      [
        390.2678571428571,
        673.65
      ],
      [
        402.85714285714283,
        673.65
      ],
      [
        415.44642857142856,
        673.65
      ],
      [
        516.1607142857142,
        673.65
      ],
      [
        251.78571428571428,
        686.125
      ],
      [
        264.375,
        686.125
      ],
      [
        289.5535714285714,
        686.125
      ],
      [
        314.73214285714283,
        686.125
      ],
      [
        327.32142857142856,
        686.125
      ],
      [
        339.9107142857143,
        686.125
      ],
      [
        352.5,
        686.125
      ],
      [
        365.08928571428567,
        686.125
      ],
      [
        377.6785714285714,
        686.125
      ],
      [
        390.2678571428571,
        686.125
      ],
      [
        402.85714285714283,
        686.125
      ],
      [
        415.44642857142856,
        686.125
      ],
      [
        478.3928571428571,
        686.125
      ],
      [
        490.98214285714283,
        686.125
      ],
      [
        516.1607142857142,
        686.125
      ],
      [
        528.75,
        686.125
      ],
      [
        239.19642857142856,
        698.6
      ],
      [
        251.78571428571428,
        698.6
      ],
      [
        264.375,
        698.6
      ],
      [
        289.5535714285714,
        698.6
