{
  "sl_no": 207,
  "match_info": {
    "center": "live_locate:intersect:Lower Luton Road x Marquis Lan",
    "zoom": 18,
    "rotation": 0,
    "n_inliers": 147,
    "score": 74.37,
    "scale_factor": 0.989,
    "avg_scale": 0.8464,
    "window": [
      1630,
      1304
    ],
    "center_latlon": [
      51.818992146628,
      -0.3307836788387988
    ],
    "anchor_latlon": [
      51.820278,
      -0.335314
    ],
    "_inlier_pts_map": [
      [
        172.82142857142856,
        543.4
      ],
      [
        201.625,
        543.4
      ],
      [
        172.82142857142856,
        572.0
      ],
      [
        201.625,
        572.0
      ],
      [
        230.42857142857142,
        572.0
      ],
      [
        201.625,
        600.6
      ],
      [
        374.44642857142856,
        686.4000000000001
      ],
      [
        230.42857142857142,
        715.0
      ],
      [
        374.44642857142856,
        715.0
      ],
      [
        403.25,
        715.0
      ],
      [
        374.44642857142856,
        743.6
      ],
      [
        403.25,
        743.6
      ],
      [
        432.0535714285714,
        743.6
      ],
      [
        403.25,
        772.2
      ],
      [
        432.0535714285714,
        772.2
      ],
      [
        403.25,
        829.4000000000001
      ],
      [
        432.0535714285714,
        829.4000000000001
      ],
      [
        460.85714285714283,
        829.4000000000001
      ],
      [
        403.25,
        858.0
      ],
      [
        432.0535714285714,
        858.0
      ],
      [
        460.85714285714283,
        858.0
      ],
      [
        547.2678571428571,
        858.0
      ],
      [
        604.875,
        858.0
      ],
      [
        460.85714285714283,
        886.6
      ],
      [
        547.2678571428571,
        886.6
      ],
      [
        547.2678571428571,
        915.2
      ],
      [
        576.0714285714286,
        943.8000000000001
      ],
      [
        518.4642857142857,
        972.4000000000001
      ],
      [
        489.6607142857143,
        1001.0
      ],
      [
        518.4642857142857,
        1001.0
      ],
      [
        604.875,
        1001.0
      ],
      [
        691.2857142857142,
        1001.0
      ],
      [
        489.6607142857143,
        1029.6000000000001
      ],
      [
        633.6785714285714,
        1029.6000000000001
      ],
      [
        662.4821428571428,
        1029.6000000000001
      ],
      [
        691.2857142857142,
        1029.6000000000001
      ],
      [
        460.85714285714283,
        1058.2
      ],
      [
        489.6607142857143,
        1058.2
      ],
      [
        518.4642857142857,
        1058.2
      ],
      [
        662.4821428571428,
        1058.2
      ],
      [
        691.2857142857142,
        1058.2
      ],
      [
        460.85714285714283,
        1086.8
      ],
      [
        489.6607142857143,
        1086.8
      ],
      [
        518.4642857142857,
        1086.8
      ],
      [
        662.4821428571428,
        1115.4
      ],
      [
        691.2857142857142,
        1115.4
      ],
      [
        720.0892857142857,
        1115.4
      ],
      [
        806.5,
        1115.4
      ],
      [
        835.3035714285713,
        1115.4
      ],
      [
        864.1071428571428,
        1115.4
      ],
      [
        1440.1785714285713,
        1115.4
      ],
      [
        662.4821428571428,
        1144.0
      ],
      [
        720.0892857142857,
        1144.0
      ],
      [
        748.8928571428571,
        1144.0
      ],
      [
        835.3035714285713,
        1144.0
      ],
      [
        864.1071428571428,
        1144.0
      ],
      [
        892.9107142857142,
        1144.0
      ],
      [
        921.7142857142857,
        1144.0
      ],
      [
        518.4642857142857,
        1172.6000000000001
      ],
      [
        576.0714285714286,
        1172.6000000000001
      ],
      [
        748.8928571428571,
        1172.6000000000001
      ],
      [
        835.3035714285713,
        1172.6000000000001
      ],
      [
        864.1071428571428,
        1172.6000000000001
      ],
      [
        892.9107142857142,
        1172.6000000000001
      ],
      [
        921.7142857142857,
        1172.6000000000001
      ],
      [
        950.5178571428571,
        1172.6000000000001
      ],
      [
        1411.375,
        1172.6000000000001
      ],
      [
        1440.1785714285713,
        1172.6000000000001
      ],
      [
        1267.357142857143,
        1201.2
      ],
      [
        1296.1607142857142,
        1201.2
      ],
      [
        1324.9642857142856,
        1201.2
      ],
      [
        1353.767857142857,
        1201.2
      ],
      [
        1440.1785714285713,
        1201.2
      ],
      [
        1468.982142857143,
        1201.2
      ],
      [
        892.9107142857142,
        1229.8
      ],
      [
        921.7142857142857,
        1229.8
      ],
      [
        950.5178571428571,
        1229.8
      ],
      [
        1036.9285714285713,
        1229.8
      ],
      [
        1065.732142857143,
        1229.8
      ],
      [
        1180.9464285714284,
        1229.8
      ],
      [
        1238.5535714285713,
        1229.8
      ],
      [
        1267.357142857143,
        1229.8
      ],
      [
        1296.1607142857142,
        1229.8
      ],
      [
        1324.9642857142856,
        1229.8
      ],
      [
        1353.767857142857,
        1229.8
      ],
      [
        1382.5714285714284,
        1229.8
      ],
      [
        1468.982142857143,
        1229.8
      ],
      [
        892.9107142857142,
        1258.4
      ],
      [
        921.7142857142857,
        1258.4
      ],
      [
        950.5178571428571,
        1258.4
      ],
      [
        979.3214285714286,
        1258.4
      ],
      [
        1036.9285714285713,
        1258.4
      ],
      [
        1065.732142857143,
        1258.4
      ],
      [
        1180.9464285714284,
        1258.4
      ],
      [
        1440.1785714285713,
        1258.4
      ],
      [
        921.7142857142857,
        1287.0
      ],
      [
        950.5178571428571,
        1287.0
      ],
      [
        979.3214285714286,
        1287.0
      ],
      [
        1065.732142857143,
        1287.0
      ],
      [
        1094.5357142857142,
        1287.0
      ],
      [
        1238.5535714285713,
        1287.0
      ],
      [
        1267.357142857143,
        1287.0
      ],
      [
        1296.1607142857142,
        1287.0
      ],
      [
        1324.9642857142856,
        1287.0
      ],
      [
        1353.767857142857,
        1287.0
      ],
      [
        1382.5714285714284,
        1287.0
      ],
      [
        1440.1785714285713,
        1287.0
      ],
      [
        1468.982142857143,
        1287.0
      ],
      [
        892.9107142857142,
        1315.6000000000001
      ],
      [
        921.7142857142857,
        1315.6000000000001
      ],
      [
        950.5178571428571,
        1315.6000000000001
      ],
      [
        979.3214285714286,
        1315.6000000000001
      ],
      [
        1008.125,
        1315.6000000000001
      ],
      [
        1065.732142857143,
        1315.6000000000001
      ],
      [
        1180.9464285714284,
        1315.6000000000001
      ],
      [
        1238.5535714285713,
        1315.6000000000001
      ],
      [
        1267.357142857143,
        1315.6000000000001
      ],
      [
        1296.1607142857142,
        1315.6000000000001
      ],
      [
        1324.9642857142856,
        1315.6000000000001
      ],
      [
        1353.767857142857,
        1315.6000000000001
      ],
      [
        1382.5714285714284,
        1315.6000000000001
      ],
      [
        1440.1785714285713,
        1315.6000000000001
      ],
      [
        1468.982142857143,
        1315.6000000000001
      ],
